fixed acidity,volatile acidity,citric acid,residual sugar,chlorides,free sulfur dioxide,total sulfur dioxide,density,pH,sulphates,alcohol,quality
0.5499999999999998,0.4691358024691358,0.5624999999999999,0.9305555555555555,0.5357142857142857,0.5477707006369427,0.6377118644067796,0.8928887103254297,0.2565789473684217,0.4259259259259258,0.12903225806451624,0.5
0.3749999999999998,0.5432098765432098,0.5208333333333333,0.046296296296296294,0.6071428571428571,0.15286624203821658,0.47669491525423724,0.44290879871434896,0.6513157894736845,0.4999999999999999,0.24193548387096775,0.5
0.8249999999999997,0.49382716049382724,0.6458333333333333,0.29166666666666663,0.625,0.356687898089172,0.3283898305084746,0.5136199276818019,0.5986842105263164,0.40740740740740733,0.33870967741935476,0.5
0.5999999999999999,0.37037037037037035,0.47916666666666663,0.3657407407407407,0.7678571428571428,0.5732484076433121,0.7055084745762712,0.5457613499397453,0.5065789473684217,0.33333333333333326,0.306451612903226,0.5
0.34999999999999987,0.5925925925925926,0.1458333333333333,0.2962962962962963,0.5357142857142857,0.356687898089172,0.4936440677966102,0.5007633587786344,0.4934210526315792,0.4629629629629628,0.25806451612903225,0.5
0.8249999999999997,0.345679012345679,0.7083333333333331,0.04166666666666667,0.5178571428571428,0.3312101910828026,0.4639830508474576,0.4300522298111744,0.5460526315789482,0.4259259259259258,0.4838709677419355,0.5
0.8249999999999997,0.4691358024691358,0.6666666666666665,0.039351851851851846,0.3214285714285715,0.11464968152866242,0.1843220338983051,0.2372036962635633,0.24342105263157965,0.6296296296296297,0.6451612903225807,0.33333333333333326
0.9499999999999997,0.37037037037037035,0.6458333333333333,0.16666666666666669,0.3571428571428572,0.1910828025477707,0.3792372881355932,0.4879067898754599,0.44078947368421106,0.574074074074074,0.27419354838709675,0.33333333333333326
0.7749999999999999,0.24691358024691357,0.5833333333333333,0.027777777777777776,0.4464285714285715,0.178343949044586,0.2351694915254237,0.3143431096826035,0.4934210526315792,0.759259259259259,0.4516129032258067,0.33333333333333326
0.44999999999999973,0.19753086419753085,0.6458333333333333,0.04166666666666667,0.5178571428571428,0.5859872611464969,0.5233050847457628,0.2629168340699053,0.9671052631578951,0.5555555555555555,0.709677419354839,0.6666666666666665
0.875,0.8395061728395061,1.0,0.8634259259259258,0.4464285714285715,0.4968152866242038,0.646186440677966,0.8414624347127457,0.23026315789473717,0.8333333333333331,0.27419354838709675,0.33333333333333326
0.44999999999999973,0.22222222222222227,0.6041666666666665,0.04166666666666667,0.3035714285714286,0.3312101910828026,0.3919491525423729,0.27577340297307984,0.5855263157894739,0.611111111111111,0.5483870967741937,0.6666666666666665
0.3749999999999998,0.9876543209876543,0.0,0.023148148148148154,0.5535714285714285,0.356687898089172,0.336864406779661,0.3657693852953017,0.5723684210526323,0.2592592592592592,0.25806451612903225,0.5
0.34999999999999987,1.0,0.8124999999999998,0.027777777777777776,0.2500000000000001,0.3439490445859873,0.2351694915254237,0.13435114503816692,0.6907894736842111,0.31481481481481477,0.774193548387097,0.8333333333333333
0.6499999999999999,0.6419753086419754,0.6874999999999999,0.023148148148148154,0.3214285714285715,0.1910828025477707,0.6419491525423728,0.29505825632784877,0.414473684210527,0.574074074074074,0.5322580645161292,0.5
0.4249999999999998,0.5679012345679012,0.1041666666666666,0.3194444444444444,0.5178571428571428,0.40764331210191085,0.48093220338983056,0.5393330654881581,0.5460526315789482,0.5185185185185184,0.24193548387096775,0.33333333333333326
0.3999999999999999,0.5679012345679012,0.6041666666666665,0.10648148148148147,0.4107142857142857,0.21656050955414013,0.3495762711864407,0.2629168340699053,0.4802631578947376,0.2407407407407406,0.4838709677419355,0.6666666666666665
0.4999999999999998,0.4444444444444444,0.6874999999999999,0.050925925925925916,0.6071428571428571,0.4968152866242038,0.43432203389830504,0.3786259541984762,0.8750000000000004,0.4814814814814813,0.403225806451613,0.8333333333333333
0.6999999999999997,1.0,0.1041666666666666,0.04166666666666667,1.0,0.29299363057324845,0.6292372881355932,0.42362394535958714,0.3223684210526314,0.5370370370370369,0.20967741935483875,0.33333333333333326
0.44999999999999973,0.4691358024691358,0.6666666666666665,0.032407407407407406,0.6607142857142856,0.178343949044586,0.5190677966101694,0.5136199276818019,0.8092105263157898,0.4629629629629628,0.3225806451612905,0.5
0.5499999999999998,0.41975308641975306,0.47916666666666663,0.38888888888888884,0.5535714285714285,0.6878980891719746,0.9555084745762711,0.5393330654881581,0.5855263157894739,0.5185185185185184,0.3870967741935485,0.5
0.5249999999999999,0.3950617283950617,0.5416666666666665,0.018518518518518517,0.6607142857142856,0.42038216560509556,0.5360169491525424,0.3786259541984762,0.8486842105263164,0.40740740740740733,0.3225806451612905,0.5
0.5499999999999998,0.49382716049382724,0.6249999999999999,0.37499999999999994,0.6428571428571428,0.3821656050955414,0.5148305084745762,0.5779027721976817,0.7565789473684217,0.574074074074074,0.403225806451613,0.5
0.6499999999999999,0.4691358024691358,0.8124999999999998,0.023148148148148154,0.5714285714285714,0.1910828025477707,0.47669491525423724,0.27577340297307984,0.5065789473684217,0.4999999999999999,0.5806451612903225,0.5
0.5999999999999999,0.5925925925925926,0.5624999999999999,0.06481481481481481,0.3214285714285715,0.445859872611465,0.4004237288135593,0.22434712736038875,0.3881578947368429,0.9074074074074071,0.6935483870967745,0.6666666666666665
0.9249999999999998,0.3950617283950617,0.6249999999999999,0.45370370370370366,0.5178571428571428,0.22929936305732485,0.5190677966101694,0.6614704700683021,0.5197368421052642,0.574074074074074,0.3225806451612905,0.5
0.875,0.1481481481481482,0.5208333333333333,0.023148148148148154,0.4821428571428572,0.06369426751592358,0.11652542372881355,0.4043390920048253,0.8750000000000004,0.33333333333333326,0.35483870967741926,0.5
0.6499999999999999,0.41975308641975306,0.5624999999999999,0.06712962962962962,0.625,0.3694267515923567,0.3411016949152542,0.3143431096826035,0.5065789473684217,0.40740740740740733,0.4516129032258067,0.5
0.34999999999999987,0.09876543209876543,0.5208333333333333,0.04166666666666667,0.5357142857142857,0.5222929936305732,0.413135593220339,0.4364805142627617,0.8092105263157898,0.5370370370370369,0.16129032258064524,0.5
0.25,0.4691358024691358,0.2291666666666666,0.6643518518518517,0.5178571428571428,0.25477707006369427,0.6758474576271186,0.5843310566492548,0.7434210526315792,0.2777777777777777,0.35483870967741926,0.33333333333333326
0.6249999999999998,0.49382716049382724,0.7083333333333331,0.050925925925925916,1.0,0.24203821656050956,0.43855932203389825,0.21791884290880148,0.5065789473684217,0.37037037037037024,0.774193548387097,0.33333333333333326
0.4249999999999998,0.7654320987654321,0.29166666666666663,0.2222222222222222,0.6428571428571428,0.29299363057324845,0.548728813559322,0.4043390920048253,0.5723684210526323,0.2407407407407406,0.3225806451612905,0.33333333333333326
0.5499999999999998,0.6172839506172839,0.47916666666666663,0.027777777777777776,0.6785714285714285,0.4585987261146497,0.5021186440677966,0.22434712736038875,0.4276315789473686,0.11111111111111116,0.5161290322580645,0.5
0.6249999999999998,0.3950617283950617,0.6249999999999999,0.8032407407407407,0.75,0.5477707006369427,0.548728813559322,0.8221775813579839,0.5328947368421058,0.2592592592592592,0.09677419354838701,0.33333333333333326
0.47499999999999987,0.37037037037037035,0.6249999999999999,0.08796296296296295,1.0,0.7770700636942676,0.586864406779661,0.42362394535958714,0.4013157894736845,0.2592592592592592,0.22580645161290325,0.5
0.47499999999999987,0.3950617283950617,0.6249999999999999,0.10648148148148147,1.0,0.7770700636942676,0.5826271186440678,0.42362394535958714,0.3881578947368429,0.2222222222222222,0.22580645161290325,0.5
0.5499999999999998,0.5679012345679012,0.35416666666666663,0.3148148148148148,0.9642857142857142,0.3312101910828026,0.5953389830508474,0.5329047810365637,0.4276315789473686,0.4444444444444443,0.2903225806451615,0.5
0.44999999999999973,0.3950617283950617,0.375,0.037037037037037035,0.75,0.39490445859872614,0.5614406779661016,0.4043390920048253,0.5460526315789482,0.6296296296296297,0.24193548387096775,0.5
0.47499999999999987,0.37037037037037035,0.35416666666666663,0.037037037037037035,0.8035714285714284,0.39490445859872614,0.5699152542372882,0.4043390920048253,0.5723684210526323,0.6296296296296297,0.24193548387096775,0.5
0.6499999999999999,0.24691358024691357,0.45833333333333326,0.037037037037037035,0.7678571428571428,0.4585987261146497,0.625,0.3850542386500635,0.46710526315789513,0.574074074074074,0.3225806451612905,0.6666666666666665
0.34999999999999987,0.9135802469135803,0.35416666666666663,0.17592592592592593,0.857142857142857,0.7770700636942676,0.7902542372881356,0.44290879871434896,0.6118421052631589,0.5555555555555555,0.2903225806451615,0.16666666666666663
0.34999999999999987,0.9382716049382716,0.33333333333333326,0.17592592592592593,0.9107142857142856,0.7643312101910829,0.7944915254237288,0.4364805142627617,0.5855263157894739,0.5555555555555555,0.2903225806451615,0.33333333333333326
0.5249999999999999,0.2716049382716049,0.5416666666666665,0.20370370370370366,0.9285714285714284,0.3821656050955414,0.5529661016949152,0.5071916432302217,0.7302631578947376,0.4814814814814813,0.2903225806451615,0.33333333333333326
0.5999999999999999,0.2716049382716049,0.45833333333333326,0.046296296296296294,0.8392857142857142,0.3694267515923567,0.6504237288135594,0.29505825632784877,0.7171052631578951,0.40740740740740733,0.596774193548387,0.5
0.44999999999999973,0.41975308641975306,0.4166666666666665,0.023148148148148154,0.9464285714285714,0.4713375796178344,0.44279661016949157,0.27577340297307984,0.7039473684210527,0.6666666666666664,0.4838709677419355,0.6666666666666665
0.34999999999999987,0.19753086419753085,0.4999999999999999,0.023148148148148154,0.75,0.24203821656050956,0.2648305084745763,0.25006026516673785,0.6776315789473686,0.4444444444444443,0.467741935483871,0.6666666666666665
0.3999999999999999,0.24691358024691357,0.5416666666666665,0.018518518518518517,0.5357142857142857,0.4713375796178344,0.375,0.2564885496183251,0.664473684210527,0.2407407407407406,0.467741935483871,0.5
0.4999999999999998,0.2962962962962963,1.0,0.013888888888888888,1.0,0.4585987261146497,0.47669491525423724,0.3786259541984762,0.3223684210526314,0.29629629629629617,0.17741935483870974,0.5
0.5249999999999999,0.41975308641975306,0.5416666666666665,0.032407407407407406,0.4285714285714286,0.3439490445859873,0.7266949152542372,0.2372036962635633,0.4276315789473686,0.5555555555555555,0.4838709677419355,0.5
0.5999999999999999,0.32098765432098764,0.5208333333333333,0.5231481481481481,0.4999999999999999,0.445859872611465,0.8199152542372882,0.5843310566492548,0.37500000000000044,0.5185185185185184,0.25806451612903225,0.5
0.2999999999999998,0.2716049382716049,0.35416666666666663,0.5462962962962963,0.5892857142857143,0.6114649681528663,0.5402542372881356,0.6486139011651275,0.6513157894736845,0.2592592592592592,0.14516129032258074,0.5
0.44999999999999973,0.7407407407407407,0.12499999999999992,0.18518518518518517,0.5178571428571428,0.29299363057324845,0.2478813559322034,0.3850542386500635,0.4013157894736845,0.29629629629629617,0.35483870967741926,0.5
0.6499999999999999,0.2962962962962963,0.5624999999999999,0.027777777777777776,0.4107142857142857,0.535031847133758,0.3877118644067797,0.35291281639213423,0.7302631578947376,0.2222222222222222,0.306451612903226,0.5
0.4999999999999998,0.345679012345679,0.3124999999999999,0.19907407407407407,1.0,0.356687898089172,0.43855932203389825,0.5136199276818019,0.29605263157894735,0.4444444444444443,0.09677419354838701,0.5
0.5499999999999998,0.9629629629629628,0.0,0.023148148148148154,0.3571428571428572,0.1910828025477707,0.5572033898305084,0.25006026516673785,0.28289473684210575,0.2222222222222222,0.403225806451613,0.33333333333333326
0.5999999999999999,0.3950617283950617,0.375,0.037037037037037035,0.4107142857142857,0.3694267515923567,0.43432203389830504,0.3593411008437215,0.45394736842105265,0.4444444444444443,0.370967741935484,0.5
0.34999999999999987,0.6666666666666666,0.0,0.027777777777777776,0.8749999999999998,0.3439490445859873,0.4258474576271186,0.4043390920048253,0.5460526315789482,0.5925925925925924,0.17741935483870974,0.33333333333333326
0.3999999999999999,0.4444444444444444,0.3124999999999999,0.2685185185185185,0.4464285714285715,0.3184713375796179,0.44279661016949157,0.20506227400562693,0.5460526315789482,0.4999999999999999,0.741935483870968,0.6666666666666665
0.47499999999999987,0.41975308641975306,0.08333333333333329,0.027777777777777776,0.4642857142857143,1.0,0.6546610169491526,0.3143431096826035,0.44078947368421106,0.37037037037037024,0.2903225806451615,0.33333333333333326
0.47499999999999987,0.37037037037037035,0.45833333333333326,0.06944444444444445,0.5535714285714285,0.356687898089172,0.3241525423728814,0.35291281639213423,0.6907894736842111,0.7777777777777776,0.435483870967742,0.8333333333333333
0.6499999999999999,0.3950617283950617,0.4166666666666665,0.43981481481481477,0.625,0.24203821656050956,0.3622881355932203,0.5843310566492548,0.4276315789473686,0.2407407407407406,0.24193548387096775,0.33333333333333326
0.34999999999999987,0.4691358024691358,0.7083333333333331,0.3333333333333333,0.7321428571428571,0.5859872611464969,0.9512711864406779,0.5457613499397453,0.3881578947368429,0.5370370370370369,0.16129032258064524,0.5
0.4999999999999998,0.5432098765432098,0.29166666666666663,0.18518518518518517,0.8214285714285714,0.6178343949044587,0.9279661016949153,0.5586179188429199,0.6776315789473686,0.7037037037037034,0.24193548387096775,0.33333333333333326
0.2999999999999998,0.4691358024691358,0.39583333333333326,0.19444444444444442,0.857142857142857,0.3694267515923567,0.7690677966101694,0.5971876255524293,0.9999999999999996,0.9074074074074071,0.3225806451612905,0.33333333333333326
0.9499999999999997,0.37037037037037035,0.7708333333333333,0.018518518518518517,0.6964285714285714,0.089171974522293,0.22245762711864409,0.44933708316593624,0.19078947368421106,0.4999999999999999,0.17741935483870974,0.5
0.5749999999999997,0.24691358024691357,0.5624999999999999,0.037037037037037035,0.4999999999999999,0.3694267515923567,0.2860169491525424,0.17292085174769056,0.5986842105263164,0.2777777777777777,0.7580645161290325,0.6666666666666665
0.5499999999999998,0.5925925925925926,0.5208333333333333,0.032407407407407406,0.4821428571428572,0.22929936305732485,0.2097457627118644,0.2629168340699053,0.664473684210527,0.7962962962962962,0.6451612903225807,0.6666666666666665
0.6499999999999999,0.24691358024691357,0.4374999999999999,0.37962962962962965,0.8749999999999998,0.30573248407643316,0.3538135593220339,0.5779027721976817,0.17763157894736858,0.6296296296296297,0.20967741935483875,0.33333333333333326
0.47499999999999987,1.0,0.39583333333333326,0.2222222222222222,0.8035714285714284,0.24203821656050956,0.3622881355932203,0.5007633587786344,0.6118421052631589,0.2777777777777777,0.16129032258064524,0.33333333333333326
0.4999999999999998,0.345679012345679,0.45833333333333326,0.037037037037037035,0.6785714285714285,0.40764331210191085,0.4004237288135593,0.37219766974688895,0.7697368421052642,0.9999999999999999,0.4193548387096775,0.5
0.5749999999999997,0.2962962962962963,0.5208333333333333,0.7129629629629629,0.625,0.624203821656051,0.6207627118644068,0.7321815990357621,0.5328947368421058,0.7037037037037034,0.19354838709677402,0.5
0.5749999999999997,0.6419753086419754,0.2291666666666666,0.2546296296296296,0.857142857142857,0.5732484076433121,0.6122881355932204,0.4814785054238726,0.4802631578947376,0.37037037037037024,0.3225806451612905,0.33333333333333326
0.6249999999999998,0.345679012345679,0.4374999999999999,0.3518518518518518,0.5714285714285714,0.5095541401273885,0.7944915254237288,0.6100441944556181,0.6907894736842111,0.4444444444444443,0.24193548387096775,0.5
0.5749999999999997,0.8641975308641974,1.0,0.5185185185185185,0.5357142857142857,0.6624203821656052,0.5741525423728814,0.6614704700683021,0.4013157894736845,0.4259259259259258,0.11290322580645151,0.33333333333333326
0.5749999999999997,0.8888888888888888,1.0,0.5185185185185185,0.5178571428571428,0.6369426751592357,0.5614406779661016,0.6678987545199035,0.414473684210527,0.4444444444444443,0.11290322580645151,0.5
0.5999999999999999,0.7654320987654321,1.0,0.4814814814814814,0.5178571428571428,0.6751592356687899,0.5783898305084746,0.6614704700683021,0.37500000000000044,0.40740740740740733,0.11290322580645151,0.5
0.4999999999999998,0.41975308641975306,0.45833333333333326,0.5879629629629629,0.625,0.8535031847133758,0.7733050847457628,0.6486139011651275,0.5460526315789482,0.4814814814814813,0.27419354838709675,0.5
0.32499999999999973,0.4691358024691358,0.7083333333333331,0.3194444444444444,0.6071428571428571,0.802547770700637,0.9470338983050847,0.5521896343913326,0.414473684210527,0.4629629629629628,0.16129032258064524,0.33333333333333326
0.5249999999999999,0.3950617283950617,0.4999999999999999,0.050925925925925916,0.3571428571428572,0.5732484076433121,0.4936440677966102,0.1857774206508651,0.5986842105263164,0.33333333333333326,0.741935483870968,0.6666666666666665
0.5249999999999999,0.32098765432098764,0.4999999999999999,0.05555555555555555,0.3392857142857144,0.5859872611464969,0.4936440677966102,0.17934913619927784,0.5855263157894739,0.35185185185185175,0.741935483870968,0.6666666666666665
0.6749999999999998,0.22222222222222227,0.47916666666666663,0.050925925925925916,0.4464285714285715,0.624203821656051,0.5444915254237288,0.2886299718762615,0.5328947368421058,0.40740740740740733,0.5645161290322582,0.6666666666666665
0.5749999999999997,0.4444444444444444,0.4166666666666665,0.5462962962962963,0.5178571428571428,0.7643312101910829,0.934322033898305,0.6293290478103799,0.3092105263157898,0.37037037037037024,0.19354838709677402,0.5
0.2999999999999998,0.6419753086419754,1.0,0.7083333333333333,0.5535714285714285,0.30573248407643316,0.6122881355932204,0.6936118923262384,0.44078947368421106,0.5185185185185184,0.12903225806451624,0.5
0.9499999999999997,0.45679012345679015,0.5624999999999999,0.027777777777777776,0.3392857142857144,0.1656050955414013,0.2563559322033898,0.26934511852149257,0.19078947368421106,0.2592592592592592,0.5483870967741937,0.6666666666666665
1.0,0.691358024691358,0.7708333333333333,0.4583333333333333,0.4107142857142857,0.025477707006369428,0.2690677966101695,0.5457613499397453,0.11184210526315841,0.14814814814814803,0.33870967741935476,0.16666666666666663
0.6499999999999999,0.41975308641975306,0.5833333333333333,0.5972222222222222,0.8035714285714284,0.6369426751592357,0.7309322033898306,0.6678987545199035,0.2565789473684217,0.40740740740740733,0.17741935483870974,0.33333333333333326
0.5749999999999997,0.09876543209876543,0.47916666666666663,0.41666666666666663,0.6964285714285714,0.7898089171974523,0.6038135593220338,0.5843310566492548,0.7828947368421058,0.35185185185185175,0.22580645161290325,0.33333333333333326
0.2999999999999998,0.32098765432098764,0.3124999999999999,0.5324074074074073,0.625,0.6751592356687899,0.6122881355932204,0.635757332261953,0.7039473684210527,0.31481481481481477,0.22580645161290325,0.33333333333333326
0.6749999999999998,0.5555555555555555,0.6458333333333333,0.8472222222222221,0.7857142857142856,0.535031847133758,0.6377118644067796,0.8286058658095712,0.24342105263157965,0.4444444444444443,0.16129032258064524,0.33333333333333326
0.6249999999999998,0.12345679012345678,0.47916666666666663,0.6388888888888888,0.6428571428571428,0.40764331210191085,0.3792372881355932,0.6614704700683021,0.5197368421052642,0.2407407407407406,0.19354838709677402,0.5
0.5749999999999997,0.37037037037037035,0.5416666666666665,0.736111111111111,0.4464285714285715,0.7388535031847134,0.6419491525423728,0.7643230212936984,0.46710526315789513,0.685185185185185,0.17741935483870974,0.5
0.5249999999999999,0.6172839506172839,0.39583333333333326,0.032407407407407406,0.6428571428571428,0.445859872611465,0.7097457627118644,0.3593411008437215,0.6118421052631589,0.7037037037037034,0.370967741935484,0.33333333333333326
0.4249999999999998,0.22222222222222227,0.9375,0.3657407407407407,1.0,0.7898089171974523,0.6080508474576272,0.5650462032945072,0.11184210526315841,0.31481481481481477,0.12903225806451624,0.5
0.5999999999999999,0.4691358024691358,0.7708333333333333,0.8402777777777777,0.6607142857142856,0.5477707006369427,0.9978813559322034,0.8286058658095712,0.3092105263157898,0.5555555555555555,0.14516129032258074,0.33333333333333326
0.5999999999999999,0.5679012345679012,0.8541666666666665,0.5879629629629629,0.7321428571428571,0.8407643312101911,0.7436440677966102,0.7128967456810003,0.2697368421052633,0.4629629629629628,0.19354838709677402,0.33333333333333326
0.47499999999999987,0.8148148148148147,0.5208333333333333,0.3981481481481481,0.6071428571428571,0.3439490445859873,0.5529661016949152,0.6229007633587926,0.5460526315789482,0.5370370370370369,0.17741935483870974,0.33333333333333326
0.17500000000000004,1.0,0.0,0.04166666666666667,0.8928571428571428,0.07643312101910829,0.3538135593220339,0.44290879871434896,0.9999999999999996,0.33333333333333326,0.27419354838709675,0.16666666666666663
0.2999999999999998,0.5679012345679012,0.3124999999999999,0.12499999999999999,0.4642857142857143,0.29299363057324845,0.5233050847457628,0.27577340297307984,0.664473684210527,0.40740740740740733,0.5322580645161292,0.5
0.5499999999999998,0.1481481481481482,0.6458333333333333,0.050925925925925916,0.3571428571428572,0.178343949044586,0.2775423728813559,0.2564885496183251,0.5065789473684217,0.37037037037037024,0.6129032258064517,0.5
0.6249999999999998,0.5925925925925926,0.8124999999999998,0.5879629629629629,0.8035714285714284,0.7006369426751593,0.7478813559322034,0.7128967456810003,0.3092105263157898,0.5185185185185184,0.19354838709677402,0.33333333333333326
0.27500000000000013,0.691358024691358,0.0,0.2361111111111111,0.5535714285714285,0.24203821656050956,0.2860169491525424,0.4043390920048253,0.5460526315789482,0.5370370370370369,0.35483870967741926,0.33333333333333326
0.7499999999999998,0.3950617283950617,0.47916666666666663,0.537037037037037,0.6964285714285714,0.5095541401273885,0.5021186440677966,0.7257533145841748,0.2697368421052633,0.5925925925925924,0.12903225806451624,0.33333333333333326
0.6499999999999999,0.19753086419753085,0.45833333333333326,0.2893518518518518,0.7857142857142856,0.3694267515923567,0.47245762711864403,0.5200482121333891,0.6381578947368429,0.2222222222222222,0.27419354838709675,0.33333333333333326
0.5249999999999999,0.2716049382716049,0.39583333333333326,0.20370370370370366,0.7678571428571428,0.15286624203821658,0.5360169491525424,0.5200482121333891,0.6381578947368429,0.2592592592592592,0.17741935483870974,0.5
0.3999999999999999,0.12345679012345678,0.7916666666666665,0.046296296296296294,1.0,0.4840764331210191,0.586864406779661,0.3657693852953017,0.5328947368421058,0.2592592592592592,0.2903225806451615,0.5
0.47499999999999987,0.2716049382716049,0.5624999999999999,0.023148148148148154,0.1964285714285715,0.7770700636942676,0.5233050847457628,0.2629168340699053,0.6118421052631589,0.4814814814814813,0.4838709677419355,0.5
0.6499999999999999,0.7654320987654321,0.29166666666666663,0.2962962962962963,0.3214285714285715,0.3439490445859873,0.451271186440678,0.44290879871434896,0.44078947368421106,0.37037037037037024,0.403225806451613,0.33333333333333326
0.4249999999999998,0.3950617283950617,0.47916666666666663,0.324074074074074,0.4107142857142857,0.5859872611464969,0.777542372881356,0.5586179188429199,0.8486842105263164,0.5925925925925924,0.27419354838709675,0.6666666666666665
0.32499999999999973,0.5432098765432098,0.9791666666666665,0.10185185185185185,0.5178571428571428,0.5732484076433121,0.6758474576271186,0.3400562474889526,0.6513157894736845,0.6481481481481478,0.467741935483871,0.6666666666666665
0.32499999999999973,0.5432098765432098,0.9791666666666665,0.09722222222222222,0.5535714285714285,0.5605095541401274,0.6970338983050848,0.3400562474889526,0.664473684210527,0.6481481481481478,0.467741935483871,0.5
0.2250000000000001,0.4444444444444444,0.33333333333333326,0.45370370370370366,0.08928571428571447,0.06369426751592358,0.15889830508474576,0.44290879871434896,0.7697368421052642,0.2777777777777777,0.4193548387096775,0.33333333333333326
0.4249999999999998,0.8518518518518519,0.6458333333333333,0.5787037037037036,0.4107142857142857,0.7261146496815287,0.9385593220338982,0.6936118923262384,0.5592105263157898,0.6481481481481478,0.16129032258064524,0.33333333333333326
0.44999999999999973,0.3950617283950617,0.375,0.7037037037037037,0.3571428571428572,0.5605095541401274,0.7139830508474576,0.7128967456810003,0.5723684210526323,0.5370370370370369,0.19354838709677402,0.33333333333333326
0.4999999999999998,0.4691358024691358,0.27083333333333326,0.34722222222222215,0.3392857142857144,0.6751592356687899,0.777542372881356,0.5779027721976817,0.5065789473684217,0.5555555555555555,0.14516129032258074,0.33333333333333326
0.47499999999999987,0.4691358024691358,0.45833333333333326,0.699074074074074,0.375,0.535031847133758,0.6758474576271186,0.6936118923262384,0.5986842105263164,0.6296296296296297,0.25806451612903225,0.33333333333333326
0.8499999999999996,0.37037037037037035,0.6458333333333333,0.027777777777777776,0.2142857142857144,0.43312101910828027,0.43008474576271183,0.3143431096826035,0.414473684210527,0.29629629629629617,0.435483870967742,0.5
0.5749999999999997,0.7160493827160493,1.0,0.4583333333333333,0.5357142857142857,0.5987261146496816,0.5741525423728814,0.6678987545199035,0.46710526315789513,0.40740740740740733,0.11290322580645151,0.33333333333333326
0.4999999999999998,0.2716049382716049,0.5624999999999999,0.060185185185185175,0.3571428571428572,0.356687898089172,0.3241525423728814,0.29505825632784877,0.45394736842105265,0.5925925925925924,0.4516129032258067,0.6666666666666665
0.8249999999999997,0.49382716049382724,0.6249999999999999,0.060185185185185175,0.2500000000000001,0.20382165605095542,0.2521186440677966,0.3336279630373653,0.5592105263157898,0.5555555555555555,0.6129032258064517,0.5
0.3749999999999998,0.5679012345679012,0.5208333333333333,0.07407407407407408,0.5357142857142857,0.22929936305732485,0.2436440677966102,0.3593411008437215,0.6513157894736845,0.38888888888888873,0.35483870967741926,0.33333333333333326
0.7749999999999999,0.32098765432098764,0.6458333333333333,0.027777777777777776,0.4285714285714286,0.4585987261146497,0.3707627118644068,0.3143431096826035,0.5328947368421058,0.5925925925925924,0.4516129032258067,0.5
0.9249999999999998,0.32098765432098764,0.6666666666666665,0.17129629629629628,0.375,0.28025477707006374,0.336864406779661,0.4879067898754599,0.4934210526315792,0.574074074074074,0.27419354838709675,0.5
0.8249999999999997,0.2962962962962963,0.6458333333333333,0.06481481481481481,0.3928571428571429,0.21656050955414013,0.2860169491525424,0.32077139413419076,0.414473684210527,0.5925925925925924,0.5161290322580645,0.5
0.3749999999999998,0.4320987654320988,0.5833333333333333,0.023148148148148154,0.4464285714285715,0.445859872611465,0.4004237288135593,0.21791884290880148,0.2565789473684217,0.31481481481481477,0.467741935483871,0.5
0.19999999999999996,0.19753086419753085,0.375,0.037037037037037035,0.5178571428571428,0.6496815286624205,0.6292372881355932,0.30148654077943604,0.6250000000000004,0.2777777777777777,0.33870967741935476,0.5
0.3999999999999999,1.0,0.1041666666666666,0.21296296296296297,0.7678571428571428,0.1656050955414013,0.3283898305084746,0.5136199276818019,0.7565789473684217,0.2592592592592592,0.16129032258064524,0.16666666666666663
0.3749999999999998,0.6419753086419754,0.4999999999999999,0.18518518518518517,0.3392857142857144,0.21656050955414013,0.2563559322033898,0.29505825632784877,0.7565789473684217,0.6666666666666664,0.6451612903225807,0.6666666666666665
0.5249999999999999,0.41975308641975306,0.4374999999999999,0.16203703703703703,0.6964285714285714,0.267515923566879,0.4088983050847458,0.44290879871434896,0.24342105263157965,0.29629629629629617,0.22580645161290325,0.5
0.7749999999999999,0.345679012345679,0.6041666666666665,0.34259259259259256,0.4999999999999999,0.5605095541401274,0.5614406779661016,0.4043390920048253,0.414473684210527,0.18518518518518512,0.5645161290322582,0.6666666666666665
0.6999999999999997,0.24691358024691357,0.7708333333333333,0.44444444444444436,0.7142857142857142,0.713375796178344,0.489406779661017,0.6229007633587926,0.44078947368421106,0.38888888888888873,0.306451612903226,0.5
0.5999999999999999,0.24691358024691357,0.6666666666666665,0.027777777777777776,0.5892857142857143,0.4968152866242038,0.3283898305084746,0.3079148252310233,0.44078947368421106,0.4259259259259258,0.3870967741935485,0.33333333333333326
0.8499999999999996,0.37037037037037035,0.6458333333333333,0.3194444444444444,0.6071428571428571,0.12738853503184716,0.23940677966101692,0.6100441944556181,0.3355263157894739,0.9999999999999999,0.27419354838709675,0.5
0.6499999999999999,0.3950617283950617,0.6874999999999999,0.6203703703703703,0.9107142857142856,0.5859872611464969,0.7563559322033898,0.6936118923262384,0.11184210526315841,0.37037037037037024,0.14516129032258074,0.5
0.32499999999999973,0.5925925925925926,0.3124999999999999,0.04166666666666667,0.375,0.4585987261146497,0.44279661016949157,0.17292085174769056,0.6381578947368429,0.37037037037037024,0.709677419354839,0.6666666666666665
0.10000000000000009,0.8888888888888888,0.0,0.037037037037037035,0.375,0.5222929936305732,0.4216101694915254,0.14720771394134147,0.7302631578947376,0.20370370370370372,0.6612903225806452,0.8333333333333333
0.3999999999999999,0.345679012345679,0.9791666666666665,0.6435185185185185,0.7142857142857142,0.3184713375796179,0.5911016949152542,0.7000401767778257,0.23026315789473717,0.33333333333333326,0.17741935483870974,0.33333333333333326
0.3749999999999998,0.691358024691358,0.4374999999999999,0.19444444444444442,0.6071428571428571,0.15286624203821658,0.2775423728813559,0.39148252310165077,0.6250000000000004,0.31481481481481477,0.4193548387096775,0.33333333333333326
0.47499999999999987,0.3950617283950617,0.5416666666666665,0.5787037037037036,0.625,0.7898089171974523,0.7860169491525424,0.635757332261953,0.45394736842105265,0.5185185185185184,0.24193548387096775,0.33333333333333326
0.5499999999999998,0.37037037037037035,0.5624999999999999,0.5740740740740741,0.6428571428571428,0.89171974522293,0.6673728813559322,0.6486139011651275,0.46710526315789513,0.4999999999999999,0.2903225806451615,0.33333333333333326
0.8999999999999999,0.4691358024691358,0.7708333333333333,0.37499999999999994,0.5892857142857143,0.4713375796178344,0.7521186440677966,0.6614704700683021,0.44078947368421106,0.685185185185185,0.25806451612903225,0.5
0.47499999999999987,0.9382716049382716,0.18749999999999992,0.08333333333333333,0.3392857142857144,0.29299363057324845,0.3326271186440678,0.16006428284452312,0.36184210526315885,0.40740740740740733,0.741935483870968,0.6666666666666665
0.6749999999999998,0.5185185185185185,0.45833333333333326,0.386574074074074,0.7142857142857142,0.22929936305732485,0.5572033898305084,0.6229007633587926,0.36184210526315885,0.5925925925925924,0.20967741935483875,0.33333333333333326
1.0,0.8395061728395061,0.8124999999999998,0.4282407407407407,0.3392857142857144,0.03821656050955414,0.3834745762711864,0.5586179188429199,0.08552631578947434,0.12962962962962954,0.3225806451612905,0.33333333333333326
0.5749999999999997,0.5432098765432098,0.7708333333333333,0.04166666666666667,0.9107142857142856,0.3439490445859873,0.48093220338983056,0.22434712736038875,0.414473684210527,0.5925925925925924,0.7580645161290325,0.5
0.7749999999999999,0.2716049382716049,0.7499999999999999,0.04166666666666667,0.5357142857142857,0.1910828025477707,0.3241525423728814,0.29505825632784877,0.4276315789473686,0.31481481481481477,0.4838709677419355,0.5
0.6999999999999997,0.9876543209876543,0.5833333333333333,0.009259259259259259,0.3928571428571429,0.025477707006369428,0.3411016949152542,0.19863398955403966,0.29605263157894735,0.31481481481481477,0.5483870967741937,0.16666666666666663
0.3749999999999998,0.345679012345679,0.7083333333333331,0.18287037037037035,0.4107142857142857,0.3694267515923567,0.4682203389830508,0.30148654077943604,0.7171052631578951,0.20370370370370372,0.5645161290322582,0.6666666666666665
0.6749999999999998,0.4691358024691358,0.45833333333333326,0.7916666666666666,0.6428571428571428,0.39490445859872614,0.6504237288135594,0.7643230212936984,0.37500000000000044,0.7777777777777776,0.35483870967741926,0.33333333333333326
0.5249999999999999,0.37037037037037035,0.6458333333333333,0.3194444444444444,0.4464285714285715,0.6114649681528663,0.5572033898305084,0.3593411008437215,0.4013157894736845,0.09259259259259256,0.5483870967741937,0.5
0.5999999999999999,0.5925925925925926,0.7916666666666665,0.20833333333333331,0.5178571428571428,0.21656050955414013,0.1927966101694915,0.25006026516673785,0.29605263157894735,0.35185185185185175,0.741935483870968,0.16666666666666663
0.27500000000000013,0.37037037037037035,0.4374999999999999,0.5694444444444444,0.6964285714285714,0.7006369426751593,0.6377118644067796,0.6486139011651275,0.6250000000000004,0.31481481481481477,0.22580645161290325,0.33333333333333326
0.2999999999999998,1.0,0.0,0.027777777777777776,0.8035714285714284,0.089171974522293,0.375,0.3850542386500635,0.4013157894736845,0.2407407407407406,0.11290322580645151,0.16666666666666663
0.3999999999999999,0.41975308641975306,0.47916666666666663,0.2268518518518518,0.6071428571428571,0.4968152866242038,0.663135593220339,0.5071916432302217,0.5065789473684217,0.8518518518518517,0.19354838709677402,0.5
0.3999999999999999,0.6172839506172839,0.45833333333333326,0.2268518518518518,0.5892857142857143,0.5095541401273885,0.6504237288135594,0.5136199276818019,0.5065789473684217,0.8148148148148148,0.20967741935483875,0.5
0.5749999999999997,0.6419753086419754,0.12499999999999992,0.027777777777777776,0.6785714285714285,0.7515923566878981,0.6927966101694916,0.41719566090799987,0.37500000000000044,0.38888888888888873,0.19354838709677402,0.33333333333333326
0.4999999999999998,0.49382716049382724,0.6458333333333333,0.9907407407407406,0.5892857142857143,0.5859872611464969,0.625,0.8928887103254297,0.164473684210527,0.5185185185185184,0.11290322580645151,0.33333333333333326
0.5249999999999999,0.4691358024691358,0.6458333333333333,0.6203703703703703,0.625,0.7898089171974523,0.8792372881355932,0.6936118923262384,0.4934210526315792,0.6666666666666664,0.25806451612903225,0.5
0.4999999999999998,0.4444444444444444,0.9791666666666665,0.5231481481481481,0.4999999999999999,0.7898089171974523,0.875,0.635757332261953,0.28289473684210575,0.759259259259259,0.20967741935483875,0.33333333333333326
0.4999999999999998,0.5185185185185185,0.9791666666666665,0.5231481481481481,0.4999999999999999,0.8152866242038217,0.8919491525423728,0.6486139011651275,0.28289473684210575,0.759259259259259,0.20967741935483875,0.33333333333333326
0.47499999999999987,0.3950617283950617,0.6666666666666665,0.4074074074074074,0.4464285714285715,0.5987261146496816,0.6207627118644068,0.5329047810365637,0.414473684210527,0.722222222222222,0.306451612903226,0.5
0.27500000000000013,0.5432098765432098,0.29166666666666663,0.16666666666666669,0.4107142857142857,0.5095541401273885,0.4216101694915254,0.3400562474889526,0.45394736842105265,0.5185185185185184,0.4838709677419355,0.33333333333333326
0.4999999999999998,1.0,0.5416666666666665,0.14814814814814814,0.3392857142857144,0.30573248407643316,0.3792372881355932,0.22434712736038875,0.5986842105263164,0.6481481481481478,0.7580645161290325,0.8333333333333333
0.4249999999999998,0.49382716049382724,0.39583333333333326,0.3657407407407407,0.5714285714285714,0.6624203821656052,0.8072033898305084,0.5843310566492548,0.37500000000000044,0.5925925925925924,0.14516129032258074,0.16666666666666663
0.44999999999999973,0.49382716049382724,0.39583333333333326,0.3657407407407407,0.6607142857142856,0.6751592356687899,0.8114406779661016,0.5843310566492548,0.37500000000000044,0.611111111111111,0.14516129032258074,0.5
0.4999999999999998,0.49382716049382724,0.5624999999999999,0.34259259259259256,0.5357142857142857,0.3312101910828026,0.43855932203389825,0.3657693852953017,0.28289473684210575,0.2777777777777777,0.5483870967741937,0.5
0.44999999999999973,0.1728395061728395,0.5208333333333333,0.20833333333333331,0.7142857142857142,0.40764331210191085,0.4470338983050848,0.4557653676175235,0.7302631578947376,0.37037037037037024,0.25806451612903225,0.33333333333333326
0.3999999999999999,0.5185185185185185,0.7291666666666665,0.1388888888888889,1.0,0.9299363057324841,0.684322033898305,0.4557653676175235,0.28289473684210575,0.35185185185185175,0.17741935483870974,0.33333333333333326
0.3999999999999999,0.5432098765432098,0.7499999999999999,0.13425925925925924,1.0,0.9426751592356688,0.6800847457627118,0.4557653676175235,0.28289473684210575,0.31481481481481477,0.17741935483870974,0.5
0.3999999999999999,0.5185185185185185,0.7291666666666665,0.1388888888888889,1.0,0.9299363057324841,0.6927966101694916,0.4557653676175235,0.2697368421052633,0.29629629629629617,0.17741935483870974,0.33333333333333326
0.4999999999999998,0.4444444444444444,0.3124999999999999,0.3333333333333333,0.6607142857142856,0.6624203821656052,0.8241525423728814,0.5779027721976817,0.4276315789473686,0.4629629629629628,0.14516129032258074,0.33333333333333326
0.5749999999999997,0.5925925925925926,0.3124999999999999,0.5787037037037036,0.625,0.6369426751592357,0.7817796610169492,0.7000401767778257,0.3881578947368429,0.4999999999999999,0.12903225806451624,0.33333333333333326
0.4999999999999998,0.4691358024691358,0.35416666666666663,0.7175925925925926,0.6071428571428571,0.6751592356687899,0.7478813559322034,0.7257533145841748,0.45394736842105265,0.5185185185185184,0.20967741935483875,0.33333333333333326
0.5249999999999999,1.0,0.47916666666666663,0.5833333333333333,0.625,0.6496815286624205,0.9173728813559322,0.6550421856167148,0.5197368421052642,0.5185185185185184,0.25806451612903225,0.33333333333333326
0.4999999999999998,0.4444444444444444,0.5208333333333333,0.6157407407407407,0.3392857142857144,0.4713375796178344,0.48516949152542377,0.5007633587786344,0.6907894736842111,0.574074074074074,0.6451612903225807,0.5
0.25,0.49382716049382724,0.5416666666666665,0.07870370370370369,0.6785714285714285,0.43312101910828027,0.4004237288135593,0.3400562474889526,0.6250000000000004,0.5185185185185184,0.35483870967741926,0.16666666666666663
0.3999999999999999,0.32098765432098764,0.8541666666666665,0.5092592592592592,0.4821428571428572,0.5477707006369427,0.565677966101695,0.6486139011651275,0.45394736842105265,0.38888888888888873,0.12903225806451624,0.33333333333333326
0.5499999999999998,0.19753086419753085,0.47916666666666663,0.35648148148148145,0.5357142857142857,0.4585987261146497,0.451271186440678,0.5586179188429199,0.5328947368421058,0.2222222222222222,0.19354838709677402,0.33333333333333326
1.0,0.8888888888888888,1.0,0.25925925925925924,0.6071428571428571,0.22929936305732485,0.44279661016949157,0.6229007633587926,0.24342105263157965,0.5370370370370369,0.306451612903226,0.16666666666666663
0.4999999999999998,1.0,0.4166666666666665,0.07407407407407408,0.4464285714285715,0.1656050955414013,0.2436440677966102,0.4300522298111744,0.6776315789473686,0.9629629629629627,0.35483870967741926,0.33333333333333326
0.32499999999999973,0.7901234567901234,0.45833333333333326,0.013888888888888888,0.5892857142857143,0.267515923566879,0.6377118644067796,0.3786259541984762,0.5460526315789482,0.9999999999999999,0.24193548387096775,0.5
0.19999999999999996,0.40740740740740733,0.33333333333333326,0.4212962962962962,0.3035714285714286,0.12738853503184716,0.2055084745762712,0.44290879871434896,0.664473684210527,0.2222222222222222,0.403225806451613,0.33333333333333326
0.4999999999999998,0.24691358024691357,0.6041666666666665,0.037037037037037035,0.4107142857142857,0.42038216560509556,0.3877118644067797,0.30148654077943604,0.6776315789473686,0.685185185185185,0.5161290322580645,0.6666666666666665
0.47499999999999987,0.12345679012345678,0.4166666666666665,0.21759259259259256,0.6428571428571428,0.3694267515923567,0.43432203389830504,0.46862193652069095,0.8355263157894739,0.2777777777777777,0.27419354838709675,0.5
0.34999999999999987,0.41975308641975306,0.33333333333333326,0.037037037037037035,0.2678571428571429,0.42038216560509556,0.3622881355932203,0.2629168340699053,0.6513157894736845,0.40740740740740733,0.5,0.6666666666666665
0.25,0.4444444444444444,0.3124999999999999,0.3981481481481481,0.5178571428571428,0.6751592356687899,0.5614406779661016,0.5779027721976817,0.664473684210527,0.29629629629629617,0.22580645161290325,0.33333333333333326
0.6749999999999998,0.4691358024691358,0.5624999999999999,0.2962962962962963,0.375,0.5477707006369427,0.6122881355932204,0.4364805142627617,0.29605263157894735,0.20370370370370372,0.4838709677419355,0.33333333333333326
0.2250000000000001,0.49382716049382724,0.3124999999999999,0.7824074074074073,0.5178571428571428,0.7388535031847134,0.625,0.7578947368421112,0.664473684210527,0.40740740740740733,0.22580645161290325,0.33333333333333326
0.6749999999999998,0.37037037037037035,0.5624999999999999,0.2962962962962963,0.375,0.5222929936305732,0.5995762711864406,0.4300522298111744,0.3092105263157898,0.18518518518518512,0.4838709677419355,0.33333333333333326
0.5999999999999999,1.0,0.24999999999999992,0.412037037037037,0.982142857142857,0.39490445859872614,0.646186440677966,0.6421856167135402,0.2565789473684217,0.611111111111111,0.17741935483870974,0.5
0.4249999999999998,0.2716049382716049,0.4374999999999999,0.009259259259259259,0.4999999999999999,0.39490445859872614,0.527542372881356,0.41719566090799987,0.8092105263157898,0.31481481481481477,0.17741935483870974,0.5
0.3749999999999998,1.0,0.27083333333333326,0.05555555555555555,0.5535714285714285,0.3694267515923567,0.510593220338983,0.37219766974688895,0.7697368421052642,0.5925925925925924,0.3870967741935485,0.5
0.5749999999999997,0.3950617283950617,0.6666666666666665,0.7962962962962963,0.5535714285714285,0.4713375796178344,0.5317796610169492,0.8157492969063966,0.6776315789473686,0.31481481481481477,0.11290322580645151,0.33333333333333326
0.3999999999999999,0.22222222222222227,0.47916666666666663,0.08333333333333333,0.5892857142857143,0.4968152866242038,0.7648305084745762,0.4300522298111744,0.914473684210527,0.5185185185185184,0.27419354838709675,0.5
0.5749999999999997,0.41975308641975306,0.47916666666666663,0.44907407407407407,0.4642857142857143,0.8152866242038217,0.9999999999999999,0.6293290478103799,0.4802631578947376,0.5555555555555555,0.17741935483870974,0.5
0.4999999999999998,1.0,0.0,0.4212962962962962,0.8392857142857142,0.30573248407643316,0.5190677966101694,0.6486139011651275,0.7434210526315792,0.4444444444444443,0.14516129032258074,0.16666666666666663
0.875,0.49382716049382724,0.6458333333333333,0.3333333333333333,0.4642857142857143,0.4585987261146497,0.739406779661017,0.6743270389714908,0.7039473684210527,0.5370370370370369,0.25806451612903225,0.5
0.8499999999999996,0.4691358024691358,0.6249999999999999,0.3333333333333333,0.4285714285714286,0.5987261146496816,0.798728813559322,0.6743270389714908,0.664473684210527,0.5370370370370369,0.24193548387096775,0.5
0.5999999999999999,0.37037037037037035,0.6041666666666665,0.6342592592592592,0.7678571428571428,0.6751592356687899,0.739406779661017,0.6936118923262384,0.37500000000000044,0.40740740740740733,0.16129032258064524,0.5
0.4999999999999998,1.0,0.47916666666666663,0.5833333333333333,0.5178571428571428,0.6624203821656052,0.8538135593220338,0.6486139011651275,0.6118421052631589,0.5185185185185184,0.25806451612903225,0.5
0.5499999999999998,0.4444444444444444,1.0,0.037037037037037035,0.3928571428571429,0.4840764331210191,0.4258474576271186,0.30148654077943604,0.7039473684210527,0.35185185185185175,0.5,0.6666666666666665
0.34999999999999987,0.41975308641975306,0.24999999999999992,0.6921296296296297,0.4285714285714286,0.3312101910828026,0.5911016949152542,0.7128967456810003,0.8881578947368429,0.7777777777777776,0.25806451612903225,0.5
0.6249999999999998,0.5925925925925926,0.29166666666666663,0.6064814814814814,0.625,0.5987261146496816,0.7521186440677966,0.7321815990357621,0.5197368421052642,0.4444444444444443,0.11290322580645151,0.33333333333333326
0.7249999999999999,0.5679012345679012,0.35416666666666663,0.3333333333333333,0.2857142857142858,0.267515923566879,0.298728813559322,0.46862193652069095,0.4276315789473686,0.5185185185185184,0.3870967741935485,0.33333333333333326
0.5749999999999997,0.32098765432098764,0.5833333333333333,0.08333333333333333,0.1964285714285715,0.267515923566879,0.3411016949152542,0.20506227400562693,0.45394736842105265,0.29629629629629617,0.5483870967741937,0.6666666666666665
0.4999999999999998,0.3950617283950617,0.5208333333333333,0.09722222222222222,0.5714285714285714,0.7961783439490446,0.8432203389830508,0.4043390920048253,0.6513157894736845,0.6666666666666664,0.27419354838709675,0.5
0.5249999999999999,0.7901234567901234,0.9791666666666665,0.4907407407407407,0.4999999999999999,0.4840764331210191,0.5190677966101694,0.6678987545199035,0.44078947368421106,0.4444444444444443,0.11290322580645151,0.33333333333333326
0.32499999999999973,0.24691358024691357,0.5624999999999999,0.06481481481481481,0.4107142857142857,0.22929936305732485,0.9745762711864406,0.3336279630373653,0.7434210526315792,0.9999999999999999,0.5322580645161292,0.5
0.4999999999999998,0.32098765432098764,0.375,0.06944444444444445,0.2678571428571429,0.30573248407643316,0.5063559322033898,0.1857774206508651,0.46710526315789513,0.722222222222222,0.741935483870968,0.6666666666666665
0.25,0.2962962962962963,0.375,0.037037037037037035,0.2857142857142858,0.12738853503184716,0.2436440677966102,0.21791884290880148,0.5855263157894739,0.2592592592592592,0.467741935483871,0.6666666666666665
0.19999999999999996,0.2716049382716049,0.35416666666666663,0.037037037037037035,0.2678571428571429,0.12738853503184716,0.23940677966101692,0.21791884290880148,0.5855263157894739,0.2777777777777777,0.467741935483871,0.6666666666666665
0.32499999999999973,0.8148148148148147,0.1041666666666666,0.45370370370370366,0.3928571428571429,0.20382165605095542,0.4216101694915254,0.5714744877460944,0.7565789473684217,0.4259259259259258,0.3225806451612905,0.33333333333333326
0.27500000000000013,0.32098765432098764,0.39583333333333326,0.18518518518518517,0.6785714285714285,0.4840764331210191,0.760593220338983,0.5971876255524293,0.9999999999999996,0.8888888888888885,0.3225806451612905,0.16666666666666663
0.9249999999999998,0.4444444444444444,0.24999999999999992,0.7222222222222221,1.0,0.4968152866242038,0.7521186440677966,0.7000401767778257,0.28289473684210575,0.5185185185185184,0.2903225806451615,0.0
0.25,0.3950617283950617,0.7291666666666665,0.13425925925925924,0.2500000000000001,0.03821656050955414,0.3792372881355932,0.26934511852149257,0.9539473684210527,0.38888888888888873,0.596774193548387,0.0
0.25,0.3950617283950617,0.6249999999999999,0.04166666666666667,0.6964285714285714,0.445859872611465,0.586864406779661,0.39148252310165077,0.5328947368421058,0.5555555555555555,0.20967741935483875,0.5
0.47499999999999987,0.4444444444444444,0.6249999999999999,0.023148148148148154,0.4464285714285715,0.5477707006369427,0.5402542372881356,0.4107673764564126,0.6776315789473686,0.6666666666666664,0.25806451612903225,0.8333333333333333
0.3749999999999998,0.6666666666666666,0.4374999999999999,0.2361111111111111,0.3571428571428572,0.07643312101910829,0.3283898305084746,0.3593411008437215,0.6118421052631589,0.35185185185185175,0.4838709677419355,0.6666666666666665
0.3999999999999999,0.37037037037037035,0.6249999999999999,0.05555555555555555,0.3035714285714286,0.267515923566879,0.4173728813559322,0.2629168340699053,0.6776315789473686,0.5185185185185184,0.6129032258064517,0.5
0.25,0.691358024691358,0.6041666666666665,0.013888888888888888,0.3928571428571429,0.012738853503184717,0.2351694915254237,0.2114905584572071,0.6250000000000004,0.2222222222222222,0.5483870967741937,0.16666666666666663
0.5249999999999999,0.08641975308641975,0.5416666666666665,0.2222222222222222,0.5892857142857143,0.43312101910828027,0.375,0.4364805142627617,0.6776315789473686,0.37037037037037024,0.35483870967741926,0.5
0.5249999999999999,0.5185185185185185,0.6458333333333333,0.8726851851851851,0.4999999999999999,0.43312101910828027,0.5783898305084746,0.8028927280032221,0.164473684210527,0.4629629629629628,0.14516129032258074,0.33333333333333326
0.5249999999999999,0.49382716049382724,0.6458333333333333,0.3518518518518518,0.375,0.1656050955414013,0.3199152542372881,0.46862193652069095,0.4802631578947376,0.20370370370370372,0.35483870967741926,0.33333333333333326
0.5999999999999999,0.5185185185185185,0.6458333333333333,0.6018518518518517,0.5357142857142857,0.8152866242038217,0.896186440677966,0.6807553234230639,0.36184210526315885,0.685185185185185,0.25806451612903225,0.5
0.34999999999999987,0.3950617283950617,0.5416666666666665,0.027777777777777776,0.4107142857142857,0.25477707006369427,0.625,0.2629168340699053,0.3881578947368429,0.4814814814814813,0.4193548387096775,0.5
0.5249999999999999,0.5925925925925926,0.35416666666666663,0.35648148148148145,0.6785714285714285,0.3821656050955414,0.6800847457627118,0.6036159100040308,0.5855263157894739,0.5370370370370369,0.19354838709677402,0.5
0.125,1.0,0.0,0.29166666666666663,0.4999999999999999,0.40764331210191085,0.548728813559322,0.46862193652069095,0.7039473684210527,0.6481481481481478,0.27419354838709675,0.33333333333333326
0.125,1.0,0.0,0.3009259259259259,0.5178571428571428,0.40764331210191085,0.5317796610169492,0.47505022097228533,0.7039473684210527,0.6481481481481478,0.27419354838709675,0.5
0.15000000000000013,1.0,0.0,0.2962962962962963,0.5357142857142857,0.43312101910828027,0.5402542372881356,0.46862193652069095,0.7039473684210527,0.6481481481481478,0.27419354838709675,0.5
0.10000000000000009,1.0,0.0,0.2962962962962963,0.5178571428571428,0.39490445859872614,0.5402542372881356,0.46862193652069095,0.6907894736842111,0.6666666666666664,0.27419354838709675,0.33333333333333326
0.25,0.41975308641975306,0.35416666666666663,0.5787037037037036,0.6428571428571428,0.535031847133758,0.5444915254237288,0.6486139011651275,0.6381578947368429,0.29629629629629617,0.20967741935483875,0.33333333333333326
0.44999999999999973,1.0,0.4374999999999999,0.20833333333333331,0.75,0.356687898089172,0.43855932203389825,0.5007633587786344,0.5723684210526323,0.29629629629629617,0.16129032258064524,0.33333333333333326
0.5499999999999998,0.5185185185185185,0.9375,0.4675925925925925,0.5535714285714285,0.7261146496815287,0.9088983050847458,0.6100441944556181,0.3223684210526314,0.722222222222222,0.24193548387096775,0.33333333333333326
0.44999999999999973,0.2716049382716049,0.6666666666666665,0.38425925925925924,0.5535714285714285,0.624203821656051,0.6334745762711864,0.5329047810365637,0.44078947368421106,0.6481481481481478,0.2903225806451615,0.5
0.47499999999999987,0.2962962962962963,0.6666666666666665,0.3935185185185185,0.5178571428571428,0.6114649681528663,0.6207627118644068,0.5329047810365637,0.44078947368421106,0.6666666666666664,0.2903225806451615,0.5
0.7249999999999999,0.4444444444444444,0.6458333333333333,0.023148148148148154,0.4821428571428572,0.089171974522293,0.1716101694915254,0.2822016874246742,0.11184210526315841,0.5185185185185184,0.4193548387096775,0.33333333333333326
0.4999999999999998,0.5925925925925926,0.5208333333333333,0.027777777777777776,0.5178571428571428,0.15286624203821658,0.20127118644067798,0.3079148252310233,0.3223684210526314,0.4629629629629628,0.4193548387096775,0.16666666666666663
0.5499999999999998,0.5432098765432098,0.8333333333333333,0.18981481481481483,0.375,0.1910828025477707,0.3622881355932203,0.2886299718762615,0.5986842105263164,0.8518518518518517,0.709677419354839,0.6666666666666665
0.5499999999999998,0.3950617283950617,0.5624999999999999,0.10185185185185185,0.3392857142857144,0.25477707006369427,0.3919491525423729,0.1857774206508651,0.5065789473684217,0.29629629629629617,0.741935483870968,0.8333333333333333
0.32499999999999973,0.5679012345679012,1.0,0.20370370370370366,0.4285714285714286,0.43312101910828027,0.4004237288135593,0.24363198071515058,0.6513157894736845,0.7037037037037034,0.6935483870967745,0.8333333333333333
0.4999999999999998,0.8888888888888888,0.5833333333333333,0.20833333333333331,0.5714285714285714,0.5605095541401274,0.7690677966101694,0.4300522298111744,0.36184210526315885,0.7962962962962962,0.403225806451613,0.16666666666666663
0.47499999999999987,0.6419753086419754,0.4374999999999999,0.6944444444444444,0.6964285714285714,0.624203821656051,0.7478813559322034,0.7128967456810003,0.5065789473684217,0.4999999999999999,0.20967741935483875,0.33333333333333326
0.5749999999999997,0.6666666666666666,0.3124999999999999,0.6851851851851851,0.7142857142857142,0.5605095541401274,0.7563559322033898,0.7514664523905239,0.414473684210527,0.4999999999999999,0.12903225806451624,0.33333333333333326
0.6249999999999998,0.5925925925925926,0.33333333333333326,0.3055555555555555,0.7321428571428571,0.5732484076433121,0.6800847457627118,0.5779027721976817,0.36184210526315885,0.4629629629629628,0.12903225806451624,0.33333333333333326
0.4249999999999998,0.49382716049382724,0.4999999999999999,0.699074074074074,0.6785714285714285,0.624203821656051,0.722457627118644,0.6871836078746512,0.5460526315789482,0.5370370370370369,0.27419354838709675,0.5
0.5999999999999999,0.37037037037037035,0.6249999999999999,0.6296296296296295,0.7678571428571428,0.5987261146496816,0.7309322033898306,0.6936118923262384,0.23026315789473717,0.4814814814814813,0.16129032258064524,0.6666666666666665
0.27500000000000013,0.1728395061728395,0.45833333333333326,0.2407407407407407,0.4642857142857143,0.6496815286624205,0.5741525423728814,0.47505022097228533,0.9407894736842111,0.4444444444444443,0.403225806451613,0.5
0.6499999999999999,0.49382716049382724,0.6874999999999999,0.8888888888888888,0.9107142857142856,0.6496815286624205,0.7436440677966102,0.8286058658095712,0.2039473684210531,0.40740740740740733,0.17741935483870974,0.33333333333333326
0.34999999999999987,0.49382716049382724,0.27083333333333326,0.3101851851851851,0.4642857142857143,0.30573248407643316,0.5826271186440678,0.5521896343913326,0.8355263157894739,0.7777777777777776,0.2903225806451615,0.6666666666666665
1.0,1.0,0.6041666666666665,0.046296296296296294,0.9107142857142856,0.40764331210191085,0.6885593220338982,0.6229007633587926,0.5592105263157898,0.29629629629629617,0.08064516129032251,0.0
0.3749999999999998,0.6172839506172839,0.375,0.027777777777777776,0.5535714285714285,0.40764331210191085,0.6588983050847458,0.4043390920048253,0.7434210526315792,0.5925925925925924,0.22580645161290325,0.5
0.875,0.7654320987654321,1.0,0.4629629629629629,0.5357142857142857,0.39490445859872614,0.6334745762711864,0.6743270389714908,0.37500000000000044,0.6481481481481478,0.22580645161290325,0.33333333333333326
0.5999999999999999,0.2716049382716049,0.7708333333333333,0.14814814814814814,0.4642857142857143,1.0,0.7097457627118644,0.39148252310165077,0.5065789473684217,0.7037037037037034,0.5161290322580645,0.6666666666666665
0.6749999999999998,0.22222222222222227,0.7291666666666665,0.49537037037037035,0.5535714285714285,0.802547770700637,0.5360169491525424,0.635757332261953,0.4802631578947376,0.4259259259259258,0.3225806451612905,0.5
0.47499999999999987,0.22222222222222227,0.8541666666666665,0.06944444444444445,0.4999999999999999,0.3184713375796179,0.43432203389830504,0.3336279630373653,0.45394736842105265,0.4259259259259258,0.370967741935484,0.5
0.32499999999999973,0.8148148148148147,0.0,0.046296296296296294,0.857142857142857,0.43312101910828027,0.2860169491525424,0.27577340297307984,0.6118421052631589,0.8333333333333331,0.4516129032258067,0.5
0.875,0.2962962962962963,0.5416666666666665,0.013888888888888888,0.625,0.12738853503184716,0.2309322033898305,0.3143431096826035,0.4276315789473686,0.29629629629629617,0.403225806451613,0.5
0.2999999999999998,0.5185185185185185,0.24999999999999992,0.032407407407407406,0.7142857142857142,0.5095541401273885,0.6292372881355932,0.27577340297307984,0.6776315789473686,0.38888888888888873,0.5,0.5
0.6249999999999998,0.8148148148148147,0.3124999999999999,0.287037037037037,0.75,0.4968152866242038,0.6080508474576272,0.5007633587786344,0.5197368421052642,0.35185185185185175,0.306451612903226,0.5
0.5999999999999999,0.8641975308641974,0.3124999999999999,0.2824074074074074,0.7678571428571428,0.4840764331210191,0.6080508474576272,0.5071916432302217,0.5197368421052642,0.35185185185185175,0.306451612903226,0.33333333333333326
0.6249999999999998,0.7901234567901234,0.3124999999999999,0.2824074074074074,0.7678571428571428,0.4968152866242038,0.6207627118644068,0.5071916432302217,0.5197368421052642,0.35185185185185175,0.306451612903226,0.5
0.34999999999999987,0.6172839506172839,0.375,0.19907407407407407,0.375,0.356687898089172,0.48516949152542377,0.3593411008437215,0.5197368421052642,0.37037037037037024,0.3870967741935485,0.6666666666666665
0.34999999999999987,0.5679012345679012,0.35416666666666663,0.19444444444444442,0.3928571428571429,0.43312101910828027,0.5444915254237288,0.3657693852953017,0.5328947368421058,0.35185185185185175,0.3870967741935485,0.5
0.32499999999999973,0.691358024691358,0.375,0.06944444444444445,0.3571428571428572,0.178343949044586,0.3411016949152542,0.29505825632784877,0.7828947368421058,0.9074074074074071,0.5645161290322582,0.6666666666666665
0.050000000000000044,1.0,0.1041666666666666,0.35648148148148145,0.3035714285714286,0.42038216560509556,0.6122881355932204,0.30148654077943604,0.9539473684210527,0.5370370370370369,0.7258064516129035,0.8333333333333333
0.7499999999999998,0.41975308641975306,0.6666666666666665,0.14351851851851855,0.4821428571428572,0.445859872611465,0.548728813559322,0.5329047810365637,0.7302631578947376,0.4259259259259258,0.3225806451612905,0.5
0.2250000000000001,0.691358024691358,0.24999999999999992,0.2824074074074074,0.4107142857142857,0.624203821656051,0.6207627118644068,0.44933708316593624,0.6381578947368429,0.759259259259259,0.3225806451612905,0.5
0.25,0.6419753086419754,0.24999999999999992,0.27777777777777773,0.4464285714285715,0.6114649681528663,0.625,0.44933708316593624,0.6381578947368429,0.7407407407407406,0.3225806451612905,0.33333333333333326
0.4999999999999998,0.49382716049382724,1.0,0.023148148148148154,1.0,0.5095541401273885,0.4555084745762712,0.4043390920048253,0.37500000000000044,0.40740740740740733,0.17741935483870974,0.5
0.4999999999999998,0.41975308641975306,0.5208333333333333,0.18981481481481483,0.2857142857142858,0.40764331210191085,0.48516949152542377,0.3593411008437215,0.5328947368421058,0.29629629629629617,0.4193548387096775,0.5
0.44999999999999973,0.3950617283950617,0.5416666666666665,0.32870370370370366,0.2857142857142858,0.43312101910828027,0.489406779661017,0.4300522298111744,0.5065789473684217,0.2777777777777777,0.403225806451613,0.33333333333333326
0.27500000000000013,0.5432098765432098,0.7916666666666665,0.3356481481481481,0.2678571428571429,0.21656050955414013,0.48093220338983056,0.39791080755323804,0.9407894736842111,0.38888888888888873,0.5645161290322582,0.6666666666666665
0.32499999999999973,0.1111111111111111,0.33333333333333326,0.12499999999999999,0.4464285714285715,0.10191082802547771,0.2097457627118644,0.4043390920048253,0.9671052631578951,0.685185185185185,0.33870967741935476,0.5
0.2999999999999998,0.04938271604938271,0.3124999999999999,0.023148148148148154,0.4642857142857143,0.1656050955414013,0.1927966101694915,0.3593411008437215,0.9999999999999996,0.722222222222222,0.370967741935484,0.6666666666666665
0.4999999999999998,0.49382716049382724,0.7291666666666665,0.4027777777777778,0.2857142857142858,0.42038216560509556,0.4978813559322034,0.4814785054238726,0.46710526315789513,0.2592592592592592,0.3870967741935485,0.5
0.875,0.8148148148148147,0.8749999999999998,0.06481481481481481,0.5535714285714285,0.11464968152866242,0.7944915254237288,0.3786259541984762,0.28289473684210575,0.611111111111111,0.5483870967741937,0.33333333333333326
0.6749999999999998,0.4691358024691358,0.45833333333333326,0.2407407407407407,0.75,1.0,0.9999999999999999,0.4814785054238726,0.4934210526315792,0.685185185185185,0.403225806451613,0.33333333333333326
0.7749999999999999,0.4444444444444444,0.6666666666666665,0.673611111111111,0.4464285714285715,0.4585987261146497,0.8326271186440678,0.6743270389714908,0.2039473684210531,0.7037037037037034,0.3225806451612905,0.5
0.3999999999999999,0.6419753086419754,0.29166666666666663,0.26388888888888884,0.4285714285714286,0.445859872611465,0.5233050847457628,0.46862193652069095,0.5065789473684217,0.7962962962962962,0.3225806451612905,0.5
0.4249999999999998,0.49382716049382724,0.5416666666666665,0.6851851851851851,0.4821428571428572,0.6751592356687899,0.7436440677966102,0.6871836078746512,0.5592105263157898,0.5185185185185184,0.25806451612903225,0.5
0.5999999999999999,0.32098765432098764,0.6666666666666665,0.032407407407407406,0.375,0.39490445859872614,0.2775423728813559,0.3143431096826035,0.4802631578947376,0.5370370370370369,0.3870967741935485,0.33333333333333326
0.3999999999999999,0.5925925925925926,0.5416666666666665,0.19444444444444442,0.2678571428571429,0.40764331210191085,0.3453389830508475,0.2629168340699053,0.7302631578947376,0.7037037037037034,0.7258064516129035,0.8333333333333333
0.4999999999999998,0.3950617283950617,0.5208333333333333,0.18518518518518517,0.3035714285714286,0.445859872611465,0.489406779661017,0.3593411008437215,0.5197368421052642,0.31481481481481477,0.4193548387096775,0.33333333333333326
0.3749999999999998,0.37037037037037035,0.4374999999999999,0.05555555555555555,0.3214285714285715,0.178343949044586,0.3029661016949152,0.22434712736038875,0.6250000000000004,0.33333333333333326,0.6129032258064517,0.5
0.4249999999999998,0.49382716049382724,0.5208333333333333,0.4305555555555555,0.4107142857142857,0.356687898089172,0.48093220338983056,0.5329047810365637,0.4013157894736845,0.40740740740740733,0.2903225806451615,0.33333333333333326
0.19999999999999996,0.4444444444444444,0.35416666666666663,0.2361111111111111,0.2857142857142858,0.12738853503184716,0.2563559322033898,0.3336279630373653,0.5855263157894739,0.29629629629629617,0.4516129032258067,0.33333333333333326
0.3749999999999998,0.37037037037037035,0.4999999999999999,0.04166666666666667,0.375,0.1656050955414013,0.3622881355932203,0.25006026516673785,0.6776315789473686,0.37037037037037024,0.5161290322580645,0.5
0.25,0.4691358024691358,0.375,0.5416666666666666,0.5357142857142857,0.6751592356687899,0.6377118644067796,0.6486139011651275,0.6250000000000004,0.37037037037037024,0.20967741935483875,0.5
0.27500000000000013,0.4444444444444444,0.6458333333333333,0.032407407407407406,0.5714285714285714,0.12738853503184716,0.5063559322033898,0.47505022097228533,0.8486842105263164,0.574074074074074,0.3870967741935485,0.33333333333333326
0.44999999999999973,0.24691358024691357,0.5416666666666665,0.04166666666666667,0.6071428571428571,0.5987261146496816,0.5148305084745762,0.4043390920048253,0.8223684210526323,0.9999999999999999,0.35483870967741926,0.6666666666666665
0.6499999999999999,0.2962962962962963,0.7083333333333331,0.3333333333333333,0.5357142857142857,0.3184713375796179,0.565677966101695,0.5971876255524293,0.5065789473684217,0.611111111111111,0.16129032258064524,0.6666666666666665
0.7999999999999998,0.3950617283950617,0.5624999999999999,0.04166666666666667,0.5714285714285714,0.1910828025477707,0.4639830508474576,0.49433507432704715,0.5197368421052642,0.5925925925925924,0.3225806451612905,0.5
0.3999999999999999,0.4444444444444444,0.6874999999999999,0.4212962962962962,0.5178571428571428,0.356687898089172,0.510593220338983,0.5843310566492548,0.4934210526315792,0.4629629629629628,0.17741935483870974,0.5
0.15000000000000013,0.5679012345679012,0.7916666666666665,0.11111111111111112,0.6785714285714285,0.5605095541401274,0.527542372881356,0.3850542386500635,0.6381578947368429,0.9999999999999997,0.3225806451612905,0.33333333333333326
0.15000000000000013,0.5185185185185185,0.7916666666666665,0.11111111111111112,0.6607142857142856,0.5732484076433121,0.5317796610169492,0.3786259541984762,0.6381578947368429,0.9814814814814813,0.3225806451612905,0.5
0.5749999999999997,0.16049382716049382,0.4999999999999999,0.18518518518518517,0.625,0.39490445859872614,0.47245762711864403,0.4557653676175235,0.6250000000000004,0.33333333333333326,0.25806451612903225,0.5
0.19999999999999996,0.6419753086419754,0.020833333333333287,0.032407407407407406,0.2857142857142858,0.22929936305732485,0.2055084745762712,0.22434712736038875,0.7302631578947376,0.5370370370370369,0.5161290322580645,0.6666666666666665
0.47499999999999987,0.2716049382716049,0.6666666666666665,0.6944444444444444,0.7321428571428571,0.9299363057324841,0.5741525423728814,0.7964644435516348,0.5197368421052642,0.40740740740740733,0.12903225806451624,0.5
0.7499999999999998,0.24691358024691357,0.7708333333333333,0.6018518518518517,0.6607142857142856,0.4585987261146497,0.4173728813559322,0.7000401767778257,0.45394736842105265,0.5185185185185184,0.3225806451612905,0.5
0.6999999999999997,0.22222222222222227,0.7499999999999999,0.4907407407407407,0.6964285714285714,0.6878980891719746,0.4978813559322034,0.635757332261953,0.45394736842105265,0.4629629629629628,0.3225806451612905,0.33333333333333326
0.3749999999999998,0.09876543209876543,0.5624999999999999,0.06944444444444445,0.5178571428571428,0.5732484076433121,0.5360169491525424,0.27577340297307984,0.6118421052631589,0.9629629629629627,0.5483870967741937,0.6666666666666665
0.6249999999999998,0.6172839506172839,0.6458333333333333,0.2893518518518518,0.4107142857142857,0.3821656050955414,0.5021186440677966,0.3143431096826035,0.29605263157894735,0.14814814814814803,0.6290322580645162,0.6666666666666665
0.17500000000000004,0.6296296296296297,0.4374999999999999,0.08796296296296295,0.9999999999999998,0.3184713375796179,0.4597457627118644,0.3400562474889526,0.44078947368421106,0.5370370370370369,0.25806451612903225,0.5
0.25,0.7901234567901234,0.6874999999999999,0.17592592592592593,0.5714285714285714,0.46496815286624205,0.9555084745762711,0.42362394535958714,0.5855263157894739,0.6481481481481478,0.25806451612903225,0.5
0.6249999999999998,0.345679012345679,0.5833333333333333,0.6342592592592592,0.857142857142857,0.5859872611464969,0.7266949152542372,0.6871836078746512,0.11184210526315841,0.29629629629629617,0.16129032258064524,0.5
0.32499999999999973,0.691358024691358,0.4999999999999999,0.023148148148148154,0.625,0.28025477707006374,0.6334745762711864,0.3593411008437215,0.45394736842105265,0.9999999999999999,0.24193548387096775,0.5
1.0,0.2962962962962963,0.6249999999999999,0.037037037037037035,0.625,0.21656050955414013,0.5614406779661016,0.44290879871434896,0.2565789473684217,0.37037037037037024,0.3870967741935485,0.5
0.5249999999999999,0.3950617283950617,0.5208333333333333,0.18981481481481483,0.4464285714285715,0.5222929936305732,0.5995762711864406,0.4107673764564126,0.5197368421052642,0.685185185185185,0.4193548387096775,0.5
0.3999999999999999,0.3950617283950617,0.47916666666666663,0.662037037037037,0.5714285714285714,0.6624203821656052,0.6038135593220338,0.6229007633587926,0.6250000000000004,0.5185185185185184,0.35483870967741926,0.5
0.5749999999999997,0.7037037037037036,0.1041666666666666,0.027777777777777776,0.7142857142857142,0.28025477707006374,0.2733050847457627,0.44933708316593624,0.45394736842105265,0.38888888888888873,0.14516129032258074,0.33333333333333326
0.4999999999999998,0.1728395061728395,0.4374999999999999,0.21759259259259256,0.625,0.4840764331210191,0.4555084745762712,0.4557653676175235,0.7828947368421058,0.31481481481481477,0.27419354838709675,0.5
0.4999999999999998,0.19753086419753085,0.6458333333333333,0.07870370370370369,0.3928571428571429,0.20382165605095542,0.3495762711864407,0.3336279630373653,0.9013157894736854,0.37037037037037024,0.5483870967741937,0.6666666666666665
0.2999999999999998,0.4444444444444444,0.47916666666666663,0.13425925925925924,0.23214285714285726,0.3439490445859873,0.3961864406779661,0.2629168340699053,0.7828947368421058,0.9074074074074071,0.6935483870967745,0.6666666666666665
0.2999999999999998,0.24691358024691357,0.375,0.04166666666666667,1.0,0.4840764331210191,0.5233050847457628,0.3336279630373653,0.9013157894736854,0.7407407407407406,0.4516129032258067,0.5
0.5249999999999999,0.6172839506172839,0.24999999999999992,0.018518518518518517,0.6785714285714285,0.4713375796178344,0.5444915254237288,0.3593411008437215,0.414473684210527,0.4259259259259258,0.22580645161290325,0.5
0.7249999999999999,0.5185185185185185,0.8124999999999998,0.07870370370370369,0.6071428571428571,0.43312101910828027,0.6716101694915254,0.3850542386500635,0.4802631578947376,0.7777777777777776,0.4193548387096775,0.5
0.5749999999999997,0.7654320987654321,0.5416666666666665,0.5509259259259259,0.5178571428571428,0.30573248407643316,0.22245762711864409,0.44933708316593624,0.4802631578947376,0.12962962962962954,0.5806451612903225,0.33333333333333326
0.44999999999999973,1.0,0.20833333333333323,0.009259259259259259,0.5892857142857143,0.1910828025477707,0.7817796610169492,0.4043390920048253,0.7039473684210527,0.6296296296296297,0.3225806451612905,0.33333333333333326
0.5999999999999999,0.4691358024691358,0.375,0.08333333333333333,0.5892857142857143,0.356687898089172,0.548728813559322,0.41719566090799987,0.3881578947368429,0.5370370370370369,0.19354838709677402,0.5
0.07499999999999996,0.6172839506172839,0.27083333333333326,0.046296296296296294,0.2142857142857144,0.20382165605095542,0.2944915254237288,0.1407794294897542,0.9276315789473686,0.29629629629629617,0.7258064516129035,0.6666666666666665
0.3999999999999999,0.5679012345679012,0.39583333333333326,0.04166666666666667,0.3928571428571429,0.12738853503184716,0.4216101694915254,0.3079148252310233,0.6776315789473686,0.5370370370370369,0.3870967741935485,0.6666666666666665
0.6249999999999998,0.2962962962962963,0.7291666666666665,0.037037037037037035,0.5357142857142857,0.24203821656050956,0.3326271186440678,0.3400562474889526,0.45394736842105265,0.4444444444444443,0.3225806451612905,0.6666666666666665
0.2250000000000001,0.5925925925925926,0.8541666666666665,0.09259259259259259,0.6071428571428571,0.1910828025477707,0.5741525423728814,0.3593411008437215,0.5460526315789482,0.7777777777777776,0.3225806451612905,0.5
0.5999999999999999,0.49382716049382724,0.35416666666666663,0.5509259259259259,0.5535714285714285,0.5859872611464969,0.6758474576271186,0.6678987545199035,0.3881578947368429,0.5555555555555555,0.16129032258064524,0.5
0.6749999999999998,0.6666666666666666,0.39583333333333326,0.41666666666666663,0.6428571428571428,0.30573248407643316,0.5826271186440678,0.6293290478103799,0.414473684210527,0.574074074074074,0.19354838709677402,0.5
0.2999999999999998,0.691358024691358,0.6249999999999999,0.12037037037037036,0.2142857142857144,0.22929936305732485,0.4470338983050848,0.25006026516673785,0.7565789473684217,0.31481481481481477,0.5322580645161292,0.6666666666666665
0.050000000000000044,0.22222222222222227,0.9791666666666665,0.04166666666666667,0.1964285714285715,0.28025477707006374,0.4046610169491525,0.22434712736038875,0.8881578947368429,0.31481481481481477,0.4516129032258067,0.6666666666666665
0.3749999999999998,0.7654320987654321,0.5416666666666665,0.24537037037037035,0.4464285714285715,1.0,0.9999999999999999,0.44933708316593624,0.414473684210527,0.8148148148148148,0.33870967741935476,0.33333333333333326
0.47499999999999987,0.32098765432098764,0.47916666666666663,0.2222222222222222,0.5714285714285714,0.3439490445859873,0.510593220338983,0.5071916432302217,0.7697368421052642,0.4444444444444443,0.27419354838709675,0.5
0.5499999999999998,0.5432098765432098,0.6041666666666665,0.662037037037037,0.3035714285714286,0.7388535031847134,0.684322033898305,0.7193250301325875,0.4934210526315792,0.722222222222222,0.20967741935483875,0.6666666666666665
0.4249999999999998,0.691358024691358,0.47916666666666663,0.023148148148148154,0.2857142857142858,0.14012738853503187,0.19703389830508472,0.2886299718762615,0.3881578947368429,0.4444444444444443,0.4193548387096775,0.33333333333333326
0.32499999999999973,1.0,0.12499999999999992,0.42592592592592593,0.2857142857142858,0.21656050955414013,0.4470338983050848,0.5521896343913326,0.7302631578947376,0.4629629629629628,0.35483870967741926,0.5
0.6249999999999998,0.3950617283950617,0.7083333333333331,0.06481481481481481,0.10714285714285732,0.22929936305732485,0.2097457627118644,0.1857774206508651,0.36184210526315885,0.6296296296296297,0.6774193548387097,0.5
0.4999999999999998,0.7160493827160493,0.8749999999999998,0.5185185185185185,0.5178571428571428,0.7643312101910829,0.6080508474576272,0.6743270389714908,0.5065789473684217,0.40740740740740733,0.12903225806451624,0.33333333333333326
0.4999999999999998,0.4691358024691358,0.06249999999999992,0.032407407407407406,0.4464285714285715,1.0,0.6292372881355932,0.3143431096826035,0.4934210526315792,0.35185185185185175,0.3225806451612905,0.33333333333333326
0.8499999999999996,0.49382716049382724,0.6874999999999999,0.05555555555555555,0.2857142857142858,0.356687898089172,0.3114406779661017,0.29505825632784877,0.37500000000000044,0.31481481481481477,0.5483870967741937,0.33333333333333326
0.3749999999999998,0.2962962962962963,0.6458333333333333,0.04166666666666667,0.3928571428571429,0.42038216560509556,0.3707627118644068,0.29505825632784877,0.861842105263158,0.5185185185185184,0.5483870967741937,0.5
0.27500000000000013,0.4444444444444444,0.375,0.8148148148148148,0.5892857142857143,0.6369426751592357,0.6292372881355932,0.7836078746484603,0.7171052631578951,0.40740740740740733,0.22580645161290325,0.33333333333333326
0.3999999999999999,0.2716049382716049,0.6874999999999999,0.10648148148148147,0.3035714285714286,0.3821656050955414,0.2690677966101695,0.2372036962635633,0.6513157894736845,0.35185185185185175,0.596774193548387,0.5
0.32499999999999973,0.6666666666666666,0.0,0.037037037037037035,0.9642857142857142,0.25477707006369427,0.375,0.4043390920048253,0.5592105263157898,0.5555555555555555,0.19354838709677402,0.33333333333333326
0.5749999999999997,0.4691358024691358,0.45833333333333326,0.8148148148148148,0.5535714285714285,0.6751592356687899,0.9851694915254238,0.8286058658095712,0.3486842105263164,0.6296296296296297,0.11290322580645151,0.33333333333333326
0.4999999999999998,0.345679012345679,0.45833333333333326,0.26388888888888884,0.3571428571428572,0.39490445859872614,0.6377118644067796,0.30148654077943604,0.5723684210526323,0.8148148148148148,0.741935483870968,0.5
0.25,0.49382716049382724,0.5208333333333333,0.15740740740740738,0.2857142857142858,0.4840764331210191,0.336864406779661,0.16006428284452312,0.7697368421052642,0.31481481481481477,0.774193548387097,0.6666666666666665
0.5249999999999999,1.0,0.3124999999999999,0.027777777777777776,0.6071428571428571,0.14012738853503187,0.4470338983050848,0.39148252310165077,0.4802631578947376,0.5370370370370369,0.22580645161290325,0.33333333333333326
0.3749999999999998,0.1481481481481482,0.6249999999999999,0.027777777777777776,0.5178571428571428,0.30573248407643316,0.4088983050847458,0.3143431096826035,0.5986842105263164,0.574074074074074,0.370967741935484,0.5
0.5999999999999999,0.41975308641975306,0.6249999999999999,0.849537037037037,0.4107142857142857,0.5095541401273885,0.5741525423728814,0.8221775813579839,0.21710526315789558,0.4629629629629628,0.16129032258064524,0.5
0.6249999999999998,0.49382716049382724,0.5624999999999999,0.5601851851851851,0.4464285714285715,0.4585987261146497,0.510593220338983,0.7000401767778257,0.6513157894736845,0.9999999999999999,0.25806451612903225,0.5
0.5999999999999999,0.2716049382716049,0.6249999999999999,0.027777777777777776,0.375,0.3821656050955414,0.2775423728813559,0.30148654077943604,0.46710526315789513,0.5185185185185184,0.403225806451613,0.33333333333333326
0.6499999999999999,0.32098765432098764,0.375,0.027777777777777776,0.4642857142857143,0.3184713375796179,0.336864406779661,0.3593411008437215,0.5065789473684217,0.20370370370370372,0.2903225806451615,0.5
0.4999999999999998,0.4444444444444444,0.27083333333333326,0.32870370370370366,0.5714285714285714,0.7006369426751593,0.8072033898305084,0.5650462032945072,0.3881578947368429,0.4629629629629628,0.16129032258064524,0.33333333333333326
0.6499999999999999,0.5679012345679012,0.39583333333333326,0.046296296296296294,0.625,0.39490445859872614,0.4978813559322034,0.37219766974688895,0.664473684210527,0.6296296296296297,0.403225806451613,0.5
0.5499999999999998,0.345679012345679,0.45833333333333326,0.09722222222222222,0.2678571428571429,0.4968152866242038,0.4936440677966102,0.17292085174769056,0.46710526315789513,0.2777777777777777,0.7580645161290325,0.6666666666666665
0.5499999999999998,0.32098765432098764,0.39583333333333326,0.37499999999999994,0.5357142857142857,0.445859872611465,0.8580508474576272,0.5329047810365637,0.5855263157894739,0.5925925925925924,0.3870967741935485,0.5
0.5499999999999998,0.32098765432098764,0.39583333333333326,0.3703703703703703,0.5357142857142857,0.445859872611465,0.8538135593220338,0.5329047810365637,0.5855263157894739,0.5925925925925924,0.3870967741935485,0.5
0.5249999999999999,0.37037037037037035,0.6041666666666665,0.35648148148148145,0.5714285714285714,0.5732484076433121,0.6038135593220338,0.5329047810365637,0.7039473684210527,0.5555555555555555,0.403225806451613,0.6666666666666665
0.4999999999999998,0.5185185185185185,0.8541666666666665,0.5879629629629629,0.6785714285714285,0.5859872611464969,0.739406779661017,0.6614704700683021,0.37500000000000044,0.4259259259259258,0.22580645161290325,0.33333333333333326
0.7499999999999998,0.32098765432098764,0.375,0.027777777777777776,0.6428571428571428,0.22929936305732485,0.2944915254237288,0.41719566090799987,0.3355263157894739,0.4444444444444443,0.17741935483870974,0.33333333333333326
0.5749999999999997,0.5679012345679012,0.7916666666666665,0.6018518518518517,0.7321428571428571,0.6624203821656052,0.7521186440677966,0.6871836078746512,0.3881578947368429,0.4999999999999999,0.20967741935483875,0.33333333333333326
0.3999999999999999,0.6419753086419754,0.020833333333333287,0.023148148148148154,0.5892857142857143,0.21656050955414013,0.2733050847457627,0.3593411008437215,0.5328947368421058,0.29629629629629617,0.2903225806451615,0.33333333333333326
0.6499999999999999,0.18518518518518517,0.5208333333333333,0.07870370370370369,0.5357142857142857,0.910828025477707,0.8241525423728814,0.4043390920048253,0.4934210526315792,0.722222222222222,0.306451612903226,0.6666666666666665
0.5999999999999999,1.0,0.0,0.04166666666666667,1.0,0.178343949044586,0.5572033898305084,0.4300522298111744,0.3486842105263164,0.6481481481481478,0.19354838709677402,0.16666666666666663
0.5499999999999998,0.37037037037037035,0.5624999999999999,0.3009259259259259,0.23214285714285726,0.3694267515923567,0.3580508474576271,0.32719967858577803,0.7171052631578951,0.4629629629629628,0.6612903225806452,0.8333333333333333
0.5249999999999999,0.2962962962962963,0.5833333333333333,0.25925925925925924,0.2142857142857144,0.28025477707006374,0.3283898305084746,0.3143431096826035,0.7565789473684217,0.4999999999999999,0.6774193548387097,0.6666666666666665
0.32499999999999973,0.49382716049382724,0.47916666666666663,0.08796296296296295,0.4821428571428572,0.267515923566879,0.8432203389830508,0.4107673764564126,0.6118421052631589,0.7037037037037034,0.2903225806451615,0.33333333333333326
0.44999999999999973,0.19753086419753085,0.47916666666666663,0.037037037037037035,0.3571428571428572,0.5987261146496816,0.7055084745762712,0.22434712736038875,0.7171052631578951,0.7777777777777776,0.709677419354839,0.8333333333333333
0.34999999999999987,0.6666666666666666,0.0,0.027777777777777776,0.8035714285714284,0.267515923566879,0.375,0.4043390920048253,0.5986842105263164,0.5925925925925924,0.19354838709677402,0.33333333333333326
0.47499999999999987,0.345679012345679,0.5833333333333333,0.046296296296296294,0.23214285714285726,0.28025477707006374,0.3495762711864407,0.26934511852149257,0.6381578947368429,0.685185185185185,0.5806451612903225,0.6666666666666665
0.32499999999999973,0.7407407407407407,0.2291666666666666,0.27777777777777773,0.3214285714285715,0.29299363057324845,0.4978813559322034,0.4300522298111744,0.6513157894736845,0.8703703703703701,0.3870967741935485,0.5
0.2999999999999998,0.41975308641975306,0.39583333333333326,0.07407407407407408,0.1964285714285715,0.6624203821656052,0.451271186440678,0.17292085174769056,0.8223684210526323,0.7962962962962962,0.7903225806451615,0.8333333333333333
0.44999999999999973,1.0,0.7291666666666665,0.537037037037037,0.5892857142857143,0.6624203821656052,0.9555084745762711,0.6678987545199035,0.5986842105263164,0.5925925925925924,0.20967741935483875,0.5
0.5249999999999999,0.3950617283950617,0.5624999999999999,0.9351851851851851,0.2857142857142858,0.4840764331210191,0.5063559322033898,0.6678987545199035,0.5197368421052642,0.20370370370370372,0.4838709677419355,0.5
0.5749999999999997,0.5925925925925926,0.47916666666666663,0.4814814814814814,0.4107142857142857,0.178343949044586,0.19703389830508472,0.42362394535958714,0.5723684210526323,0.33333333333333326,0.5645161290322582,0.0
0.25,0.49382716049382724,0.375,0.09259259259259259,0.6964285714285714,0.356687898089172,0.5783898305084746,0.27577340297307984,0.9539473684210527,0.37037037037037024,0.709677419354839,0.33333333333333326
0.4249999999999998,0.8148148148148147,0.3124999999999999,0.6203703703703703,0.5892857142857143,0.28025477707006374,0.3961864406779661,0.7128967456810003,0.8355263157894739,0.574074074074074,0.2903225806451615,0.5
0.3999999999999999,0.49382716049382724,0.4166666666666665,0.046296296296296294,0.6607142857142856,0.40764331210191085,0.4555084745762712,0.37219766974688895,0.8881578947368429,0.6296296296296297,0.403225806451613,0.6666666666666665
0.5999999999999999,1.0,0.2291666666666666,0.4305555555555555,0.982142857142857,0.24203821656050956,0.6546610169491526,0.6421856167135402,0.29605263157894735,0.5925925925925924,0.17741935483870974,0.33333333333333326
0.32499999999999973,0.2962962962962963,0.33333333333333326,0.027777777777777776,0.4107142857142857,0.40764331210191085,0.4597457627118644,0.32077139413419076,0.5723684210526323,0.40740740740740733,0.33870967741935476,0.33333333333333326
0.27500000000000013,0.9382716049382716,0.1041666666666666,0.09722222222222222,0.4821428571428572,0.3184713375796179,0.5953389830508474,0.3850542386500635,0.861842105263158,0.5370370370370369,0.4193548387096775,0.6666666666666665
0.2999999999999998,0.4691358024691358,0.375,0.046296296296296294,0.5535714285714285,0.3821656050955414,0.3961864406779661,0.3400562474889526,0.7960526315789482,0.5370370370370369,0.403225806451613,0.6666666666666665
0.3999999999999999,0.8148148148148147,0.3124999999999999,0.6203703703703703,0.5892857142857143,0.28025477707006374,0.3961864406779661,0.7128967456810003,0.8355263157894739,0.574074074074074,0.2903225806451615,0.5
0.3749999999999998,0.37037037037037035,0.45833333333333326,0.04166666666666667,0.1250000000000001,0.11464968152866242,0.2648305084745763,0.13435114503816692,0.6513157894736845,0.33333333333333326,0.7903225806451615,0.6666666666666665
0.5749999999999997,0.32098765432098764,0.375,0.3703703703703703,0.7321428571428571,0.30573248407643316,0.3877118644067797,0.5457613499397453,0.19078947368421106,0.5555555555555555,0.24193548387096775,0.33333333333333326
0.2999999999999998,0.7160493827160493,0.47916666666666663,0.018518518518518517,0.6785714285714285,0.3694267515923567,0.8432203389830508,0.3400562474889526,0.6381578947368429,0.9259259259259257,0.2903225806451615,0.5
0.32499999999999973,0.8641975308641974,0.5416666666666665,0.3935185185185185,0.7857142857142856,1.0,0.9724576271186441,0.6421856167135402,0.7434210526315792,0.5185185185185184,0.08064516129032251,0.33333333333333326
0.5499999999999998,0.41975308641975306,0.4166666666666665,0.6759259259259258,0.5714285714285714,0.4840764331210191,0.6419491525423728,0.7128967456810003,0.5460526315789482,0.4259259259259258,0.20967741935483875,0.33333333333333326
0.27500000000000013,0.41975308641975306,0.20833333333333323,0.5462962962962963,0.5714285714285714,0.6114649681528663,0.6038135593220338,0.6550421856167148,0.7171052631578951,0.29629629629629617,0.24193548387096775,0.33333333333333326
0.4999999999999998,0.5925925925925926,0.24999999999999992,0.07407407407407408,0.5178571428571428,0.1656050955414013,0.2055084745762712,0.39148252310165077,0.4802631578947376,0.31481481481481477,0.22580645161290325,0.5
0.5999999999999999,0.7654320987654321,1.0,0.4814814814814814,0.5714285714285714,0.8152866242038217,0.6716101694915254,0.6743270389714908,0.46710526315789513,0.5185185185185184,0.11290322580645151,0.33333333333333326
0.3749999999999998,0.32098765432098764,1.0,0.4351851851851851,1.0,0.40764331210191085,0.451271186440678,0.5843310566492548,0.19078947368421106,0.4444444444444443,0.14516129032258074,0.33333333333333326
0.5499999999999998,0.1481481481481482,0.47916666666666663,0.38888888888888884,0.4285714285714286,0.6624203821656052,0.5148305084745762,0.5457613499397453,0.5460526315789482,0.38888888888888873,0.22580645161290325,0.5
0.5999999999999999,0.5185185185185185,0.9166666666666665,0.8124999999999999,0.5714285714285714,0.7261146496815287,0.6885593220338982,0.777179590196873,0.37500000000000044,0.5555555555555555,0.25806451612903225,0.33333333333333326
0.9499999999999997,0.7160493827160493,1.0,0.5347222222222222,0.4285714285714286,0.24203821656050956,0.586864406779661,0.7193250301325875,0.2565789473684217,0.9444444444444441,0.20967741935483875,0.5
0.4249999999999998,0.7407407407407407,0.5208333333333333,0.1296296296296296,0.375,0.40764331210191085,0.7648305084745762,0.42362394535958714,0.44078947368421106,0.9999999999999997,0.3225806451612905,0.33333333333333326
0.44999999999999973,0.3950617283950617,0.4166666666666665,0.06481481481481481,0.14285714285714296,0.21656050955414013,0.2817796610169491,0.1857774206508651,0.5855263157894739,0.4259259259259258,0.7258064516129035,0.5
0.5499999999999998,0.22222222222222227,0.45833333333333326,0.19444444444444442,0.3392857142857144,0.40764331210191085,0.47669491525423724,0.46862193652069095,0.7302631578947376,0.4814814814814813,0.25806451612903225,0.6666666666666665
0.17500000000000004,0.19753086419753085,0.27083333333333326,0.18055555555555552,0.2678571428571429,0.356687898089172,0.3495762711864407,0.4300522298111744,0.5723684210526323,0.2592592592592592,0.22580645161290325,0.5
0.5499999999999998,0.3950617283950617,0.8749999999999998,0.4814814814814814,0.2500000000000001,0.6751592356687899,0.8792372881355932,0.6036159100040308,0.29605263157894735,0.722222222222222,0.24193548387096775,0.33333333333333326
0.6499999999999999,0.49382716049382724,0.5624999999999999,0.023148148148148154,0.23214285714285726,0.5095541401273885,0.3622881355932203,0.1407794294897542,0.24342105263157965,0.31481481481481477,0.709677419354839,0.6666666666666665
0.5499999999999998,0.345679012345679,0.39583333333333326,0.04166666666666667,0.3928571428571429,0.3439490445859873,0.4046610169491525,0.3593411008437215,0.4013157894736845,0.611111111111111,0.403225806451613,0.5
0.5749999999999997,1.0,0.08333333333333329,0.050925925925925916,1.0,0.24203821656050956,0.6165254237288136,0.44290879871434896,0.21710526315789558,0.6666666666666664,0.19354838709677402,0.5
0.3749999999999998,0.345679012345679,0.4999999999999999,0.050925925925925916,0.4642857142857143,0.8280254777070064,0.6122881355932204,0.3657693852953017,0.6776315789473686,0.6296296296296297,0.3870967741935485,0.5
0.47499999999999987,0.9629629629629628,0.5208333333333333,0.38425925925925924,0.4999999999999999,0.3694267515923567,0.646186440677966,0.5971876255524293,0.5460526315789482,0.7037037037037034,0.19354838709677402,0.33333333333333326
0.27500000000000013,0.691358024691358,0.6666666666666665,0.032407407407407406,0.5714285714285714,0.5477707006369427,0.3580508474576271,0.29505825632784877,0.6907894736842111,0.5370370370370369,0.4193548387096775,0.5
0.25,0.41975308641975306,0.3124999999999999,0.5879629629629629,0.5178571428571428,0.4968152866242038,0.4978813559322034,0.6486139011651275,0.7039473684210527,0.37037037037037024,0.24193548387096775,0.33333333333333326
0.34999999999999987,0.7160493827160493,0.4374999999999999,0.27777777777777773,1.0,0.9808917197452229,0.7648305084745762,0.5329047810365637,0.6381578947368429,0.6666666666666664,0.25806451612903225,0.33333333333333326
0.34999999999999987,0.24691358024691357,0.6041666666666665,0.04166666666666667,0.23214285714285726,0.43312101910828027,0.413135593220339,0.3786259541984762,0.8750000000000004,0.5925925925925924,0.27419354838709675,0.5
0.2999999999999998,0.19753086419753085,0.5833333333333333,0.04166666666666667,0.17857142857142871,0.5222929936305732,0.413135593220339,0.3657693852953017,0.861842105263158,0.5370370370370369,0.27419354838709675,0.5
0.44999999999999973,0.6419753086419754,0.39583333333333326,0.032407407407407406,0.3571428571428572,0.3821656050955414,0.298728813559322,0.2886299718762615,0.3881578947368429,0.37037037037037024,0.435483870967742,0.5
0.6499999999999999,0.5185185185185185,0.4166666666666665,0.046296296296296294,0.5357142857142857,0.6496815286624205,0.6800847457627118,0.41719566090799987,0.7039473684210527,0.8518518518518517,0.403225806451613,0.5
0.6499999999999999,0.4444444444444444,0.45833333333333326,0.324074074074074,0.5714285714285714,0.6369426751592357,0.6673728813559322,0.5843310566492548,0.4276315789473686,0.4259259259259258,0.14516129032258074,0.5
0.5499999999999998,0.49382716049382724,0.5624999999999999,0.018518518518518517,0.3571428571428572,0.07643312101910829,0.2139830508474576,0.17934913619927784,0.37500000000000044,0.4444444444444443,0.6612903225806452,0.5
0.5749999999999997,0.37037037037037035,0.6249999999999999,0.046296296296296294,0.3035714285714286,0.12738853503184716,0.1927966101694915,0.17292085174769056,0.5855263157894739,0.33333333333333326,0.7580645161290325,0.6666666666666665
0.7499999999999998,0.2716049382716049,0.35416666666666663,0.38425925925925924,0.4285714285714286,0.5095541401273885,0.6885593220338982,0.5714744877460944,0.4934210526315792,0.4444444444444443,0.306451612903226,0.5
0.3749999999999998,0.2716049382716049,0.39583333333333326,0.05555555555555555,0.1250000000000001,0.3312101910828026,0.586864406779661,0.23077541181197603,0.5197368421052642,0.7777777777777776,0.5483870967741937,0.5
0.4999999999999998,0.2962962962962963,0.6041666666666665,0.18981481481481483,0.4464285714285715,0.3184713375796179,0.3538135593220339,0.44290879871434896,0.7434210526315792,0.6666666666666664,0.435483870967742,0.5
0.2250000000000001,0.8888888888888888,0.08333333333333329,0.2962962962962963,0.17857142857142871,0.3312101910828026,0.6504237288135594,0.26934511852149257,0.6907894736842111,0.4814814814814813,0.7258064516129035,0.5
0.5999999999999999,0.7901234567901234,1.0,0.4722222222222222,0.4642857142857143,0.8662420382165605,0.7182203389830508,0.6743270389714908,0.36184210526315885,0.4999999999999999,0.09677419354838701,0.16666666666666663
0.4999999999999998,0.37037037037037035,0.47916666666666663,0.046296296296296294,0.1964285714285715,0.5222929936305732,0.5402542372881356,0.2114905584572071,0.6381578947368429,0.5925925925925924,0.7258064516129035,0.5
0.2250000000000001,0.6296296296296297,0.5208333333333333,0.018518518518518517,0.4464285714285715,0.14012738853503187,0.6546610169491526,0.3143431096826035,0.6118421052631589,0.8148148148148148,0.3225806451612905,0.33333333333333326
0.5999999999999999,0.49382716049382724,0.9375,0.7453703703703702,0.5357142857142857,0.6624203821656052,0.7648305084745762,0.7643230212936984,0.36184210526315885,0.4999999999999999,0.24193548387096775,0.5
0.4999999999999998,0.2716049382716049,1.0,0.6296296296296295,0.4107142857142857,0.624203821656051,0.6122881355932204,0.6678987545199035,0.414473684210527,0.4814814814814813,0.25806451612903225,0.5
0.3999999999999999,0.5432098765432098,0.4374999999999999,0.07638888888888888,0.4107142857142857,0.07643312101910829,0.8072033898305084,0.42362394535958714,0.5197368421052642,0.7407407407407406,0.306451612903226,0.5
0.4249999999999998,0.5432098765432098,0.4166666666666665,0.07638888888888888,0.3928571428571429,0.07643312101910829,0.8072033898305084,0.42362394535958714,0.5065789473684217,0.7407407407407406,0.306451612903226,0.33333333333333326
0.7499999999999998,0.24691358024691357,0.45833333333333326,0.537037037037037,0.6785714285714285,0.5605095541401274,0.510593220338983,0.7000401767778257,0.3355263157894739,0.574074074074074,0.14516129032258074,0.5
0.6249999999999998,1.0,0.35416666666666663,0.12499999999999999,1.0,0.06369426751592358,0.489406779661017,0.46862193652069095,0.2697368421052633,0.5555555555555555,0.12903225806451624,0.33333333333333326
0.2999999999999998,0.3950617283950617,0.375,0.060185185185185175,0.5892857142857143,0.4840764331210191,0.6377118644067796,0.4300522298111744,0.9999999999999996,0.5925925925925924,0.3225806451612905,0.6666666666666665
0.27500000000000013,1.0,0.39583333333333326,0.13425925925925924,0.4285714285714286,0.6751592356687899,0.5614406779661016,0.23077541181197603,0.8355263157894739,0.40740740740740733,0.6451612903225807,0.5
0.47499999999999987,0.4691358024691358,0.06249999999999992,0.032407407407407406,0.4642857142857143,0.7643312101910829,0.5021186440677966,0.32077139413419076,0.5328947368421058,0.37037037037037024,0.3225806451612905,0.5
0.7499999999999998,0.6419753086419754,0.5416666666666665,0.05555555555555555,0.4821428571428572,0.07643312101910829,0.625,0.2372036962635633,0.4013157894736845,0.35185185185185175,0.6612903225806452,0.5
0.6249999999999998,0.4444444444444444,0.5624999999999999,0.21296296296296297,0.4464285714285715,0.3694267515923567,0.5148305084745762,0.3850542386500635,0.46710526315789513,0.685185185185185,0.4838709677419355,0.5
0.6499999999999999,0.691358024691358,0.4999999999999999,0.037037037037037035,0.17857142857142871,0.3184713375796179,0.1504237288135593,0.2822016874246742,0.5328947368421058,0.20370370370370372,0.5161290322580645,0.5
0.7499999999999998,0.49382716049382724,0.47916666666666663,0.38888888888888884,0.375,0.40764331210191085,0.4046610169491525,0.5200482121333891,0.4802631578947376,0.31481481481481477,0.370967741935484,0.6666666666666665
0.32499999999999973,0.5679012345679012,0.35416666666666663,0.07407407407407408,0.6428571428571428,0.3312101910828026,0.625,0.35291281639213423,0.7434210526315792,0.4629629629629628,0.3870967741935485,0.5
0.4999999999999998,0.24691358024691357,0.5833333333333333,0.046296296296296294,0.7142857142857142,0.5732484076433121,0.5699152542372882,0.4043390920048253,0.36184210526315885,0.4259259259259258,0.17741935483870974,0.33333333333333326
0.6499999999999999,0.1728395061728395,0.6874999999999999,0.050925925925925916,0.5357142857142857,0.5987261146496816,0.5699152542372882,0.3143431096826035,0.2565789473684217,0.7037037037037034,0.3870967741935485,0.5
0.27500000000000013,0.12345679012345678,0.39583333333333326,0.060185185185185175,0.625,0.22929936305732485,0.2478813559322034,0.30148654077943604,0.8223684210526323,0.7777777777777776,0.4516129032258067,0.5
0.5999999999999999,0.6419753086419754,0.5208333333333333,0.5555555555555555,0.5892857142857143,0.06369426751592358,0.09110169491525424,0.4557653676175235,0.5065789473684217,0.33333333333333326,0.596774193548387,0.33333333333333326
0.7749999999999999,0.2716049382716049,0.35416666666666663,0.06944444444444445,0.4285714285714286,0.07643312101910829,0.5233050847457628,0.4557653676175235,0.3223684210526314,0.9629629629629627,0.2903225806451615,0.33333333333333326
0.5249999999999999,0.41975308641975306,0.6458333333333333,0.032407407407407406,0.4107142857142857,0.25477707006369427,0.3453389830508475,0.19220570510245238,0.29605263157894735,0.31481481481481477,0.5483870967741937,0.5
0.25,0.691358024691358,0.47916666666666663,0.050925925925925916,0.3214285714285715,0.25477707006369427,0.3241525423728814,0.17292085174769056,0.29605263157894735,0.29629629629629617,0.5161290322580645,0.5
0.19999999999999996,0.6666666666666666,0.5833333333333333,0.018518518518518517,0.4107142857142857,0.05095541401273886,0.22245762711864409,0.19863398955403966,0.7434210526315792,0.2222222222222222,0.5483870967741937,0.33333333333333326
0.27500000000000013,0.5925925925925926,0.6249999999999999,0.12499999999999999,1.0,0.28025477707006374,0.510593220338983,0.4043390920048253,0.37500000000000044,0.4259259259259258,0.19354838709677402,0.5
0.5999999999999999,0.5679012345679012,0.7708333333333333,0.20370370370370366,0.4464285714285715,0.012738853503184717,0.0402542372881356,0.22434712736038875,0.3092105263157898,0.574074074074074,0.7258064516129035,0.16666666666666663
0.32499999999999973,0.49382716049382724,0.27083333333333326,0.05555555555555555,0.3392857142857144,0.3821656050955414,0.4088983050847458,0.17292085174769056,0.7302631578947376,0.40740740740740733,0.741935483870968,0.5
0.10000000000000009,0.691358024691358,0.0,0.046296296296296294,0.2857142857142858,0.28025477707006374,0.3580508474576271,0.16006428284452312,0.8355263157894739,0.2407407407407406,0.6774193548387097,0.5
0.19999999999999996,0.2716049382716049,0.7916666666666665,0.18055555555555552,0.2678571428571429,0.21656050955414013,0.3919491525423729,0.32719967858577803,0.9934210526315792,0.4259259259259258,0.5161290322580645,0.5
0.3999999999999999,0.04938271604938271,0.5416666666666665,0.19907407407407407,0.5892857142857143,0.3694267515923567,0.3538135593220339,0.4879067898754599,0.8223684210526323,0.9999999999999999,0.27419354838709675,0.5
0.3999999999999999,0.24691358024691357,0.8124999999999998,0.15740740740740738,1.0,0.7898089171974523,0.5529661016949152,0.47505022097228533,0.3355263157894739,0.33333333333333326,0.20967741935483875,0.33333333333333326
0.6499999999999999,0.41975308641975306,0.5624999999999999,0.5833333333333333,0.9285714285714284,0.6496815286624205,0.6716101694915254,0.6743270389714908,0.2697368421052633,0.4814814814814813,0.16129032258064524,0.5
0.7749999999999999,0.6543209876543209,0.8749999999999998,0.6805555555555556,0.5714285714285714,0.6624203821656052,0.6419491525423728,0.7450381679389366,0.37500000000000044,0.5370370370370369,0.17741935483870974,0.33333333333333326
0.32499999999999973,0.3950617283950617,0.4374999999999999,0.04166666666666667,0.5357142857142857,0.25477707006369427,0.17584745762711862,0.3143431096826035,0.664473684210527,0.5925925925925924,0.3870967741935485,0.33333333333333326
0.4999999999999998,0.41975308641975306,0.3124999999999999,0.18287037037037035,0.6785714285714285,0.4968152866242038,0.8114406779661016,0.5393330654881581,0.7434210526315792,0.8333333333333331,0.24193548387096775,0.5
0.47499999999999987,0.5679012345679012,0.45833333333333326,0.4305555555555555,0.4464285714285715,0.10191082802547771,0.6588983050847458,0.5264764965849764,0.861842105263158,0.611111111111111,0.5483870967741937,0.16666666666666663
0.5999999999999999,0.9382716049382716,1.0,0.45370370370370366,0.625,0.9426751592356688,0.7309322033898306,0.6743270389714908,0.46710526315789513,0.37037037037037024,0.11290322580645151,0.33333333333333326
0.17500000000000004,0.6666666666666666,0.5416666666666665,0.023148148148148154,0.5357142857142857,0.15286624203821658,0.625,0.3143431096826035,0.7039473684210527,0.8518518518518517,0.306451612903226,0.5
0.47499999999999987,0.3950617283950617,0.6666666666666665,0.37499999999999994,0.375,0.3439490445859873,0.5444915254237288,0.5200482121333891,0.5460526315789482,0.7407407407407406,0.306451612903226,0.5
0.4999999999999998,0.49382716049382724,0.1666666666666666,0.6157407407407407,0.5714285714285714,0.5987261146496816,0.6038135593220338,0.7193250301325875,0.5328947368421058,0.5370370370370369,0.16129032258064524,0.5
0.3999999999999999,0.19753086419753085,0.27083333333333326,0.037037037037037035,0.4464285714285715,0.4968152866242038,0.548728813559322,0.39791080755323804,0.9013157894736854,0.6666666666666664,0.3225806451612905,0.5
0.3749999999999998,0.4444444444444444,0.3124999999999999,0.3055555555555555,0.4285714285714286,0.4585987261146497,0.646186440677966,0.5586179188429199,0.9013157894736854,0.7777777777777776,0.27419354838709675,0.5
0.7249999999999999,0.345679012345679,0.6874999999999999,0.060185185185185175,0.6607142857142856,0.10191082802547771,0.2860169491525424,0.32719967858577803,0.6513157894736845,0.4999999999999999,0.6129032258064517,0.5
0.4249999999999998,0.24691358024691357,0.45833333333333326,0.050925925925925916,0.5178571428571428,0.356687898089172,0.4555084745762712,0.3657693852953017,0.9013157894736854,0.5185185185185184,0.35483870967741926,0.6666666666666665
0.5499999999999998,0.5432098765432098,0.8749999999999998,0.6018518518518517,0.625,0.4840764331210191,0.6292372881355932,0.6743270389714908,0.3486842105263164,0.5555555555555555,0.25806451612903225,0.6666666666666665
1.0,0.41975308641975306,0.5208333333333333,0.027777777777777776,0.1964285714285715,0.3694267515923567,0.3114406779661017,0.2886299718762615,0.164473684210527,0.2777777777777777,0.5322580645161292,0.6666666666666665
0.7499999999999998,0.49382716049382724,0.5208333333333333,0.046296296296296294,0.23214285714285726,0.3821656050955414,0.4173728813559322,0.19220570510245238,0.2565789473684217,0.29629629629629617,0.6612903225806452,0.6666666666666665
0.8999999999999999,0.6666666666666666,1.0,0.537037037037037,0.5535714285714285,0.25477707006369427,0.5953389830508474,0.7128967456810003,0.23026315789473717,0.7962962962962962,0.22580645161290325,0.33333333333333326
0.32499999999999973,0.8148148148148147,0.3124999999999999,0.046296296296296294,0.6071428571428571,0.178343949044586,0.4978813559322034,0.3786259541984762,0.6776315789473686,0.5185185185185184,0.3870967741935485,0.5
0.27500000000000013,0.32098765432098764,0.3124999999999999,0.5324074074074073,0.5178571428571428,0.6496815286624205,0.6165254237288136,0.6293290478103799,0.5855263157894739,0.31481481481481477,0.24193548387096775,0.33333333333333326
0.5999999999999999,0.6419753086419754,0.7291666666666665,0.16666666666666669,0.5714285714285714,0.624203821656051,0.527542372881356,0.25006026516673785,0.2697368421052633,0.9999999999999997,0.6935483870967745,0.5
0.47499999999999987,0.32098765432098764,0.6874999999999999,0.3935185185185185,0.6071428571428571,0.3694267515923567,0.5529661016949152,0.5264764965849764,0.414473684210527,0.9629629629629627,0.306451612903226,0.6666666666666665
0.27500000000000013,0.7160493827160493,0.020833333333333287,0.046296296296296294,0.75,0.4713375796178344,0.4597457627118644,0.3400562474889526,0.5723684210526323,0.4814814814814813,0.33870967741935476,0.33333333333333326
0.7249999999999999,0.6419753086419754,0.375,0.37962962962962965,0.857142857142857,0.4713375796178344,0.6970338983050848,0.6293290478103799,0.37500000000000044,0.759259259259259,0.19354838709677402,0.5
0.6499999999999999,0.5432098765432098,0.27083333333333326,0.037037037037037035,0.5535714285714285,0.178343949044586,0.489406779661017,0.3657693852953017,0.36184210526315885,0.9999999999999999,0.3870967741935485,0.6666666666666665
0.4999999999999998,1.0,0.4374999999999999,0.16666666666666669,0.9107142857142856,0.4585987261146497,0.6165254237288136,0.47505022097228533,0.5197368421052642,0.37037037037037024,0.17741935483870974,0.33333333333333326
0.7499999999999998,0.345679012345679,0.6041666666666665,0.44907407407407407,0.7857142857142856,0.3312101910828026,0.336864406779661,0.6164724789072054,0.414473684210527,0.4629629629629628,0.3225806451612905,0.5
0.5999999999999999,0.6666666666666666,0.5208333333333333,0.5462962962962963,0.6428571428571428,0.05095541401273886,0.07415254237288135,0.46862193652069095,0.4276315789473686,0.31481481481481477,0.5645161290322582,0.5
0.2999999999999998,0.4444444444444444,0.8541666666666665,0.07407407407407408,0.5892857142857143,0.7261146496815287,0.565677966101695,0.3657693852953017,0.36184210526315885,0.722222222222222,0.2903225806451615,0.33333333333333326
0.32499999999999973,0.4444444444444444,0.8749999999999998,0.07407407407407408,0.625,0.7515923566878981,0.5699152542372882,0.37219766974688895,0.36184210526315885,0.7037037037037034,0.2903225806451615,0.5
0.4249999999999998,0.49382716049382724,0.375,0.21296296296296297,0.4464285714285715,0.535031847133758,0.6758474576271186,0.49433507432704715,0.5065789473684217,0.8703703703703701,0.22580645161290325,0.5
0.6499999999999999,0.8148148148148147,1.0,0.4722222222222222,0.6428571428571428,0.9554140127388535,0.739406779661017,0.6743270389714908,0.3223684210526314,0.4444444444444443,0.11290322580645151,0.33333333333333326
0.4249999999999998,0.49382716049382724,0.4166666666666665,0.09722222222222222,0.4107142857142857,0.30573248407643316,0.3707627118644068,0.2629168340699053,0.6776315789473686,0.35185185185185175,0.5806451612903225,0.6666666666666665
0.47499999999999987,0.6419753086419754,0.9375,0.7268518518518519,0.5714285714285714,0.535031847133758,0.684322033898305,0.7450381679389366,0.3092105263157898,0.6296296296296297,0.12903225806451624,0.33333333333333326
0.5999999999999999,0.2962962962962963,0.5208333333333333,0.09722222222222222,0.3035714285714286,0.5987261146496816,0.5572033898305084,0.1857774206508651,0.46710526315789513,0.31481481481481477,0.7580645161290325,0.6666666666666665
0.6499999999999999,0.2962962962962963,0.4999999999999999,0.060185185185185175,0.3571428571428572,0.4713375796178344,0.5021186440677966,0.25006026516673785,0.4802631578947376,0.40740740740740733,0.596774193548387,0.6666666666666665
0.8499999999999996,0.345679012345679,0.4374999999999999,0.05555555555555555,0.5714285714285714,0.5732484076433121,0.701271186440678,0.39791080755323804,0.4276315789473686,0.5185185185185184,0.35483870967741926,0.5
0.8499999999999996,0.37037037037037035,0.4166666666666665,0.05555555555555555,0.5714285714285714,0.5732484076433121,0.7097457627118644,0.39791080755323804,0.4276315789473686,0.5185185185185184,0.35483870967741926,0.5
0.5749999999999997,0.345679012345679,0.4999999999999999,0.10185185185185185,0.3214285714285715,0.5859872611464969,0.565677966101695,0.17934913619927784,0.45394736842105265,0.29629629629629617,0.7580645161290325,0.6666666666666665
0.2999999999999998,0.7407407407407407,0.35416666666666663,0.25,0.3392857142857144,0.5095541401273885,0.48516949152542377,0.2629168340699053,0.7565789473684217,0.29629629629629617,0.6935483870967745,0.6666666666666665
0.2250000000000001,0.24691358024691357,0.27083333333333326,0.16666666666666669,0.4821428571428572,0.29299363057324845,0.3877118644067797,0.44290879871434896,0.7171052631578951,0.31481481481481477,0.22580645161290325,0.33333333333333326
0.6249999999999998,0.5432098765432098,0.27083333333333326,0.2685185185185185,0.7321428571428571,0.535031847133758,0.6292372881355932,0.4879067898754599,0.4276315789473686,0.2407407407407406,0.33870967741935476,0.5
0.6499999999999999,0.3950617283950617,0.27083333333333326,0.4675925925925925,0.4821428571428572,0.30573248407643316,0.260593220338983,0.5329047810365637,0.07236842105263186,0.2592592592592592,0.27419354838709675,0.5
0.44999999999999973,0.41975308641975306,0.4374999999999999,0.046296296296296294,0.5535714285714285,0.3821656050955414,0.48516949152542377,0.3786259541984762,0.8092105263157898,0.5370370370370369,0.33870967741935476,0.6666666666666665
0.6499999999999999,0.4444444444444444,0.4374999999999999,0.33796296296296297,0.6071428571428571,0.4585987261146497,0.5826271186440678,0.590759341100842,0.4276315789473686,0.4814814814814813,0.14516129032258074,0.5
0.32499999999999973,0.5925925925925926,0.33333333333333326,0.050925925925925916,0.3392857142857144,0.445859872611465,0.4936440677966102,0.3143431096826035,0.8750000000000004,0.5185185185185184,0.4516129032258067,0.6666666666666665
0.5249999999999999,0.49382716049382724,0.375,0.06944444444444445,0.375,0.5095541401273885,0.43008474576271183,0.35291281639213423,0.8092105263157898,0.4999999999999999,0.4516129032258067,0.6666666666666665
0.5499999999999998,0.37037037037037035,0.4999999999999999,0.2407407407407407,0.4464285714285715,0.29299363057324845,0.4936440677966102,0.5071916432302217,0.5065789473684217,0.6666666666666664,0.24193548387096775,0.5
0.5749999999999997,0.5679012345679012,0.8541666666666665,0.6435185185185185,0.7857142857142856,0.05095541401273886,0.5444915254237288,0.7193250301325875,0.17763157894736858,0.40740740740740733,0.17741935483870974,0.33333333333333326
0.6249999999999998,0.2962962962962963,0.5833333333333333,0.027777777777777776,0.3928571428571429,0.5859872611464969,0.4216101694915254,0.3143431096826035,0.6776315789473686,0.4999999999999999,0.467741935483871,0.5
0.5249999999999999,0.8148148148148147,0.4999999999999999,0.43981481481481477,0.4999999999999999,0.3312101910828026,0.5614406779661016,0.6229007633587926,0.5197368421052642,0.5555555555555555,0.22580645161290325,0.33333333333333326
0.3999999999999999,0.9135802469135803,0.0,0.023148148148148154,0.2678571428571429,0.10191082802547771,0.47245762711864403,0.21791884290880148,0.21710526315789558,0.11111111111111116,0.4516129032258067,0.33333333333333326
0.3999999999999999,0.9753086419753085,0.0,0.018518518518518517,0.2678571428571429,0.089171974522293,0.47245762711864403,0.2114905584572071,0.21710526315789558,0.12962962962962954,0.4516129032258067,0.33333333333333326
0.3749999999999998,0.4691358024691358,0.6041666666666665,0.013888888888888888,0.6428571428571428,0.06369426751592358,0.510593220338983,0.35291281639213423,0.8486842105263164,0.5185185185185184,0.403225806451613,0.6666666666666665
0.5499999999999998,0.5185185185185185,0.5833333333333333,0.19907407407407407,0.3392857142857144,0.30573248407643316,0.4555084745762712,0.3657693852953017,0.4802631578947376,0.40740740740740733,0.4516129032258067,0.5
0.27500000000000013,0.4691358024691358,0.4166666666666665,0.5,0.375,0.3694267515923567,0.4046610169491525,0.5007633587786344,0.7171052631578951,0.4814814814814813,0.403225806451613,0.8333333333333333
0.5249999999999999,0.2716049382716049,0.6458333333333333,0.037037037037037035,0.375,0.15286624203821658,0.1504237288135593,0.24363198071515058,0.36184210526315885,0.8518518518518517,0.5645161290322582,0.6666666666666665
0.47499999999999987,0.5432098765432098,0.5416666666666665,0.037037037037037035,1.0,0.43312101910828027,0.5953389830508474,0.42362394535958714,0.4013157894736845,0.5925925925925924,0.22580645161290325,0.5
0.5999999999999999,0.3950617283950617,0.6458333333333333,0.037037037037037035,0.5357142857142857,0.3694267515923567,0.3665254237288136,0.27577340297307984,0.09868421052631593,0.29629629629629617,0.4516129032258067,0.5
0.3749999999999998,0.4444444444444444,0.8333333333333333,0.04166666666666667,0.6607142857142856,0.40764331210191085,0.48516949152542377,0.3400562474889526,0.24342105263157965,0.722222222222222,0.2903225806451615,0.5
0.6249999999999998,0.41975308641975306,0.4166666666666665,0.3194444444444444,0.6071428571428571,0.4585987261146497,0.586864406779661,0.6036159100040308,0.8223684210526323,0.29629629629629617,0.25806451612903225,0.33333333333333326
0.32499999999999973,0.49382716049382724,0.33333333333333326,0.7939814814814814,0.5178571428571428,0.5859872611464969,0.5995762711864406,0.7836078746484603,0.7039473684210527,0.4814814814814813,0.24193548387096775,0.33333333333333326
0.6499999999999999,0.7160493827160493,0.5416666666666665,0.2361111111111111,0.8214285714285714,0.12738853503184716,0.3156779661016949,0.6036159100040308,0.8881578947368429,0.8703703703703701,0.435483870967742,0.5
0.4249999999999998,0.691358024691358,0.39583333333333326,0.12037037037037036,0.3928571428571429,0.3439490445859873,0.4216101694915254,0.2372036962635633,0.5855263157894739,0.7962962962962962,0.709677419354839,0.8333333333333333
0.6499999999999999,0.3950617283950617,0.6458333333333333,0.17129629629629628,0.3035714285714286,0.089171974522293,0.3199152542372881,0.3143431096826035,0.37500000000000044,0.31481481481481477,0.5,0.5
0.6749999999999998,0.37037037037037035,1.0,0.4814814814814814,0.5714285714285714,0.445859872611465,0.48093220338983056,0.6871836078746512,0.24342105263157965,0.29629629629629617,0.12903225806451624,0.33333333333333326
0.6749999999999998,0.32098765432098764,1.0,0.47685185185185186,0.5357142857142857,0.4585987261146497,0.48093220338983056,0.6871836078746512,0.2565789473684217,0.2592592592592592,0.11290322580645151,0.33333333333333326
0.7499999999999998,0.5925925925925926,0.4999999999999999,0.08333333333333333,0.3928571428571429,0.20382165605095542,0.3453389830508475,0.2629168340699053,0.5328947368421058,0.7962962962962962,0.596774193548387,0.6666666666666665
0.7499999999999998,0.4444444444444444,0.375,0.060185185185185175,0.6428571428571428,0.6369426751592357,0.7436440677966102,0.3657693852953017,0.5592105263157898,0.5185185185185184,0.467741935483871,0.5
0.7249999999999999,0.3950617283950617,0.375,0.05555555555555555,0.6428571428571428,0.6369426751592357,0.722457627118644,0.3657693852953017,0.5592105263157898,0.5185185185185184,0.4516129032258067,0.5
0.6499999999999999,0.2716049382716049,0.4374999999999999,0.037037037037037035,0.75,0.39490445859872614,0.489406779661017,0.3786259541984762,0.414473684210527,0.5185185185185184,0.25806451612903225,0.5
0.4249999999999998,0.9382716049382716,0.6666666666666665,0.75,1.0,0.7261146496815287,0.8580508474576272,0.7836078746484603,0.4934210526315792,0.6666666666666664,0.16129032258064524,0.33333333333333326
0.4249999999999998,0.4444444444444444,0.7083333333333331,0.38425925925925924,1.0,0.6114649681528663,0.6419491525423728,0.6036159100040308,0.059210526315789824,0.5185185185185184,0.16129032258064524,0.33333333333333326
0.125,0.5925925925925926,0.06249999999999992,0.27777777777777773,0.4999999999999999,0.25477707006369427,0.5148305084745762,0.42362394535958714,0.7302631578947376,0.7037037037037034,0.3870967741935485,0.5
0.5999999999999999,0.3950617283950617,0.5208333333333333,0.023148148148148154,0.5357142857142857,0.012738853503184717,0.1885593220338983,0.26934511852149257,0.5592105263157898,0.5370370370370369,0.5483870967741937,0.33333333333333326
0.2999999999999998,0.691358024691358,0.0,0.037037037037037035,0.9107142857142856,0.3184713375796179,0.4597457627118644,0.4043390920048253,0.5986842105263164,0.611111111111111,0.20967741935483875,0.33333333333333326
0.34999999999999987,0.3950617283950617,0.4166666666666665,0.5879629629629629,0.4285714285714286,0.5987261146496816,0.4682203389830508,0.5200482121333891,0.6907894736842111,0.4444444444444443,0.4838709677419355,0.8333333333333333
0.6999999999999997,1.0,0.06249999999999992,0.45370370370370366,1.0,0.25477707006369427,0.6673728813559322,0.7193250301325875,0.6776315789473686,0.4259259259259258,0.17741935483870974,0.16666666666666663
0.5499999999999998,0.5925925925925926,0.3124999999999999,0.25925925925925924,0.5892857142857143,0.3694267515923567,0.8834745762711864,0.5521896343913326,0.5592105263157898,0.7407407407407406,0.22580645161290325,0.5
0.25,0.5679012345679012,0.4999999999999999,0.027777777777777776,0.375,0.267515923566879,0.336864406779661,0.2886299718762615,0.4934210526315792,0.7037037037037034,0.403225806451613,0.5
0.5499999999999998,0.37037037037037035,0.6874999999999999,0.8078703703703703,0.625,0.42038216560509556,0.527542372881356,0.8221775813579839,0.5460526315789482,0.37037037037037024,0.12903225806451624,0.33333333333333326
0.5249999999999999,0.3950617283950617,0.4999999999999999,0.19444444444444442,0.4464285714285715,0.178343949044586,0.47245762711864403,0.41719566090799987,0.5986842105263164,0.7777777777777776,0.435483870967742,0.5
0.2999999999999998,0.5185185185185185,0.2291666666666666,0.5555555555555555,0.5357142857142857,0.5477707006369427,0.7097457627118644,0.6486139011651275,0.6907894736842111,0.37037037037037024,0.24193548387096775,0.33333333333333326
0.32499999999999973,0.22222222222222227,0.39583333333333326,0.18055555555555552,0.3214285714285715,0.5605095541401274,0.5529661016949152,0.39791080755323804,0.8223684210526323,0.4999999999999999,0.467741935483871,0.5
0.27500000000000013,0.1481481481481482,0.33333333333333326,0.18055555555555552,0.2142857142857144,0.40764331210191085,0.510593220338983,0.4043390920048253,0.9013157894736854,0.5370370370370369,0.4516129032258067,0.5
0.34999999999999987,0.22222222222222227,0.39583333333333326,0.18981481481481483,0.3928571428571429,0.4713375796178344,0.48093220338983056,0.3850542386500635,0.7960526315789482,0.4444444444444443,0.4516129032258067,0.6666666666666665
0.6499999999999999,0.49382716049382724,0.33333333333333326,0.5231481481481481,0.6785714285714285,0.29299363057324845,0.5444915254237288,0.6743270389714908,0.3881578947368429,0.7407407407407406,0.19354838709677402,0.33333333333333326
0.19999999999999996,0.6666666666666666,0.1041666666666666,0.20370370370370366,0.5535714285714285,0.5859872611464969,0.7563559322033898,0.42362394535958714,0.6513157894736845,0.9074074074074071,0.370967741935484,0.33333333333333326
0.25,0.6296296296296297,0.1041666666666666,0.2407407407407407,0.5535714285714285,0.5987261146496816,0.7521186440677966,0.42362394535958714,0.6513157894736845,0.9074074074074071,0.370967741935484,0.33333333333333326
0.19999999999999996,0.382716049382716,0.4166666666666665,0.027777777777777776,0.5714285714285714,0.39490445859872614,0.4555084745762712,0.25006026516673785,0.7039473684210527,0.5185185185185184,0.4838709677419355,0.6666666666666665
0.32499999999999973,0.49382716049382724,0.33333333333333326,0.5694444444444444,0.6964285714285714,0.40764331210191085,0.7182203389830508,0.6936118923262384,0.5855263157894739,0.38888888888888873,0.16129032258064524,0.16666666666666663
0.3749999999999998,0.32098765432098764,0.4999999999999999,0.6157407407407407,0.5535714285714285,0.8407643312101911,0.6758474576271186,0.6421856167135402,0.7302631578947376,0.5185185185185184,0.3870967741935485,0.5
0.3999999999999999,0.3950617283950617,0.39583333333333326,0.5046296296296295,0.625,0.40764331210191085,0.6080508474576272,0.6293290478103799,0.664473684210527,0.4259259259259258,0.24193548387096775,0.33333333333333326
0.3999999999999999,0.3950617283950617,0.4166666666666665,0.5,0.6428571428571428,0.3821656050955414,0.6207627118644068,0.6229007633587926,0.664473684210527,0.4259259259259258,0.24193548387096775,0.33333333333333326
0.3749999999999998,0.4444444444444444,0.33333333333333326,0.3333333333333333,0.7678571428571428,0.535031847133758,0.6207627118644068,0.5779027721976817,0.5723684210526323,0.35185185185185175,0.16129032258064524,0.33333333333333326
0.4249999999999998,0.6172839506172839,1.0,0.023148148148148154,0.8214285714285714,0.06369426751592358,0.5572033898305084,0.3786259541984762,0.37500000000000044,0.6481481481481478,0.24193548387096775,0.16666666666666663
0.6499999999999999,0.06172839506172839,0.5208333333333333,0.537037037037037,0.625,0.7006369426751593,0.5360169491525424,0.6550421856167148,0.46710526315789513,0.2777777777777777,0.16129032258064524,0.5
0.2999999999999998,0.5925925925925926,0.06249999999999992,0.24537037037037035,0.4642857142857143,0.40764331210191085,0.722457627118644,0.46862193652069095,0.46710526315789513,0.9259259259259257,0.3225806451612905,0.33333333333333326
0.5749999999999997,0.4444444444444444,0.5208333333333333,0.6388888888888888,0.9285714285714284,0.42038216560509556,0.7182203389830508,0.7386098834873494,0.3486842105263164,0.574074074074074,0.17741935483870974,0.6666666666666665
0.27500000000000013,0.3950617283950617,0.35416666666666663,0.5416666666666666,0.6785714285714285,0.40764331210191085,0.48516949152542377,0.6486139011651275,0.7039473684210527,0.4259259259259258,0.24193548387096775,0.5
0.4249999999999998,0.32098765432098764,0.5833333333333333,0.08796296296296295,0.5892857142857143,0.8662420382165605,0.5021186440677966,0.29505825632784877,0.6907894736842111,0.9814814814814813,0.5483870967741937,0.6666666666666665
0.7249999999999999,0.4691358024691358,0.5416666666666665,0.21759259259259256,0.2678571428571429,0.356687898089172,0.413135593220339,0.3143431096826035,0.4013157894736845,0.37037037037037024,0.6774193548387097,0.5
1.0,0.4691358024691358,0.5416666666666665,0.19907407407407407,0.23214285714285726,0.3184713375796179,0.3199152542372881,0.39148252310165077,0.3092105263157898,0.33333333333333326,0.5322580645161292,0.5
0.6249999999999998,0.6419753086419754,0.24999999999999992,0.12037037037037036,0.625,0.15286624203821658,0.4936440677966102,0.41719566090799987,0.5855263157894739,0.40740740740740733,0.35483870967741926,0.33333333333333326
0.44999999999999973,0.4691358024691358,0.33333333333333326,0.11574074074074074,0.6607142857142856,0.4968152866242038,0.7139830508474576,0.2822016874246742,0.5723684210526323,0.33333333333333326,0.5322580645161292,0.33333333333333326
0.4999999999999998,0.5185185185185185,0.1458333333333333,0.037037037037037035,0.4107142857142857,1.0,0.9110169491525424,0.32719967858577803,0.45394736842105265,0.4629629629629628,0.3225806451612905,0.16666666666666663
0.5749999999999997,0.49382716049382724,0.35416666666666663,0.060185185185185175,0.6071428571428571,0.12738853503184716,0.2817796610169491,0.4043390920048253,0.45394736842105265,0.29629629629629617,0.22580645161290325,0.33333333333333326
0.4999999999999998,0.41975308641975306,0.5208333333333333,0.6203703703703703,0.3035714285714286,0.5732484076433121,0.48093220338983056,0.5200482121333891,0.7434210526315792,0.5185185185185184,0.6774193548387097,0.6666666666666665
0.5499999999999998,1.0,0.020833333333333287,0.35648148148148145,1.0,0.267515923566879,0.7139830508474576,0.6486139011651275,0.7828947368421058,0.4629629629629628,0.19354838709677402,0.16666666666666663
0.5749999999999997,0.22222222222222227,0.6041666666666665,0.3148148148148148,0.6607142857142856,0.5987261146496816,0.6885593220338982,0.5586179188429199,0.7171052631578951,0.5555555555555555,0.25806451612903225,0.5
0.7499999999999998,0.49382716049382724,0.27083333333333326,0.037037037037037035,0.7321428571428571,0.28025477707006374,0.4682203389830508,0.46862193652069095,0.6250000000000004,0.4814814814814813,0.24193548387096775,0.33333333333333326
0.4999999999999998,0.345679012345679,0.5833333333333333,0.050925925925925916,0.375,0.4585987261146497,0.7436440677966102,0.2372036962635633,0.7171052631578951,0.9259259259259257,0.7258064516129035,0.5
0.32499999999999973,0.1481481481481482,0.33333333333333326,0.032407407407407406,0.5714285714285714,0.445859872611465,0.6504237288135594,0.34648453194054696,0.7171052631578951,0.4444444444444443,0.3225806451612905,0.5
0.3999999999999999,0.3950617283950617,0.8541666666666665,0.5092592592592592,0.5714285714285714,0.7388535031847134,0.8114406779661016,0.6100441944556181,0.4934210526315792,0.6481481481481478,0.20967741935483875,0.33333333333333326
0.7499999999999998,0.8395061728395061,0.35416666666666663,0.3981481481481481,0.7678571428571428,0.40764331210191085,0.760593220338983,0.6486139011651275,0.44078947368421106,0.611111111111111,0.20967741935483875,0.5
0.44999999999999973,0.49382716049382724,0.5624999999999999,0.050925925925925916,0.4107142857142857,0.25477707006369427,0.3453389830508475,0.2629168340699053,0.6381578947368429,0.6481481481481478,0.5806451612903225,0.5
0.5749999999999997,0.5925925925925926,0.5208333333333333,0.6435185185185185,0.4285714285714286,0.5605095541401274,0.5529661016949152,0.5071916432302217,0.7565789473684217,0.5185185185185184,0.7258064516129035,0.8333333333333333
0.47499999999999987,0.5679012345679012,0.4374999999999999,0.06944444444444445,0.4107142857142857,0.20382165605095542,0.4682203389830508,0.3657693852953017,0.7302631578947376,0.759259259259259,0.4193548387096775,0.5
0.3999999999999999,0.5925925925925926,0.8541666666666665,0.4675925925925925,0.5714285714285714,0.7006369426751593,0.7902542372881356,0.6229007633587926,0.36184210526315885,0.7037037037037034,0.22580645161290325,0.33333333333333326
0.32499999999999973,0.49382716049382724,0.33333333333333326,0.29166666666666663,0.7321428571428571,0.535031847133758,0.7690677966101694,0.5393330654881581,0.5065789473684217,0.33333333333333326,0.17741935483870974,0.5
0.27500000000000013,0.5185185185185185,0.33333333333333326,0.5277777777777778,0.75,0.5859872611464969,0.8665254237288136,0.706468461229413,0.5592105263157898,0.35185185185185175,0.16129032258064524,0.5
0.25,0.5925925925925926,0.6041666666666665,0.1921296296296296,0.3214285714285715,0.267515923566879,0.3156779661016949,0.25006026516673785,0.8092105263157898,0.37037037037037024,0.6129032258064517,0.6666666666666665
0.2250000000000001,0.5925925925925926,0.6041666666666665,0.1921296296296296,0.3214285714285715,0.267515923566879,0.3156779661016949,0.25006026516673785,0.8092105263157898,0.37037037037037024,0.6129032258064517,0.6666666666666665
0.47499999999999987,0.49382716049382724,0.1041666666666666,0.037037037037037035,0.4999999999999999,0.7898089171974523,0.5911016949152542,0.3143431096826035,0.4802631578947376,0.31481481481481477,0.3225806451612905,0.33333333333333326
0.4999999999999998,0.6419753086419754,1.0,0.032407407407407406,0.7678571428571428,0.12738853503184716,0.6419491525423728,0.3850542386500635,0.3355263157894739,0.4629629629629628,0.27419354838709675,0.33333333333333326
0.27500000000000013,0.41975308641975306,0.33333333333333326,0.49537037037037035,0.6607142857142856,0.356687898089172,0.6165254237288136,0.635757332261953,0.5723684210526323,0.40740740740740733,0.24193548387096775,0.5
0.3999999999999999,0.4691358024691358,0.47916666666666663,0.18055555555555552,1.0,0.7515923566878981,0.6546610169491526,0.49433507432704715,0.414473684210527,0.4814814814814813,0.22580645161290325,0.33333333333333326
0.8249999999999997,0.9382716049382716,0.45833333333333326,0.050925925925925916,0.6607142857142856,0.6114649681528663,0.6927966101694916,0.3336279630373653,0.29605263157894735,0.37037037037037024,0.5161290322580645,0.33333333333333326
0.34999999999999987,0.691358024691358,0.35416666666666663,0.5833333333333333,0.6428571428571428,0.6624203821656052,0.7690677966101694,0.6743270389714908,0.5855263157894739,0.4444444444444443,0.16129032258064524,0.33333333333333326
0.4999999999999998,0.345679012345679,0.5416666666666665,0.2268518518518518,0.4999999999999999,0.24203821656050956,0.4004237288135593,0.4300522298111744,0.6513157894736845,0.574074074074074,0.435483870967742,0.6666666666666665
0.4999999999999998,1.0,0.4374999999999999,0.5740740740740741,1.0,0.25477707006369427,0.7351694915254238,0.7257533145841748,0.36184210526315885,0.8333333333333331,0.16129032258064524,0.16666666666666663
0.5999999999999999,0.49382716049382724,0.4374999999999999,0.4675925925925925,0.5178571428571428,0.7515923566878981,0.8580508474576272,0.6486139011651275,0.44078947368421106,0.5185185185185184,0.17741935483870974,0.5
0.47499999999999987,0.22222222222222227,0.5833333333333333,0.06481481481481481,0.4285714285714286,0.40764331210191085,0.4470338983050848,0.32719967858577803,0.5986842105263164,0.7037037037037034,0.4516129032258067,0.6666666666666665
0.5249999999999999,0.2962962962962963,0.5208333333333333,0.060185185185185175,0.4999999999999999,0.29299363057324845,0.4936440677966102,0.4107673764564126,0.664473684210527,0.7037037037037034,0.33870967741935476,0.16666666666666663
0.32499999999999973,0.691358024691358,0.1458333333333333,0.2685185185185185,0.3928571428571429,0.43312101910828027,0.7563559322033898,0.46862193652069095,0.4802631578947376,0.7407407407407406,0.306451612903226,0.5
0.2999999999999998,0.691358024691358,0.1458333333333333,0.26388888888888884,0.375,0.43312101910828027,0.7266949152542372,0.4557653676175235,0.4802631578947376,0.7407407407407406,0.2903225806451615,0.33333333333333326
0.27500000000000013,0.7160493827160493,0.1041666666666666,0.26388888888888884,0.375,0.40764331210191085,0.701271186440678,0.46862193652069095,0.4802631578947376,0.759259259259259,0.2903225806451615,0.33333333333333326
0.6999999999999997,0.5185185185185185,1.0,0.7824074074074073,0.4642857142857143,0.624203821656051,0.8707627118644068,0.8093210124548094,0.46710526315789513,0.8148148148148148,0.24193548387096775,0.5
0.3749999999999998,0.6419753086419754,0.39583333333333326,0.6527777777777777,0.5714285714285714,0.5987261146496816,0.7563559322033898,0.6807553234230639,0.5592105263157898,0.4444444444444443,0.24193548387096775,0.33333333333333326
0.47499999999999987,0.2716049382716049,0.5208333333333333,0.018518518518518517,0.1250000000000001,0.25477707006369427,0.3156779661016949,0.2629168340699053,0.5592105263157898,0.6481481481481478,0.5,0.5
0.6749999999999998,0.5679012345679012,0.8749999999999998,0.6574074074074074,0.4285714285714286,0.7643312101910829,0.7817796610169492,0.7128967456810003,0.3355263157894739,0.7037037037037034,0.24193548387096775,0.33333333333333326
0.6499999999999999,0.5679012345679012,0.8124999999999998,0.6296296296296295,0.4821428571428572,0.7643312101910829,0.7817796610169492,0.7193250301325875,0.3355263157894739,0.685185185185185,0.22580645161290325,0.33333333333333326
0.8999999999999999,0.7901234567901234,1.0,0.5787037037037036,0.4821428571428572,0.3439490445859873,0.7521186440677966,0.7000401767778257,0.3355263157894739,0.7777777777777776,0.27419354838709675,0.33333333333333326
0.27500000000000013,0.6419753086419754,0.27083333333333326,0.08333333333333333,0.2678571428571429,0.21656050955414013,0.489406779661017,0.14720771394134147,0.7960526315789482,0.9999999999999999,0.9516129032258065,0.6666666666666665
0.44999999999999973,0.7407407407407407,0.18749999999999992,0.027777777777777776,0.4821428571428572,0.22929936305732485,0.2733050847457627,0.3593411008437215,0.5460526315789482,0.4259259259259258,0.33870967741935476,0.16666666666666663
0.3999999999999999,0.6172839506172839,0.39583333333333326,0.023148148148148154,0.4107142857142857,0.356687898089172,0.3834745762711864,0.29505825632784877,0.414473684210527,0.37037037037037024,0.403225806451613,0.5
0.19999999999999996,0.41975308641975306,0.35416666666666663,0.1388888888888889,0.3928571428571429,0.20382165605095542,0.4046610169491525,0.2114905584572071,0.8092105263157898,0.5185185185185184,0.741935483870968,0.5
0.9499999999999997,0.4691358024691358,0.7708333333333333,0.2546296296296296,0.3035714285714286,0.14012738853503187,0.09110169491525424,0.3786259541984762,0.11184210526315841,0.2222222222222222,0.467741935483871,0.33333333333333326
0.34999999999999987,0.5679012345679012,0.24999999999999992,0.26388888888888884,0.4642857142857143,0.6114649681528663,0.8411016949152542,0.44933708316593624,0.45394736842105265,0.7037037037037034,0.3225806451612905,0.33333333333333326
0.5999999999999999,0.24691358024691357,0.7499999999999999,0.17592592592592593,0.5535714285714285,0.7006369426751593,0.6207627118644068,0.4621936520691037,0.4276315789473686,0.7407407407407406,0.5161290322580645,0.5
0.7249999999999999,0.2962962962962963,0.7291666666666665,0.6157407407407407,0.625,0.535031847133758,0.4682203389830508,0.7353957412615628,0.4013157894736845,0.4814814814814813,0.3225806451612905,0.5
0.34999999999999987,0.9629629629629628,0.24999999999999992,0.018518518518518517,0.5178571428571428,0.14012738853503187,0.3326271186440678,0.40755323423062606,0.44078947368421106,0.4444444444444443,0.19354838709677402,0.33333333333333326
0.32499999999999973,0.41975308641975306,0.3124999999999999,0.5324074074074073,0.5535714285714285,0.624203821656051,0.646186440677966,0.7000401767778257,0.7171052631578951,0.4259259259259258,0.24193548387096775,0.33333333333333326
0.8499999999999996,0.4691358024691358,0.7083333333333331,0.046296296296296294,0.3571428571428572,0.3694267515923567,0.4597457627118644,0.2886299718762615,0.3881578947368429,0.5185185185185184,0.6935483870967745,0.5
0.3999999999999999,0.5679012345679012,0.6249999999999999,0.3194444444444444,0.4464285714285715,0.7006369426751593,0.8199152542372882,0.4911209321012535,0.6776315789473686,0.38888888888888873,0.3225806451612905,0.33333333333333326
0.2999999999999998,0.7654320987654321,0.35416666666666663,0.09722222222222222,0.4107142857142857,0.4713375796178344,0.7097457627118644,0.3946966653274444,0.7960526315789482,0.5185185185185184,0.4516129032258067,0.5
0.34999999999999987,0.32098765432098764,0.375,0.050925925925925916,0.4107142857142857,0.4968152866242038,0.5529661016949152,0.39791080755323804,0.9013157894736854,0.9074074074074071,0.403225806451613,0.6666666666666665
0.7249999999999999,0.8395061728395061,0.45833333333333326,0.3981481481481481,0.5892857142857143,0.25477707006369427,0.8538135593220338,0.6293290478103799,0.3355263157894739,0.722222222222222,0.19354838709677402,0.5
0.5499999999999998,0.4691358024691358,0.6666666666666665,0.8402777777777777,0.4821428571428572,0.40764331210191085,0.5826271186440678,0.8414624347127457,0.2039473684210531,0.5185185185185184,0.17741935483870974,0.33333333333333326
0.6499999999999999,0.5185185185185185,0.8541666666666665,0.05555555555555555,0.4821428571428572,0.42038216560509556,0.4555084745762712,0.42362394535958714,0.8486842105263164,0.5185185185185184,0.35483870967741926,0.6666666666666665
0.44999999999999973,0.5185185185185185,0.7291666666666665,0.38888888888888884,0.6785714285714285,0.7643312101910829,0.6716101694915254,0.6261149055845792,0.28289473684210575,0.4259259259259258,0.14516129032258074,0.33333333333333326
0.2999999999999998,0.5432098765432098,0.7291666666666665,0.04166666666666667,0.5535714285714285,0.1656050955414013,0.6885593220338982,0.47826436319807897,0.914473684210527,0.5555555555555555,0.3870967741935485,0.33333333333333326
0.5249999999999999,0.5679012345679012,0.5208333333333333,0.046296296296296294,0.3035714285714286,0.267515923566879,0.4597457627118644,0.29505825632784877,0.7434210526315792,0.4629629629629628,0.596774193548387,0.5
0.44999999999999973,0.6172839506172839,0.45833333333333326,0.032407407407407406,0.08928571428571447,0.3439490445859873,0.2944915254237288,0.20827641623142057,0.5986842105263164,0.40740740740740733,0.709677419354839,0.8333333333333333
0.7499999999999998,0.5432098765432098,0.6458333333333333,0.05555555555555555,0.23214285714285726,0.267515923566879,0.43432203389830504,0.27577340297307984,0.44078947368421106,0.31481481481481477,0.467741935483871,0.6666666666666665
0.3999999999999999,0.7654320987654321,0.24999999999999992,0.027777777777777776,0.4642857142857143,0.42038216560509556,0.4936440677966102,0.33041382081157167,0.45394736842105265,0.4444444444444443,0.35483870967741926,0.33333333333333326
0.3999999999999999,0.3950617283950617,0.45833333333333326,0.10185185185185185,0.4107142857142857,0.4968152866242038,0.4004237288135593,0.28541582965046786,0.7434210526315792,0.8148148148148148,0.596774193548387,0.6666666666666665
0.5499999999999998,0.32098765432098764,0.5208333333333333,0.34259259259259256,0.75,0.21656050955414013,0.3453389830508475,0.5329047810365637,0.24342105263157965,0.685185185185185,0.22580645161290325,0.33333333333333326
0.3999999999999999,0.19753086419753085,0.45833333333333326,0.21759259259259256,0.4999999999999999,0.5095541401273885,0.5826271186440678,0.47826436319807897,0.7171052631578951,0.4629629629629628,0.403225806451613,0.33333333333333326
0.2999999999999998,0.6172839506172839,0.375,0.009259259259259259,1.0,0.12738853503184716,0.7139830508474576,0.3400562474889526,0.414473684210527,0.7407407407407406,0.22580645161290325,0.33333333333333326
0.4249999999999998,0.37037037037037035,0.4999999999999999,0.611111111111111,0.4821428571428572,0.29299363057324845,0.5063559322033898,0.6325431900361664,0.7171052631578951,0.6296296296296297,0.3870967741935485,0.5
0.34999999999999987,0.41975308641975306,0.8124999999999998,0.4351851851851851,0.5178571428571428,0.9681528662420382,0.934322033898305,0.6068300522298173,0.5855263157894739,0.4629629629629628,0.24193548387096775,0.5
1.0,0.49382716049382724,0.7499999999999999,0.25,0.1250000000000001,0.15286624203821658,0.125,0.4043390920048253,0.2697368421052633,0.20370370370370372,0.5,0.6666666666666665
0.44999999999999973,0.41975308641975306,0.4374999999999999,0.6388888888888888,0.6607142857142856,0.4840764331210191,0.6927966101694916,0.7000401767778257,0.28289473684210575,0.5185185185185184,0.17741935483870974,0.5
0.5249999999999999,0.7407407407407407,0.33333333333333326,0.42592592592592593,0.4464285714285715,0.3312101910828026,0.7266949152542372,0.6421856167135402,0.6250000000000004,0.722222222222222,0.19354838709677402,0.33333333333333326
0.3999999999999999,0.41975308641975306,0.4374999999999999,0.2268518518518518,0.4107142857142857,0.1656050955414013,0.4639830508474576,0.49433507432704715,0.44078947368421106,0.4999999999999999,0.25806451612903225,0.5
0.5749999999999997,0.32098765432098764,0.45833333333333326,0.14814814814814814,0.10714285714285732,0.4840764331210191,0.5190677966101694,0.3239855363599844,0.4802631578947376,0.31481481481481477,0.4516129032258067,0.6666666666666665
0.5249999999999999,0.7654320987654321,0.6458333333333333,0.18518518518518517,0.1250000000000001,0.03821656050955414,0.0,0.2822016874246742,0.664473684210527,0.2777777777777777,0.741935483870968,0.0
0.25,0.2962962962962963,0.4374999999999999,0.04166666666666667,0.2857142857142858,0.24203821656050956,0.15889830508474576,0.25970269184411876,0.8355263157894739,0.611111111111111,0.4838709677419355,0.5
0.5499999999999998,0.2962962962962963,0.5833333333333333,0.06481481481481481,0.2678571428571429,0.30573248407643316,0.4936440677966102,0.39148252310165077,0.6250000000000004,0.722222222222222,0.35483870967741926,0.5
0.27500000000000013,0.4444444444444444,0.33333333333333326,0.5509259259259259,0.3392857142857144,0.4585987261146497,0.5614406779661016,0.6807553234230639,0.6907894736842111,0.38888888888888873,0.22580645161290325,0.33333333333333326
0.6499999999999999,0.7407407407407407,0.375,0.3194444444444444,0.4642857142857143,0.28025477707006374,0.5953389830508474,0.52969063881077,0.4802631578947376,0.38888888888888873,0.3225806451612905,0.33333333333333326
0.6499999999999999,0.2962962962962963,1.0,0.06944444444444445,0.1250000000000001,0.40764331210191085,0.3961864406779661,0.29184411410205513,0.5986842105263164,0.611111111111111,0.6774193548387097,0.5
0.5499999999999998,0.32098765432098764,0.5208333333333333,0.3657407407407407,0.3214285714285715,0.3694267515923567,0.989406779661017,0.5264764965849764,0.5460526315789482,0.6296296296296297,0.403225806451613,0.5
0.5999999999999999,0.5185185185185185,0.6458333333333333,0.324074074074074,0.16071428571428586,0.6878980891719746,0.6673728813559322,0.3657693852953017,0.3092105263157898,0.18518518518518512,0.5645161290322582,0.5
0.5249999999999999,0.24691358024691357,0.6041666666666665,0.34722222222222215,0.6071428571428571,0.535031847133758,0.663135593220339,0.5586179188429199,0.6513157894736845,0.5925925925925924,0.2903225806451615,0.5
0.6249999999999998,0.5432098765432098,0.6874999999999999,0.31249999999999994,0.17857142857142871,0.624203821656051,0.6588983050847458,0.3657693852953017,0.3092105263157898,0.18518518518518512,0.5483870967741937,0.5
0.5249999999999999,0.2962962962962963,0.8541666666666665,0.4351851851851851,0.375,0.9681528662420382,0.625,0.5971876255524293,0.45394736842105265,0.611111111111111,0.35483870967741926,0.5
0.47499999999999987,0.2962962962962963,0.6874999999999999,0.6203703703703703,0.4107142857142857,1.0,0.5953389830508474,0.7450381679389366,0.46710526315789513,0.5185185185185184,0.22580645161290325,0.5
0.27500000000000013,0.6666666666666666,0.7916666666666665,0.07407407407407408,1.0,0.15286624203821658,0.5021186440677966,0.39148252310165077,0.37500000000000044,0.5185185185185184,0.17741935483870974,0.33333333333333326
0.5749999999999997,0.49382716049382724,0.7291666666666665,0.05555555555555555,0.3035714285714286,0.3821656050955414,0.3707627118644068,0.23077541181197603,0.5855263157894739,0.4814814814814813,0.6774193548387097,0.6666666666666665
0.25,0.41975308641975306,0.39583333333333326,0.48611111111111105,0.7321428571428571,0.5477707006369427,0.6588983050847458,0.6711128967456901,0.8092105263157898,0.38888888888888873,0.24193548387096775,0.33333333333333326
0.4999999999999998,0.345679012345679,0.5833333333333333,0.6759259259259258,0.6428571428571428,0.8407643312101911,0.6716101694915254,0.7868220168742468,0.7828947368421058,0.9999999999999999,0.20967741935483875,0.5
0.5749999999999997,0.1481481481481482,0.6458333333333333,0.027777777777777776,0.6428571428571428,0.6751592356687899,0.4936440677966102,0.39148252310165077,0.6513157894736845,0.9999999999999999,0.2903225806451615,0.6666666666666665
0.5749999999999997,0.12345679012345678,0.6458333333333333,0.027777777777777776,0.5714285714285714,0.6624203821656052,0.48516949152542377,0.39148252310165077,0.6513157894736845,0.9999999999999999,0.2903225806451615,0.6666666666666665
0.5499999999999998,0.2962962962962963,0.6041666666666665,0.34722222222222215,0.625,0.5095541401273885,0.6504237288135594,0.5618320610687064,0.6513157894736845,0.5925925925925924,0.2903225806451615,0.5
0.4999999999999998,0.3950617283950617,0.8333333333333333,0.8657407407407407,0.75,0.6751592356687899,0.9639830508474577,0.8639614302933083,0.2565789473684217,0.6296296296296297,0.11290322580645151,0.33333333333333326
0.050000000000000044,0.8888888888888888,0.0,0.8333333333333334,0.4285714285714286,0.4585987261146497,0.4597457627118644,0.7321815990357621,0.7434210526315792,0.6481481481481478,0.35483870967741926,0.5
0.3749999999999998,0.5432098765432098,0.39583333333333326,0.20370370370370366,0.4821428571428572,0.43312101910828027,0.6292372881355932,0.5104057854560082,0.5460526315789482,0.8703703703703701,0.24193548387096775,0.5
0.5999999999999999,0.4691358024691358,0.6874999999999999,0.046296296296296294,0.625,0.42038216560509556,0.489406779661017,0.3143431096826035,0.17763157894736858,0.4444444444444443,0.4838709677419355,0.5
0.47499999999999987,1.0,1.0,0.5925925925925926,1.0,1.0,0.9258474576271186,0.7514664523905239,0.36184210526315885,0.40740740740740733,0.19354838709677402,0.33333333333333326
0.4999999999999998,0.2962962962962963,0.5624999999999999,0.046296296296296294,0.23214285714285726,0.06369426751592358,0.11228813559322035,0.2982723985536424,0.5328947368421058,0.7037037037037034,0.467741935483871,0.5
0.47499999999999987,0.07407407407407407,0.5208333333333333,0.37962962962962965,0.4999999999999999,0.4968152866242038,0.3961864406779661,0.5843310566492548,0.8092105263157898,0.33333333333333326,0.20967741935483875,0.6666666666666665
0.4999999999999998,0.09876543209876543,0.45833333333333326,0.21296296296296297,0.5357142857142857,0.3439490445859873,0.4258474576271186,0.4557653676175235,0.7960526315789482,0.4444444444444443,0.2903225806451615,0.6666666666666665
0.44999999999999973,0.19753086419753085,0.9999999999999998,0.023148148148148154,1.0,0.713375796178344,0.510593220338983,0.3593411008437215,0.414473684210527,0.31481481481481477,0.20967741935483875,0.6666666666666665
0.44999999999999973,0.32098765432098764,1.0,0.023148148148148154,1.0,0.7515923566878981,0.527542372881356,0.3593411008437215,0.414473684210527,0.31481481481481477,0.20967741935483875,0.6666666666666665
0.32499999999999973,0.4691358024691358,0.4374999999999999,0.7453703703703702,0.4285714285714286,0.5987261146496816,0.646186440677966,0.8189634391321974,0.7828947368421058,0.4259259259259258,0.22580645161290325,0.33333333333333326
1.0,0.4691358024691358,0.7499999999999999,0.4629629629629629,0.3571428571428572,0.3312101910828026,0.44279661016949157,0.635757332261953,0.5197368421052642,0.4444444444444443,0.3870967741935485,1.0
0.3999999999999999,0.3580246913580247,0.8124999999999998,0.07407407407407408,1.0,0.3439490445859873,0.3580508474576271,0.30148654077943604,0.5723684210526323,0.6666666666666664,0.6612903225806452,0.5
0.875,0.1481481481481482,0.7499999999999999,0.04166666666666667,0.4285714285714286,0.20382165605095542,0.3326271186440678,0.3239855363599844,0.28289473684210575,0.6296296296296297,0.4838709677419355,0.5
0.5999999999999999,0.37037037037037035,0.20833333333333323,0.6064814814814814,0.6607142857142856,0.5732484076433121,0.7521186440677966,0.7418240257131501,0.414473684210527,0.574074074074074,0.16129032258064524,0.33333333333333326
0.5249999999999999,0.345679012345679,0.5833333333333333,0.6666666666666666,0.6785714285714285,0.7261146496815287,0.6716101694915254,0.777179590196873,0.7434210526315792,0.9999999999999999,0.24193548387096775,0.6666666666666665
0.8249999999999997,0.22222222222222227,0.7291666666666665,0.6249999999999999,0.6785714285714285,0.5222929936305732,0.5317796610169492,0.8671755725190948,0.6250000000000004,0.9814814814814813,0.12903225806451624,0.8333333333333333
0.2999999999999998,0.7777777777777778,0.0,0.037037037037037035,0.4821428571428572,0.06369426751592358,0.1504237288135593,0.2725592607472862,0.7434210526315792,0.29629629629629617,0.5161290322580645,0.16666666666666663
0.7499999999999998,0.5185185185185185,0.27083333333333326,0.412037037037037,0.7321428571428571,0.535031847133758,0.8199152542372882,0.645399758939341,0.36184210526315885,0.722222222222222,0.20967741935483875,0.5
0.6999999999999997,0.5432098765432098,0.375,0.4629629629629629,0.4285714285714286,0.3694267515923567,0.4216101694915254,0.7096826034552137,0.6118421052631589,0.14814814814814803,0.20967741935483875,0.5
0.7249999999999999,0.6419753086419754,0.39583333333333326,0.4814814814814814,0.4464285714285715,0.3694267515923567,0.413135593220339,0.7096826034552137,0.6118421052631589,0.12962962962962954,0.19354838709677402,0.5
0.25,0.6419753086419754,0.1458333333333333,0.2962962962962963,0.3928571428571429,0.30573248407643316,0.4088983050847458,0.5007633587786344,0.861842105263158,0.4259259259259258,0.3225806451612905,0.6666666666666665
0.27500000000000013,0.3950617283950617,0.4374999999999999,0.06481481481481481,0.3214285714285715,0.3312101910828026,0.3072033898305085,0.33041382081157167,0.7697368421052642,0.8703703703703701,0.467741935483871,0.6666666666666665
0.3999999999999999,0.9382716049382716,0.0,0.19907407407407407,0.5535714285714285,0.40764331210191085,0.527542372881356,0.4718360787464846,0.3881578947368429,0.6296296296296297,0.3225806451612905,0.33333333333333326
0.6499999999999999,0.5925925925925926,0.375,0.037037037037037035,0.6071428571428571,0.4585987261146497,0.6504237288135594,0.4011249497790317,0.29605263157894735,0.5555555555555555,0.20967741935483875,0.33333333333333326
0.5999999999999999,0.5679012345679012,0.35416666666666663,0.3101851851851851,0.625,0.445859872611465,0.5826271186440678,0.5875451988750555,0.37500000000000044,0.38888888888888873,0.16129032258064524,0.33333333333333326
0.7499999999999998,0.8395061728395061,0.29166666666666663,0.37962962962962965,0.6964285714285714,0.5095541401273885,0.8283898305084746,0.6421856167135402,0.28289473684210575,0.6666666666666664,0.19354838709677402,0.5
0.5249999999999999,0.3950617283950617,0.4999999999999999,0.5509259259259259,0.5535714285714285,0.5732484076433121,0.565677966101695,0.7193250301325875,0.6250000000000004,0.9999999999999999,0.25806451612903225,0.5
0.15000000000000013,0.24691358024691357,0.3124999999999999,0.19444444444444442,0.4642857142857143,0.356687898089172,0.3961864406779661,0.4718360787464846,0.8092105263157898,0.33333333333333326,0.22580645161290325,0.5
0.2999999999999998,0.24691358024691357,0.45833333333333326,0.037037037037037035,0.375,0.15286624203821658,0.2351694915254237,0.24041783848935694,0.7039473684210527,0.6666666666666664,0.5,0.8333333333333333
0.7499999999999998,0.4691358024691358,1.0,0.4907407407407407,0.375,0.535031847133758,0.5995762711864406,0.6807553234230639,0.3355263157894739,0.35185185185185175,0.14516129032258074,0.5
0.2999999999999998,0.49382716049382724,0.8333333333333333,0.287037037037037,0.5892857142857143,0.7515923566878981,0.8580508474576272,0.5264764965849764,0.5065789473684217,0.4629629629629628,0.20967741935483875,0.33333333333333326
0.4999999999999998,0.7654320987654321,0.5416666666666665,0.5092592592592592,0.5178571428571428,0.7006369426751593,0.8495762711864406,0.6839694656488646,0.3486842105263164,0.574074074074074,0.20967741935483875,0.33333333333333326
0.44999999999999973,0.32098765432098764,0.45833333333333326,0.5,0.4285714285714286,0.5605095541401274,0.6165254237288136,0.6968260345520392,0.7960526315789482,0.40740740740740733,0.2903225806451615,0.6666666666666665
0.6249999999999998,0.5925925925925926,0.5208333333333333,0.27777777777777773,0.3035714285714286,0.28025477707006374,0.3919491525423729,0.5104057854560082,0.5460526315789482,0.4444444444444443,0.2903225806451615,0.5
0.3999999999999999,0.5679012345679012,0.35416666666666663,0.5833333333333333,0.5535714285714285,0.7006369426751593,0.7860169491525424,0.6678987545199035,0.4802631578947376,0.35185185185185175,0.25806451612903225,0.33333333333333326
0.34999999999999987,0.5185185185185185,0.35416666666666663,0.5787037037037036,0.5535714285714285,0.6751592356687899,0.7817796610169492,0.6646846122941028,0.46710526315789513,0.35185185185185175,0.25806451612903225,0.5
0.2999999999999998,0.7654320987654321,0.1666666666666666,0.5277777777777778,0.5535714285714285,0.802547770700637,0.9597457627118643,0.6743270389714908,0.45394736842105265,0.29629629629629617,0.16129032258064524,0.5
0.34999999999999987,0.5432098765432098,0.35416666666666663,0.5925925925925926,0.5535714285714285,0.7006369426751593,0.7902542372881356,0.6839694656488646,0.4802631578947376,0.38888888888888873,0.24193548387096775,0.5
0.2999999999999998,0.8148148148148147,0.0,0.04166666666666667,0.857142857142857,0.1910828025477707,0.4258474576271186,0.39148252310165077,0.5328947368421058,0.6296296296296297,0.19354838709677402,0.5
0.3999999999999999,0.6666666666666666,0.39583333333333326,0.023148148148148154,0.7142857142857142,0.089171974522293,0.5953389830508474,0.4461229409401426,0.8092105263157898,0.5185185185185184,0.17741935483870974,0.6666666666666665
0.4249999999999998,0.4444444444444444,0.47916666666666663,0.736111111111111,0.5357142857142857,0.535031847133758,0.6207627118644068,0.8286058658095712,0.7565789473684217,0.4444444444444443,0.24193548387096775,0.5
0.7749999999999999,0.6666666666666666,0.3124999999999999,0.6944444444444444,1.0,0.535031847133758,0.8877118644067796,0.6903977501004519,0.29605263157894735,0.685185185185185,0.403225806451613,0.5
0.34999999999999987,0.5432098765432098,0.1666666666666666,0.10185185185185185,0.4464285714285715,0.28025477707006374,0.4470338983050848,0.4364805142627617,0.2697368421052633,0.4444444444444443,0.16129032258064524,0.33333333333333326
0.8999999999999999,0.24691358024691357,0.6874999999999999,0.20833333333333331,0.375,0.06369426751592358,0.2436440677966102,0.4364805142627617,0.46710526315789513,0.5555555555555555,0.596774193548387,0.33333333333333326
0.44999999999999973,1.0,0.27083333333333326,0.38425925925925924,0.3392857142857144,0.3184713375796179,0.48093220338983056,0.6196866211329919,0.5197368421052642,0.5370370370370369,0.17741935483870974,0.33333333333333326
0.44999999999999973,0.691358024691358,0.4166666666666665,0.046296296296296294,0.10714285714285732,0.28025477707006374,0.2775423728813559,0.16327842507030965,0.7960526315789482,0.722222222222222,0.709677419354839,1.0
0.6249999999999998,1.0,0.2291666666666666,0.44444444444444436,0.9999999999999998,0.3312101910828026,0.815677966101695,0.6421856167135402,0.2039473684210531,0.6666666666666664,0.19354838709677402,0.5
0.4999999999999998,0.24691358024691357,0.24999999999999992,0.2222222222222222,0.6785714285714285,0.40764331210191085,0.3580508474576271,0.4718360787464846,0.6513157894736845,0.38888888888888873,0.22580645161290325,0.33333333333333326
0.47499999999999987,0.2716049382716049,0.29166666666666663,0.25925925925925924,0.5714285714285714,0.43312101910828027,0.413135593220339,0.47505022097228533,0.7039473684210527,0.38888888888888873,0.25806451612903225,0.5
0.5499999999999998,0.32098765432098764,0.5833333333333333,0.3055555555555555,0.4821428571428572,0.43312101910828027,0.625,0.5586179188429199,0.5986842105263164,0.6296296296296297,0.2903225806451615,0.5
0.4999999999999998,0.41975308641975306,0.6041666666666665,0.34722222222222215,0.5535714285714285,0.28025477707006374,0.5741525423728814,0.5457613499397453,0.6907894736842111,0.685185185185185,0.35483870967741926,0.5
0.6499999999999999,0.3950617283950617,0.5624999999999999,0.06481481481481481,0.2857142857142858,0.3184713375796179,0.5063559322033898,0.22113298513459512,0.6250000000000004,0.4814814814814813,0.7258064516129035,1.0
0.5749999999999997,0.19753086419753085,0.5624999999999999,0.4675925925925925,0.5178571428571428,0.22929936305732485,0.298728813559322,0.5650462032945072,0.46710526315789513,0.40740740740740733,0.467741935483871,0.6666666666666665
0.5749999999999997,0.19753086419753085,0.5624999999999999,0.027777777777777776,0.4999999999999999,0.24203821656050956,0.298728813559322,0.34648453194054696,0.46710526315789513,0.37037037037037024,0.4838709677419355,0.6666666666666665
0.6249999999999998,0.3086419753086419,0.45833333333333326,0.050925925925925916,0.8035714285714284,0.40764331210191085,0.3834745762711864,0.590759341100842,0.9999999999999996,0.8703703703703701,0.403225806451613,0.5
0.6499999999999999,0.22222222222222227,0.6458333333333333,0.2268518518518518,0.3928571428571429,0.40764331210191085,0.5995762711864406,0.4107673764564126,0.3223684210526314,0.7407407407407406,0.5645161290322582,0.16666666666666663
0.6249999999999998,0.5432098765432098,0.5208333333333333,0.09722222222222222,0.5178571428571428,0.40764331210191085,0.375,0.2532744073925315,0.7302631578947376,0.574074074074074,0.774193548387097,0.8333333333333333
0.5249999999999999,0.41975308641975306,0.5208333333333333,0.032407407407407406,0.3571428571428572,0.3184713375796179,0.2648305084745763,0.21470470068300784,0.4934210526315792,0.40740740740740733,0.6774193548387097,0.5
0.6749999999999998,0.8395061728395061,0.5208333333333333,0.17129629629629628,0.4464285714285715,0.40764331210191085,0.375,0.28541582965046786,0.44078947368421106,0.4259259259259258,0.774193548387097,0.8333333333333333
0.6249999999999998,0.41975308641975306,0.5624999999999999,0.06944444444444445,0.3392857142857144,0.356687898089172,0.6673728813559322,0.24041783848935694,0.5855263157894739,0.33333333333333326,0.6290322580645162,0.8333333333333333
0.6749999999999998,0.6419753086419754,0.5416666666666665,0.25,0.3392857142857144,0.12738853503184716,0.451271186440678,0.3400562474889526,0.46710526315789513,0.31481481481481477,0.6451612903225807,0.6666666666666665
0.6999999999999997,0.6172839506172839,0.5416666666666665,0.26388888888888884,0.375,0.12738853503184716,0.451271186440678,0.3400562474889526,0.46710526315789513,0.31481481481481477,0.6451612903225807,0.6666666666666665
0.9749999999999996,0.37037037037037035,0.47916666666666663,0.5925925925925926,0.5178571428571428,0.42038216560509556,0.6334745762711864,0.8125351546806101,0.414473684210527,0.4629629629629628,0.12903225806451624,0.6666666666666665
0.5249999999999999,0.2716049382716049,0.5416666666666665,0.050925925925925916,0.375,0.39490445859872614,0.3453389830508475,0.38826838087585713,0.5328947368421058,0.5925925925925924,0.4516129032258067,0.6666666666666665
0.6249999999999998,0.32098765432098764,0.4166666666666665,0.046296296296296294,0.3392857142857144,0.3439490445859873,0.4173728813559322,0.29505825632784877,0.6513157894736845,0.5185185185185184,0.4838709677419355,0.8333333333333333
0.44999999999999973,0.345679012345679,0.5833333333333333,0.6851851851851851,0.3571428571428572,0.7643312101910829,0.565677966101695,0.7289674568099755,0.28289473684210575,0.33333333333333326,0.20967741935483875,0.33333333333333326
1.0,0.6419753086419754,0.375,0.027777777777777776,0.1964285714285715,0.1910828025477707,0.2266949152542373,0.32077139413419076,0.36184210526315885,0.31481481481481477,0.4516129032258067,0.33333333333333326
0.2999999999999998,0.2962962962962963,0.3124999999999999,0.05555555555555555,0.2678571428571429,0.356687898089172,0.3622881355932203,0.24363198071515058,0.664473684210527,0.4629629629629628,0.5645161290322582,0.5
0.8499999999999996,0.7407407407407407,0.8333333333333333,0.6018518518518517,0.4821428571428572,0.713375796178344,0.6207627118644068,0.7353957412615628,0.3881578947368429,0.5925925925925924,0.22580645161290325,0.33333333333333326
0.5249999999999999,0.24691358024691357,0.5624999999999999,0.032407407407407406,0.375,0.4840764331210191,0.413135593220339,0.4043390920048253,0.6118421052631589,0.9999999999999999,0.24193548387096775,0.6666666666666665
0.7249999999999999,0.6419753086419754,1.0,0.48611111111111105,0.4285714285714286,0.4968152866242038,0.5572033898305084,0.6871836078746512,0.3355263157894739,0.4999999999999999,0.09677419354838701,0.33333333333333326
0.6499999999999999,0.2962962962962963,0.5416666666666665,0.06944444444444445,0.4107142857142857,0.356687898089172,0.4088983050847458,0.5007633587786344,0.9013157894736854,0.9999999999999999,0.370967741935484,0.6666666666666665
0.8499999999999996,0.7901234567901234,0.8124999999999998,0.6064814814814814,0.4821428571428572,0.7261146496815287,0.6334745762711864,0.7386098834873494,0.3881578947368429,0.5555555555555555,0.22580645161290325,0.33333333333333326
0.47499999999999987,0.345679012345679,0.6249999999999999,0.44444444444444436,0.4107142857142857,0.7388535031847134,0.548728813559322,0.6518280433909283,0.4802631578947376,0.5925925925925924,0.3225806451612905,0.6666666666666665
0.44999999999999973,0.5432098765432098,0.4374999999999999,0.19444444444444442,1.0,0.7388535031847134,0.6207627118644068,0.4814785054238726,0.4934210526315792,0.4629629629629628,0.22580645161290325,0.33333333333333326
0.8249999999999997,0.4691358024691358,0.5416666666666665,0.050925925925925916,0.2678571428571429,0.4585987261146497,0.3538135593220339,0.3496986741663406,0.5460526315789482,0.759259259259259,0.3870967741935485,0.8333333333333333
0.6249999999999998,0.41975308641975306,0.6874999999999999,0.6296296296296295,0.4642857142857143,0.7006369426751593,0.6885593220338982,0.8028927280032221,0.6381578947368429,0.9814814814814813,0.17741935483870974,0.6666666666666665
0.0,0.6419753086419754,0.0,0.27314814814814814,0.23214285714285726,0.39490445859872614,0.6080508474576272,0.4364805142627617,0.7302631578947376,0.722222222222222,0.306451612903226,0.5
0.34999999999999987,0.49382716049382724,0.4999999999999999,0.050925925925925916,0.2500000000000001,0.28025477707006374,0.3877118644067797,0.1857774206508651,0.5723684210526323,0.5185185185185184,0.6612903225806452,0.5
0.0,0.6172839506172839,0.0,0.27314814814814814,0.23214285714285726,0.40764331210191085,0.6080508474576272,0.42362394535958714,0.7171052631578951,0.722222222222222,0.306451612903226,0.33333333333333326
0.32499999999999973,0.4691358024691358,0.4999999999999999,0.07407407407407408,0.10714285714285732,0.30573248407643316,0.413135593220339,0.09578143832865038,0.414473684210527,0.14814814814814803,0.7258064516129035,0.5
0.7499999999999998,0.24691358024691357,0.7708333333333333,0.5555555555555555,0.4821428571428572,0.4968152866242038,0.5233050847457628,0.8286058658095712,0.5723684210526323,0.9999999999999997,0.08064516129032251,0.8333333333333333
0.6249999999999998,0.49382716049382724,0.6874999999999999,0.6388888888888888,0.4464285714285715,0.5987261146496816,0.6504237288135594,0.7900361591000475,0.6250000000000004,0.9999999999999999,0.16129032258064524,0.6666666666666665
0.6249999999999998,0.3950617283950617,0.4166666666666665,0.027777777777777776,0.3928571428571429,0.445859872611465,0.3283898305084746,0.35291281639213423,0.5065789473684217,0.8888888888888885,0.33870967741935476,0.5
0.2999999999999998,0.9135802469135803,1.0,0.4212962962962962,1.0,0.11464968152866242,0.5911016949152542,0.5457613499397453,0.3092105263157898,0.4814814814814813,0.22580645161290325,0.33333333333333326
0.3749999999999998,0.4444444444444444,0.24999999999999992,0.15740740740740738,0.2678571428571429,0.28025477707006374,0.4470338983050848,0.2822016874246742,0.3355263157894739,0.2222222222222222,0.435483870967742,0.5
1.0,0.22222222222222227,0.7916666666666665,0.037037037037037035,0.3928571428571429,0.03821656050955414,0.05720338983050846,0.4364805142627617,0.11184210526315841,0.11111111111111116,0.25806451612903225,0.0
0.7249999999999999,0.1728395061728395,0.4166666666666665,0.032407407407407406,0.2500000000000001,0.10191082802547771,0.1885593220338983,0.39148252310165077,0.7171052631578951,0.31481481481481477,0.33870967741935476,0.33333333333333326
0.5749999999999997,0.32098765432098764,0.47916666666666663,0.07407407407407408,0.3928571428571429,0.3312101910828026,0.5148305084745762,0.3786259541984762,0.5197368421052642,0.6481481481481478,0.3225806451612905,0.6666666666666665
0.5249999999999999,0.691358024691358,0.5208333333333333,0.16666666666666669,0.053571428571428714,0.7006369426751593,0.4216101694915254,0.17292085174769056,0.6250000000000004,0.2592592592592592,0.7580645161290325,1.0
0.2999999999999998,0.49382716049382724,0.5208333333333333,0.046296296296296294,1.0,0.39490445859872614,0.3580508474576271,0.32077139413419076,0.5065789473684217,0.29629629629629617,0.35483870967741926,0.5
0.34999999999999987,0.19753086419753085,0.9375,0.037037037037037035,1.0,0.445859872611465,0.3834745762711864,0.39148252310165077,0.5592105263157898,0.2777777777777777,0.14516129032258074,0.5
0.5249999999999999,0.09876543209876543,0.5624999999999999,0.07407407407407408,0.3928571428571429,0.20382165605095542,0.3877118644067797,0.3079148252310233,0.7960526315789482,0.9999999999999999,0.6290322580645162,0.8333333333333333
1.0,0.691358024691358,0.7291666666666665,0.060185185185185175,0.4464285714285715,0.089171974522293,0.43008474576271183,0.5264764965849764,0.5065789473684217,0.4814814814814813,0.306451612903226,0.5
0.6499999999999999,0.4444444444444444,0.7083333333333331,0.25,0.1250000000000001,0.25477707006369427,0.4470338983050848,0.3657693852953017,0.4276315789473686,0.611111111111111,0.5645161290322582,0.5
0.4999999999999998,0.37037037037037035,0.4166666666666665,0.537037037037037,0.3571428571428572,0.4585987261146497,0.9173728813559322,0.6743270389714908,0.7171052631578951,0.5555555555555555,0.2903225806451615,0.5
0.32499999999999973,0.6419753086419754,0.375,0.09259259259259259,0.16071428571428586,0.22929936305732485,0.3622881355932203,0.22434712736038875,0.7828947368421058,0.8333333333333331,0.6774193548387097,0.6666666666666665
0.6249999999999998,0.4444444444444444,0.45833333333333326,0.046296296296296294,0.4464285714285715,0.4713375796178344,0.6504237288135594,0.30148654077943604,0.5065789473684217,0.5370370370370369,0.5483870967741937,0.5
0.4249999999999998,0.5432098765432098,0.47916666666666663,0.06481481481481481,0.5178571428571428,0.40764331210191085,0.298728813559322,0.3047006830052297,0.7434210526315792,0.8518518518518517,0.4838709677419355,0.6666666666666665
0.050000000000000044,0.5679012345679012,0.0,0.2685185185185185,0.5535714285714285,0.5222929936305732,0.6207627118644068,0.44290879871434896,0.6513157894736845,0.759259259259259,0.306451612903226,0.5
0.25,0.4444444444444444,0.18749999999999992,0.027777777777777776,0.2857142857142858,0.4840764331210191,0.4004237288135593,0.2372036962635633,0.8092105263157898,0.33333333333333326,0.4838709677419355,0.6666666666666665
0.27500000000000013,0.4444444444444444,0.4374999999999999,0.018518518518518517,0.375,0.4585987261146497,0.4004237288135593,0.3657693852953017,0.9999999999999996,0.4814814814814813,0.22580645161290325,0.33333333333333326
0.5499999999999998,0.5679012345679012,0.4166666666666665,0.037037037037037035,0.3928571428571429,0.39490445859872614,0.4597457627118644,0.16006428284452312,0.414473684210527,0.2592592592592592,0.6774193548387097,0.6666666666666665
0.19999999999999996,0.2716049382716049,0.6249999999999999,0.023148148148148154,0.4999999999999999,0.1910828025477707,0.20127118644067798,0.30148654077943604,0.5592105263157898,0.574074074074074,0.370967741935484,0.5
0.4999999999999998,0.24691358024691357,0.39583333333333326,0.37499999999999994,0.5714285714285714,0.6369426751592357,0.9427966101694915,0.5200482121333891,0.5460526315789482,0.574074074074074,0.403225806451613,0.5
0.5499999999999998,0.5185185185185185,0.35416666666666663,0.046296296296296294,0.5178571428571428,0.12738853503184716,0.2860169491525424,0.3336279630373653,0.36184210526315885,0.4444444444444443,0.403225806451613,0.5
0.44999999999999973,0.4444444444444444,0.4166666666666665,0.037037037037037035,0.4285714285714286,0.14012738853503187,0.20127118644067798,0.2822016874246742,0.3223684210526314,0.4999999999999999,0.467741935483871,0.5
0.4999999999999998,0.24691358024691357,0.39583333333333326,0.3657407407407407,0.5714285714285714,0.6369426751592357,0.9427966101694915,0.5200482121333891,0.5460526315789482,0.574074074074074,0.403225806451613,0.5
0.44999999999999973,0.2962962962962963,0.6041666666666665,0.33796296296296297,0.6607142857142856,0.356687898089172,0.5317796610169492,0.4879067898754599,0.6776315789473686,0.6296296296296297,0.4838709677419355,0.6666666666666665
0.7999999999999998,0.5185185185185185,0.4166666666666665,0.5833333333333333,0.5535714285714285,0.30573248407643316,0.3961864406779661,0.7193250301325875,0.5855263157894739,0.2777777777777777,0.27419354838709675,0.5
0.32499999999999973,0.49382716049382724,0.5416666666666665,0.5648148148148148,0.5892857142857143,0.7770700636942676,0.8877118644067796,0.6678987545199035,0.36184210526315885,0.33333333333333326,0.14516129032258074,0.33333333333333326
0.27500000000000013,0.5679012345679012,0.4374999999999999,0.32870370370370366,0.5714285714285714,0.7388535031847134,0.7902542372881356,0.5071916432302217,0.5197368421052642,0.31481481481481477,0.25806451612903225,0.5
0.5249999999999999,0.32098765432098764,0.39583333333333326,0.08333333333333333,0.7321428571428571,0.5987261146496816,0.5911016949152542,0.46862193652069095,0.28289473684210575,0.4629629629629628,0.12903225806451624,0.8333333333333333
0.8999999999999999,0.2716049382716049,0.6874999999999999,0.046296296296296294,0.5714285714285714,0.089171974522293,0.3453389830508475,0.44290879871434896,0.3355263157894739,0.7962962962962962,0.5,0.16666666666666663
0.875,0.4691358024691358,0.7499999999999999,0.032407407407407406,0.5892857142857143,0.07643312101910829,0.22245762711864409,0.46862193652069095,0.36184210526315885,0.722222222222222,0.370967741935484,0.16666666666666663
0.5749999999999997,0.41975308641975306,0.6249999999999999,0.06944444444444445,0.375,0.356687898089172,0.44279661016949157,0.2372036962635633,0.6250000000000004,0.38888888888888873,0.6774193548387097,0.8333333333333333
0.7999999999999998,0.37037037037037035,0.5833333333333333,0.41666666666666663,0.6964285714285714,0.267515923566879,0.5911016949152542,0.6968260345520392,0.6776315789473686,0.4629629629629628,0.2903225806451615,0.16666666666666663
0.6749999999999998,0.3950617283950617,0.45833333333333326,0.5740740740740741,0.6071428571428571,0.5605095541401274,0.836864406779661,0.7321815990357621,0.36184210526315885,0.574074074074074,0.12903225806451624,0.33333333333333326
0.3749999999999998,0.6172839506172839,0.2291666666666666,0.2407407407407407,0.4464285714285715,0.28025477707006374,0.527542372881356,0.45897950984331004,0.45394736842105265,0.759259259259259,0.306451612903226,0.33333333333333326
0.34999999999999987,0.6172839506172839,0.20833333333333323,0.23148148148148145,0.4821428571428572,0.25477707006369427,0.5233050847457628,0.45897950984331004,0.45394736842105265,0.759259259259259,0.306451612903226,0.33333333333333326
0.3749999999999998,0.6419753086419754,0.20833333333333323,0.2407407407407407,0.4642857142857143,0.25477707006369427,0.5317796610169492,0.4621936520691037,0.45394736842105265,0.759259259259259,0.306451612903226,0.33333333333333326
0.25,0.5185185185185185,0.0,0.009259259259259259,0.4107142857142857,0.11464968152866242,0.044491525423728806,0.3400562474889526,0.7302631578947376,0.2407407407407406,0.19354838709677402,0.33333333333333326
0.7999999999999998,0.5925925925925926,0.35416666666666663,0.027777777777777776,0.625,0.12101910828025478,0.2902542372881356,0.4814785054238726,0.5723684210526323,0.2777777777777777,0.24193548387096775,0.16666666666666663
0.19999999999999996,0.5185185185185185,0.0,0.009259259259259259,0.4107142857142857,0.11464968152866242,0.044491525423728806,0.3400562474889526,0.7302631578947376,0.2407407407407406,0.19354838709677402,0.33333333333333326
0.6499999999999999,0.12345679012345678,0.6249999999999999,0.18981481481481483,0.4821428571428572,0.43312101910828027,0.4978813559322034,0.5071916432302217,0.7302631578947376,0.6296296296296297,0.370967741935484,0.6666666666666665
0.7249999999999999,0.5432098765432098,0.47916666666666663,0.046296296296296294,0.3928571428571429,0.267515923566879,0.44279661016949157,0.3079148252310233,0.164473684210527,0.20370370370370372,0.4838709677419355,0.5
0.5499999999999998,0.3950617283950617,0.5208333333333333,0.037037037037037035,0.2857142857142858,0.3184713375796179,0.3707627118644068,0.1857774206508651,0.3355263157894739,0.31481481481481477,0.6290322580645162,0.5
0.9499999999999997,0.24691358024691357,0.6458333333333333,0.023148148148148154,0.4464285714285715,0.22929936305732485,0.3707627118644068,0.3336279630373653,0.17763157894736858,0.18518518518518512,0.35483870967741926,0.6666666666666665
0.5499999999999998,0.07407407407407407,0.47916666666666663,0.18518518518518517,0.75,0.7261146496815287,0.527542372881356,0.5457613499397453,0.9802631578947376,0.40740740740740733,0.22580645161290325,0.6666666666666665
0.7249999999999999,0.5925925925925926,1.0,0.4629629629629629,0.375,0.6878980891719746,0.565677966101695,0.6871836078746512,0.4276315789473686,0.40740740740740733,0.14516129032258074,0.5
0.4249999999999998,0.4444444444444444,0.375,0.5694444444444444,0.5178571428571428,0.8535031847133758,0.8283898305084746,0.6164724789072054,0.4802631578947376,0.38888888888888873,0.3225806451612905,0.5
0.7749999999999999,0.49382716049382724,0.6666666666666665,0.06481481481481481,0.5178571428571428,0.6114649681528663,0.5614406779661016,0.4043390920048253,0.8486842105263164,0.4999999999999999,0.435483870967742,0.8333333333333333
0.3749999999999998,0.4691358024691358,0.29166666666666663,0.10648148148148147,0.5714285714285714,0.14012738853503187,0.3411016949152542,0.41719566090799987,0.6250000000000004,0.38888888888888873,0.2903225806451615,0.33333333333333326
0.15000000000000013,1.0,0.020833333333333287,0.10185185185185185,0.4821428571428572,0.30573248407643316,0.2563559322033898,0.39148252310165077,0.7302631578947376,0.29629629629629617,0.20967741935483875,0.33333333333333326
0.47499999999999987,0.41975308641975306,0.4999999999999999,0.10648148148148147,0.75,0.6369426751592357,0.6504237288135594,0.4043390920048253,0.28289473684210575,0.4814814814814813,0.24193548387096775,0.6666666666666665
0.4249999999999998,0.41975308641975306,0.5416666666666665,0.5277777777777778,0.7142857142857142,0.5732484076433121,0.6758474576271186,0.7000401767778257,0.9999999999999996,0.4629629629629628,0.3225806451612905,0.33333333333333326
0.32499999999999973,0.691358024691358,1.0,0.6666666666666666,0.5178571428571428,0.5095541401273885,0.4046610169491525,0.6871836078746512,0.45394736842105265,0.5370370370370369,0.16129032258064524,0.33333333333333326
0.7249999999999999,0.22222222222222227,0.8958333333333333,0.24537037037037035,0.03571428571428592,0.24203821656050956,0.2733050847457627,0.37219766974688895,0.44078947368421106,0.33333333333333326,0.6290322580645162,0.6666666666666665
0.3999999999999999,0.4444444444444444,0.7083333333333331,0.5555555555555555,0.3214285714285715,0.7898089171974523,0.8919491525423728,0.6614704700683021,0.36184210526315885,0.29629629629629617,0.14516129032258074,0.33333333333333326
0.4249999999999998,0.4444444444444444,0.39583333333333326,0.5509259259259259,0.5535714285714285,0.9936305732484076,0.8707627118644068,0.6261149055845792,0.4934210526315792,0.35185185185185175,0.3225806451612905,0.5
0.27500000000000013,0.5185185185185185,0.4999999999999999,0.3148148148148148,0.3928571428571429,0.713375796178344,0.7860169491525424,0.5039775010044281,0.5986842105263164,0.35185185185185175,0.25806451612903225,0.33333333333333326
0.34999999999999987,0.49382716049382724,0.7083333333333331,0.5740740740740741,0.4285714285714286,0.7898089171974523,0.9046610169491526,0.6646846122941028,0.36184210526315885,0.29629629629629617,0.14516129032258074,0.33333333333333326
0.32499999999999973,0.4691358024691358,0.7291666666666665,0.2824074074074074,0.4642857142857143,0.7515923566878981,0.8919491525423728,0.5104057854560082,0.414473684210527,0.33333333333333326,0.14516129032258074,0.33333333333333326
0.3999999999999999,0.8641975308641974,0.47916666666666663,0.037037037037037035,0.5892857142857143,0.10191082802547771,0.20127118644067798,0.3143431096826035,0.36184210526315885,0.35185185185185175,0.5483870967741937,0.33333333333333326
0.34999999999999987,0.6666666666666666,0.4166666666666665,0.3101851851851851,0.5178571428571428,0.6878980891719746,0.9512711864406779,0.5457613499397453,0.7302631578947376,0.611111111111111,0.3225806451612905,0.5
0.7249999999999999,0.3950617283950617,0.4166666666666665,0.6805555555555556,0.5178571428571428,0.4713375796178344,0.739406779661017,0.7128967456810003,0.3355263157894739,0.4629629629629628,0.25806451612903225,0.6666666666666665
0.34999999999999987,0.6419753086419754,0.39583333333333326,0.3194444444444444,0.3392857142857144,0.4840764331210191,0.7521186440677966,0.4975492165528408,0.44078947368421106,0.7037037037037034,0.27419354838709675,0.33333333333333326
0.3749999999999998,0.4691358024691358,0.7708333333333333,0.5162037037037036,0.3928571428571429,0.7515923566878981,0.815677966101695,0.6421856167135402,0.5855263157894739,0.574074074074074,0.24193548387096775,0.5
0.15000000000000013,0.8271604938271604,0.20833333333333323,0.046296296296296294,0.4285714285714286,0.3184713375796179,0.2902542372881356,0.35612695861792787,0.9671052631578951,0.35185185185185175,0.3225806451612905,0.6666666666666665
0.5249999999999999,0.9876543209876543,0.5624999999999999,0.13425925925925924,0.2678571428571429,0.3694267515923567,0.489406779661017,0.2114905584572071,0.44078947368421106,0.29629629629629617,0.6774193548387097,0.6666666666666665
0.4249999999999998,0.24691358024691357,0.4999999999999999,0.34259259259259256,0.6428571428571428,0.178343949044586,0.47245762711864403,0.6036159100040308,0.6250000000000004,0.40740740740740733,0.11290322580645151,0.6666666666666665
0.47499999999999987,0.1728395061728395,0.4166666666666665,0.20370370370370366,0.7678571428571428,0.3312101910828026,0.3622881355932203,0.4814785054238726,0.9407894736842111,0.40740740740740733,0.35483870967741926,0.6666666666666665
0.8499999999999996,0.6543209876543209,1.0,0.8148148148148148,0.5714285714285714,0.6751592356687899,0.7860169491525424,0.8061068702290228,0.2039473684210531,0.38888888888888873,0.25806451612903225,0.33333333333333326
0.9249999999999998,0.19753086419753085,0.5416666666666665,0.046296296296296294,0.4285714285714286,0.28025477707006374,0.5402542372881356,0.4107673764564126,0.2039473684210531,0.2592592592592592,0.3225806451612905,0.33333333333333326
0.4999999999999998,1.0,0.33333333333333326,0.12037037037037036,0.5892857142857143,0.10191082802547771,0.15889830508474576,0.5714744877460944,0.7302631578947376,0.5555555555555555,0.24193548387096775,0.16666666666666663
0.6249999999999998,0.41975308641975306,0.6249999999999999,0.2685185185185185,0.3392857142857144,0.07643312101910829,0.2733050847457627,0.4557653676175235,0.4934210526315792,0.4444444444444443,0.5645161290322582,0.33333333333333326
0.6999999999999997,0.6543209876543209,0.35416666666666663,0.060185185185185175,0.4999999999999999,0.1656050955414013,0.48516949152542377,0.41719566090799987,0.36184210526315885,0.29629629629629617,0.24193548387096775,0.33333333333333326
0.6999999999999997,0.345679012345679,0.5208333333333333,0.4212962962962962,0.3571428571428572,0.30573248407643316,0.5233050847457628,0.6036159100040308,0.36184210526315885,0.4999999999999999,0.2903225806451615,0.5
0.4249999999999998,0.22222222222222227,0.4999999999999999,0.037037037037037035,0.23214285714285726,0.15286624203821658,0.336864406779661,0.3657693852953017,0.5592105263157898,0.611111111111111,0.33870967741935476,0.5
0.8499999999999996,0.37037037037037035,0.5833333333333333,0.032407407407407406,0.4821428571428572,0.4713375796178344,0.413135593220339,0.3657693852953017,0.24342105263157965,0.2592592592592592,0.3225806451612905,0.33333333333333326
0.6749999999999998,0.5925925925925926,0.35416666666666663,0.05555555555555555,0.4821428571428572,0.14012738853503187,0.48093220338983056,0.4300522298111744,0.3486842105263164,0.29629629629629617,0.24193548387096775,0.33333333333333326
0.44999999999999973,0.37037037037037035,0.47916666666666663,0.013888888888888888,0.4642857142857143,0.29299363057324845,0.2521186440677966,0.35291281639213423,0.7697368421052642,0.5925925925925924,0.35483870967741926,0.6666666666666665
0.44999999999999973,0.2962962962962963,0.47916666666666663,0.023148148148148154,0.4285714285714286,0.29299363057324845,0.2478813559322034,0.35291281639213423,0.7697368421052642,0.5925925925925924,0.35483870967741926,0.6666666666666665
0.6249999999999998,0.3950617283950617,0.5208333333333333,0.6851851851851851,0.625,0.4585987261146497,0.6546610169491526,0.7193250301325875,0.29605263157894735,0.37037037037037024,0.16129032258064524,0.5
0.7999999999999998,0.8395061728395061,0.5624999999999999,0.20370370370370366,0.3928571428571429,0.40764331210191085,0.3453389830508475,0.3143431096826035,0.4276315789473686,0.6481481481481478,0.6935483870967745,0.6666666666666665
0.32499999999999973,0.2716049382716049,0.33333333333333326,0.15740740740740738,0.14285714285714296,0.267515923566879,0.3919491525423729,0.3336279630373653,0.7434210526315792,0.5370370370370369,0.5806451612903225,0.5
0.27500000000000013,0.4444444444444444,0.24999999999999992,0.5509259259259259,0.3392857142857144,0.43312101910828027,0.5614406779661016,0.6486139011651275,0.6250000000000004,0.38888888888888873,0.24193548387096775,0.5
0.875,0.37037037037037035,0.7083333333333331,0.12037037037037036,0.3571428571428572,0.15286624203821658,0.3453389830508475,0.3657693852953017,0.45394736842105265,0.2592592592592592,0.5645161290322582,0.33333333333333326
0.4249999999999998,0.6419753086419754,0.39583333333333326,0.05555555555555555,0.4642857142857143,0.5222929936305732,0.7139830508474576,0.3657693852953017,0.4276315789473686,0.2777777777777777,0.25806451612903225,0.5
0.4999999999999998,0.345679012345679,0.5416666666666665,0.7824074074074073,0.4285714285714286,0.4585987261146497,0.565677966101695,0.7900361591000475,0.5723684210526323,0.37037037037037024,0.16129032258064524,0.5
0.4249999999999998,0.0,0.4999999999999999,0.060185185185185175,0.23214285714285726,0.267515923566879,0.3114406779661017,0.25006026516673785,0.7039473684210527,0.8888888888888885,0.6451612903225807,0.6666666666666665
0.17500000000000004,0.8395061728395061,0.0,0.046296296296296294,0.07142857142857156,0.20382165605095542,0.2055084745762712,0.22434712736038875,0.6907894736842111,0.5370370370370369,0.5483870967741937,0.6666666666666665
0.07499999999999996,0.8395061728395061,0.0,0.04166666666666667,0.03571428571428592,0.29299363057324845,0.3495762711864407,0.14720771394134147,0.7565789473684217,0.2592592592592592,0.6935483870967745,0.6666666666666665
0.2999999999999998,0.4691358024691358,0.20833333333333323,0.050925925925925916,0.08928571428571447,0.28025477707006374,0.3834745762711864,0.17292085174769056,0.6776315789473686,0.4629629629629628,0.741935483870968,0.6666666666666665
0.5749999999999997,0.12345679012345678,0.6041666666666665,0.05555555555555555,0.5535714285714285,0.15286624203821658,0.4004237288135593,0.34648453194054696,0.6776315789473686,0.9999999999999999,0.596774193548387,0.5
0.6999999999999997,0.5432098765432098,0.33333333333333326,0.17129629629629628,0.6964285714285714,0.25477707006369427,0.3877118644067797,0.5457613499397453,0.414473684210527,0.4999999999999999,0.19354838709677402,0.33333333333333326
0.44999999999999973,0.12345679012345678,0.4374999999999999,0.19907407407407407,0.7678571428571428,0.5732484076433121,0.47245762711864403,0.4814785054238726,0.9276315789473686,0.4259259259259258,0.370967741935484,0.5
0.4249999999999998,0.1481481481481482,0.4999999999999999,0.324074074074074,0.625,0.6496815286624205,0.7182203389830508,0.6100441944556181,0.5855263157894739,0.4999999999999999,0.09677419354838701,0.33333333333333326
0.7249999999999999,0.49382716049382724,0.4999999999999999,0.2824074074074074,0.3928571428571429,0.3821656050955414,0.5741525423728814,0.5136199276818019,0.7697368421052642,0.7407407407407406,0.435483870967742,0.6666666666666665
0.2999999999999998,0.2962962962962963,1.0,0.046296296296296294,1.0,0.10191082802547771,0.1461864406779661,0.3593411008437215,0.414473684210527,0.4629629629629628,0.2903225806451615,0.33333333333333326
0.2999999999999998,0.2716049382716049,1.0,0.04166666666666667,1.0,0.089171974522293,0.1504237288135593,0.3593411008437215,0.414473684210527,0.4444444444444443,0.2903225806451615,0.5
0.07499999999999996,0.7654320987654321,0.24999999999999992,0.050925925925925916,0.2142857142857144,0.1656050955414013,0.22245762711864409,0.14720771394134147,0.914473684210527,0.4259259259259258,0.7258064516129035,0.5
0.2250000000000001,0.691358024691358,0.5208333333333333,0.16666666666666669,0.1964285714285715,0.24203821656050956,0.2436440677966102,0.23077541181197603,0.7960526315789482,0.4259259259259258,0.6290322580645162,0.5
0.5249999999999999,0.2716049382716049,0.4999999999999999,0.046296296296296294,0.4999999999999999,0.7770700636942676,0.548728813559322,0.34648453194054696,0.8355263157894739,0.5555555555555555,0.4516129032258067,0.33333333333333326
0.2999999999999998,0.8148148148148147,0.24999999999999992,0.060185185185185175,0.625,0.3439490445859873,0.43432203389830504,0.3657693852953017,0.8092105263157898,0.5555555555555555,0.403225806451613,0.5
0.6499999999999999,0.49382716049382724,0.4374999999999999,0.21759259259259256,0.6964285714285714,0.535031847133758,0.5995762711864406,0.44933708316593624,0.414473684210527,0.4814814814814813,0.370967741935484,0.5
0.6499999999999999,0.5432098765432098,0.4374999999999999,0.21296296296296297,0.6785714285714285,0.5477707006369427,0.6080508474576272,0.44933708316593624,0.414473684210527,0.4259259259259258,0.370967741935484,0.5
0.7249999999999999,0.49382716049382724,0.6249999999999999,0.38425925925925924,0.375,0.07643312101910829,0.413135593220339,0.4107673764564126,0.3355263157894739,0.29629629629629617,0.6451612903225807,0.6666666666666665
0.9499999999999997,0.19753086419753085,0.6041666666666665,0.1296296296296296,0.4464285714285715,0.4968152866242038,0.5233050847457628,0.39148252310165077,0.19078947368421106,0.31481481481481477,0.35483870967741926,0.5
0.8499999999999996,0.4444444444444444,0.7291666666666665,0.032407407407407406,0.5535714285714285,0.06369426751592358,0.2097457627118644,0.46862193652069095,0.44078947368421106,0.7407407407407406,0.35483870967741926,0.16666666666666663
0.4249999999999998,0.41975308641975306,0.375,0.6759259259259258,0.6071428571428571,0.9299363057324841,0.836864406779661,0.6486139011651275,0.5065789473684217,0.31481481481481477,0.306451612903226,0.33333333333333326
0.5499999999999998,0.3950617283950617,0.18749999999999992,0.032407407407407406,0.5535714285714285,0.089171974522293,0.18008474576271188,0.44290879871434896,0.7565789473684217,0.4629629629629628,0.33870967741935476,0.16666666666666663
0.9499999999999997,0.24691358024691357,0.5624999999999999,0.05555555555555555,0.4464285714285715,0.28025477707006374,0.7097457627118644,0.5457613499397453,0.5855263157894739,0.611111111111111,0.24193548387096775,0.5
0.7499999999999998,0.4691358024691358,0.5208333333333333,0.046296296296296294,0.5535714285714285,0.3184713375796179,0.5699152542372882,0.3593411008437215,0.3223684210526314,0.4259259259259258,0.403225806451613,0.5
0.2999999999999998,0.4444444444444444,0.5208333333333333,0.032407407407407406,0.5535714285714285,0.05095541401273886,0.0402542372881356,0.3400562474889526,0.6381578947368429,0.759259259259259,0.3870967741935485,0.33333333333333326
0.32499999999999973,0.3950617283950617,0.375,0.42592592592592593,0.8392857142857142,0.39490445859872614,0.5614406779661016,0.6100441944556181,0.664473684210527,0.4629629629629628,0.24193548387096775,0.5
0.7999999999999998,0.3950617283950617,0.4374999999999999,0.7800925925925924,0.7321428571428571,0.5222929936305732,0.6970338983050848,0.8093210124548094,0.3223684210526314,0.5185185185185184,0.19354838709677402,0.5
0.6999999999999997,0.32098765432098764,1.0,0.06944444444444445,0.5535714285714285,0.5732484076433121,0.6165254237288136,0.41719566090799987,0.3223684210526314,0.5925925925925924,0.33870967741935476,0.6666666666666665
0.7999999999999998,0.2716049382716049,0.5624999999999999,0.05555555555555555,0.625,0.178343949044586,0.2733050847457627,0.41719566090799987,0.45394736842105265,0.4259259259259258,0.2903225806451615,0.6666666666666665
0.3999999999999999,0.49382716049382724,0.6666666666666665,0.287037037037037,0.5357142857142857,0.7515923566878981,0.8326271186440678,0.5200482121333891,0.37500000000000044,0.4444444444444443,0.22580645161290325,0.33333333333333326
0.3999999999999999,0.49382716049382724,0.7083333333333331,0.3009259259259259,0.5357142857142857,0.7388535031847134,0.8538135593220338,0.5200482121333891,0.37500000000000044,0.4259259259259258,0.22580645161290325,0.5
0.5249999999999999,0.3950617283950617,0.6249999999999999,0.032407407407407406,0.857142857142857,0.20382165605095542,0.4936440677966102,0.3657693852953017,0.664473684210527,0.4814814814814813,0.3870967741935485,0.6666666666666665
0.25,0.691358024691358,0.35416666666666663,0.12499999999999999,0.4107142857142857,0.4840764331210191,0.565677966101695,0.2564885496183251,0.7039473684210527,0.611111111111111,0.5322580645161292,0.5
0.44999999999999973,0.24691358024691357,0.39583333333333326,0.12499999999999999,0.5178571428571428,0.20382165605095542,0.3029661016949152,0.3786259541984762,0.8092105263157898,0.7777777777777776,0.4516129032258067,0.5
0.07499999999999996,1.0,0.0,0.09722222222222222,0.6607142857142856,0.356687898089172,0.2521186440677966,0.39148252310165077,0.6776315789473686,0.38888888888888873,0.20967741935483875,0.33333333333333326
0.44999999999999973,0.345679012345679,0.5833333333333333,0.027777777777777776,0.7857142857142856,0.5477707006369427,0.760593220338983,0.3786259541984762,0.7434210526315792,0.611111111111111,0.370967741935484,0.6666666666666665
0.875,0.1728395061728395,0.6249999999999999,0.032407407407407406,0.7142857142857142,0.3821656050955414,0.5360169491525424,0.3786259541984762,0.36184210526315885,0.31481481481481477,0.403225806451613,0.5
0.6999999999999997,0.19753086419753085,0.7291666666666665,0.037037037037037035,0.4999999999999999,0.29299363057324845,0.3792372881355932,0.39148252310165077,0.4013157894736845,0.9814814814814813,0.370967741935484,0.5
0.7249999999999999,0.19753086419753085,0.6666666666666665,0.050925925925925916,0.5892857142857143,0.7388535031847134,0.6504237288135594,0.39148252310165077,0.5723684210526323,0.8148148148148148,0.5161290322580645,0.6666666666666665
0.875,0.19753086419753085,0.8124999999999998,0.050925925925925916,0.75,0.3694267515923567,0.3326271186440678,0.4621936520691037,0.45394736842105265,0.35185185185185175,0.370967741935484,0.5
0.34999999999999987,0.41975308641975306,0.7916666666666665,0.5092592592592592,0.5892857142857143,0.7643312101910829,0.8072033898305084,0.6229007633587926,0.5065789473684217,0.5185185185185184,0.24193548387096775,0.33333333333333326
0.32499999999999973,0.19753086419753085,0.375,0.5555555555555555,0.8749999999999998,0.7770700636942676,0.6038135593220338,0.7900361591000475,0.9999999999999996,0.38888888888888873,0.14516129032258074,0.33333333333333326
0.6999999999999997,0.7654320987654321,0.27083333333333326,0.10185185185185185,0.375,0.21656050955414013,0.3961864406779661,0.35291281639213423,0.29605263157894735,0.12962962962962954,0.35483870967741926,0.33333333333333326
0.4999999999999998,0.7160493827160493,0.7916666666666665,0.4907407407407407,0.9999999999999998,0.535031847133758,0.4936440677966102,0.6229007633587926,0.23026315789473717,0.9999999999999999,0.19354838709677402,0.33333333333333326
0.5749999999999997,0.24691358024691357,0.6874999999999999,0.037037037037037035,0.5357142857142857,0.5732484076433121,0.5826271186440678,0.2886299718762615,0.19078947368421106,0.16666666666666663,0.403225806451613,0.5
0.875,0.1481481481481482,0.35416666666666663,0.04166666666666667,0.6071428571428571,0.6878980891719746,0.7182203389830508,0.4814785054238726,0.5328947368421058,0.7407407407407406,0.24193548387096775,0.5
0.9499999999999997,0.2962962962962963,0.6874999999999999,0.04166666666666667,0.4642857142857143,0.42038216560509556,0.4470338983050848,0.34648453194054696,0.4013157894736845,0.4999999999999999,0.5483870967741937,0.6666666666666665
0.4999999999999998,0.2716049382716049,0.47916666666666663,0.29861111111111105,0.07142857142857156,0.6624203821656052,0.7139830508474576,0.4107673764564126,0.5855263157894739,0.2777777777777777,0.5,0.8333333333333333
0.6999999999999997,0.2716049382716049,0.6041666666666665,0.4629629629629629,0.8035714285714284,0.5859872611464969,0.6546610169491526,0.5843310566492548,0.4276315789473686,0.29629629629629617,0.403225806451613,0.5
0.4999999999999998,0.6419753086419754,1.0,0.10185185185185185,1.0,0.267515923566879,0.701271186440678,0.3657693852953017,0.9276315789473686,0.8888888888888885,0.6451612903225807,0.5
0.34999999999999987,0.1728395061728395,0.7708333333333333,0.046296296296296294,0.4285714285714286,0.4585987261146497,0.43855932203389825,0.3786259541984762,0.7565789473684217,0.5370370370370369,0.27419354838709675,0.5
0.44999999999999973,0.1481481481481482,0.7291666666666665,0.046296296296296294,0.4821428571428572,0.5732484076433121,0.510593220338983,0.3786259541984762,0.6776315789473686,0.5370370370370369,0.35483870967741926,0.5
0.7999999999999998,1.0,0.1666666666666666,0.3518518518518518,0.4464285714285715,0.14012738853503187,0.1716101694915254,0.5457613499397453,0.37500000000000044,0.14814814814814803,0.24193548387096775,0.16666666666666663
0.5499999999999998,0.3950617283950617,0.5416666666666665,0.04166666666666667,0.6607142857142856,0.624203821656051,0.4597457627118644,0.44933708316593624,0.7960526315789482,0.685185185185185,0.3870967741935485,0.6666666666666665
0.3749999999999998,1.0,0.7291666666666665,0.4814814814814814,0.625,0.6114649681528663,0.9555084745762711,0.6486139011651275,0.5065789473684217,0.6481481481481478,0.20967741935483875,0.16666666666666663
0.5749999999999997,0.2962962962962963,0.6666666666666665,0.06944444444444445,0.6964285714285714,0.28025477707006374,0.6207627118644068,0.49433507432704715,0.8881578947368429,0.7407407407407406,0.403225806451613,0.5
0.34999999999999987,0.6419753086419754,0.4166666666666665,0.324074074074074,0.5714285714285714,0.5477707006369427,0.9004237288135594,0.5393330654881581,0.7171052631578951,0.7407407407407406,0.3225806451612905,0.5
0.5749999999999997,0.5432098765432098,0.5624999999999999,0.287037037037037,0.7142857142857142,0.5414012738853503,0.9088983050847458,0.6486139011651275,0.9013157894736854,0.7777777777777776,0.35483870967741926,0.5
0.7749999999999999,1.0,0.7708333333333333,0.4629629629629629,1.0,0.39490445859872614,0.8792372881355932,0.7193250301325875,0.08552631578947434,0.9629629629629627,0.17741935483870974,0.0
1.0,0.22222222222222227,0.6041666666666665,0.05555555555555555,0.4464285714285715,0.4713375796178344,0.5444915254237288,0.4557653676175235,0.46710526315789513,0.8333333333333331,0.35483870967741926,0.5
0.6749999999999998,0.22222222222222227,0.5833333333333333,0.04166666666666667,0.8035714285714284,0.20382165605095542,0.2351694915254237,0.41719566090799987,0.9671052631578951,0.9999999999999999,0.435483870967742,0.33333333333333326
0.5749999999999997,0.9629629629629628,0.3124999999999999,0.25,0.5178571428571428,0.11464968152866242,0.2436440677966102,0.5457613499397453,0.5328947368421058,0.6296296296296297,0.27419354838709675,0.33333333333333326
0.5749999999999997,0.1728395061728395,0.5208333333333333,0.21759259259259256,0.3392857142857144,0.39490445859872614,0.3580508474576271,0.5264764965849764,0.7434210526315792,0.5555555555555555,0.20967741935483875,0.6666666666666665
0.6749999999999998,0.22222222222222227,0.5208333333333333,0.037037037037037035,0.3571428571428572,0.14012738853503187,0.3495762711864407,0.30148654077943604,0.3223684210526314,0.9629629629629627,0.4838709677419355,0.33333333333333326
0.8499999999999996,1.0,0.4374999999999999,0.06944444444444445,0.5714285714285714,0.1910828025477707,0.5021186440677966,0.5071916432302217,0.5460526315789482,0.9074074074074071,0.4516129032258067,0.16666666666666663
0.7249999999999999,0.4814814814814815,0.4374999999999999,0.018518518518518517,0.4285714285714286,0.21656050955414013,0.2351694915254237,0.3143431096826035,0.2697368421052633,0.6296296296296297,0.435483870967742,0.33333333333333326
0.6249999999999998,1.0,0.47916666666666663,0.21296296296296297,0.4999999999999999,0.20382165605095542,0.3580508474576271,0.5200482121333891,0.5723684210526323,0.4259259259259258,0.435483870967742,0.16666666666666663
0.6749999999999998,0.6172839506172839,0.8124999999999998,0.8726851851851851,0.5892857142857143,0.6751592356687899,0.9470338983050847,0.8928887103254297,0.19078947368421106,0.33333333333333326,0.12903225806451624,0.33333333333333326
0.5999999999999999,0.32098765432098764,0.5833333333333333,0.046296296296296294,0.6071428571428571,0.267515923566879,0.3156779661016949,0.3400562474889526,0.46710526315789513,0.4814814814814813,0.467741935483871,0.6666666666666665
0.6249999999999998,0.1728395061728395,0.6458333333333333,0.06481481481481481,0.625,0.28025477707006374,0.3072033898305085,0.39148252310165077,0.44078947368421106,0.4259259259259258,0.403225806451613,0.33333333333333326
0.4249999999999998,0.2716049382716049,0.020833333333333287,0.032407407407407406,0.5535714285714285,0.267515923566879,0.3707627118644068,0.42362394535958714,0.6381578947368429,0.4259259259259258,0.3225806451612905,0.33333333333333326
0.5499999999999998,0.5679012345679012,0.8958333333333333,0.050925925925925916,0.2500000000000001,0.03821656050955414,0.17584745762711862,0.30148654077943604,0.3486842105263164,0.38888888888888873,0.3870967741935485,0.33333333333333326
0.875,0.7901234567901234,0.6041666666666665,0.023148148148148154,0.4107142857142857,0.1656050955414013,0.2351694915254237,0.4043390920048253,0.29605263157894735,0.38888888888888873,0.19354838709677402,0.33333333333333326
0.32499999999999973,0.7160493827160493,0.5624999999999999,0.18981481481481483,0.3571428571428572,0.43312101910828027,0.4088983050847458,0.25006026516673785,0.664473684210527,0.7407407407407406,0.741935483870968,0.5
0.6249999999999998,0.3950617283950617,0.5208333333333333,0.3194444444444444,0.5892857142857143,0.3439490445859873,0.5614406779661016,0.5843310566492548,0.3881578947368429,0.5925925925925924,0.16129032258064524,0.33333333333333326
0.5249999999999999,0.32098765432098764,1.0,0.023148148148148154,1.0,0.6369426751592357,0.43855932203389825,0.39148252310165077,0.29605263157894735,0.31481481481481477,0.19354838709677402,0.5
0.6999999999999997,0.5185185185185185,0.6874999999999999,0.032407407407407406,0.3571428571428572,0.20382165605095542,0.2817796610169491,0.2372036962635633,0.24342105263157965,0.31481481481481477,0.5322580645161292,0.33333333333333326
1.0,0.5185185185185185,0.9583333333333333,0.07407407407407408,0.625,0.1910828025477707,0.4216101694915254,0.5843310566492548,0.414473684210527,0.8703703703703701,0.370967741935484,0.16666666666666663
0.9499999999999997,0.4444444444444444,0.6666666666666665,0.07407407407407408,0.6071428571428571,0.3439490445859873,0.3877118644067797,0.44933708316593624,0.2039473684210531,0.40740740740740733,0.3225806451612905,0.33333333333333326
0.6749999999999998,0.32098765432098764,0.5208333333333333,0.027777777777777776,0.8035714285714284,0.30573248407643316,0.3877118644067797,0.3850542386500635,0.9276315789473686,0.4629629629629628,0.435483870967742,0.5
0.5999999999999999,1.0,0.3124999999999999,0.4351851851851851,1.0,0.42038216560509556,0.7521186440677966,0.706468461229413,0.7960526315789482,0.4629629629629628,0.16129032258064524,0.33333333333333326
0.125,0.5432098765432098,0.2291666666666666,0.023148148148148154,1.0,0.5859872611464969,0.6207627118644068,0.46862193652069095,0.6513157894736845,0.5925925925925924,0.11290322580645151,0.16666666666666663
0.7999999999999998,0.4444444444444444,0.5624999999999999,0.06481481481481481,0.6964285714285714,0.356687898089172,0.43008474576271183,0.3143431096826035,0.37500000000000044,0.9259259259259257,0.5806451612903225,0.6666666666666665
0.5499999999999998,0.32098765432098764,0.39583333333333326,0.3194444444444444,0.982142857142857,0.5477707006369427,0.701271186440678,0.6100441944556181,0.7039473684210527,0.611111111111111,0.22580645161290325,0.33333333333333326
0.47499999999999987,0.4444444444444444,0.35416666666666663,0.15740740740740738,1.0,0.4267515923566879,0.8326271186440678,0.5457613499397453,0.664473684210527,0.8518518518518517,0.24193548387096775,0.33333333333333326
0.47499999999999987,0.4444444444444444,0.35416666666666663,0.16203703703703703,1.0,0.43312101910828027,0.7733050847457628,0.5457613499397453,0.6513157894736845,0.8333333333333331,0.24193548387096775,0.33333333333333326
0.8249999999999997,0.4444444444444444,0.5833333333333333,0.060185185185185175,1.0,0.5859872611464969,0.5911016949152542,0.5007633587786344,0.7434210526315792,0.8888888888888885,0.467741935483871,0.5
0.875,0.345679012345679,0.6041666666666665,0.6574074074074074,0.6964285714285714,0.3821656050955414,0.451271186440678,0.8414624347127457,0.5460526315789482,0.5185185185185184,0.27419354838709675,0.33333333333333326
0.3999999999999999,0.5432098765432098,0.8749999999999998,0.2268518518518518,0.5892857142857143,0.7643312101910829,0.646186440677966,0.4557653676175235,0.36184210526315885,0.4259259259259258,0.17741935483870974,0.5
0.6749999999999998,0.2716049382716049,0.5208333333333333,0.09259259259259259,0.3928571428571429,0.39490445859872614,0.4470338983050848,0.3336279630373653,0.3881578947368429,0.4999999999999999,0.5,0.6666666666666665
1.0,0.6172839506172839,0.7291666666666665,0.26620370370370366,0.16071428571428586,0.089171974522293,0.2860169491525424,0.29505825632784877,0.2039473684210531,0.33333333333333326,0.741935483870968,0.6666666666666665
0.5249999999999999,0.2962962962962963,0.5624999999999999,0.04166666666666667,0.2857142857142858,0.4585987261146497,0.5402542372881356,0.3850542386500635,0.7171052631578951,0.6296296296296297,0.4838709677419355,0.5
0.7999999999999998,0.7160493827160493,0.47916666666666663,0.046296296296296294,0.4464285714285715,0.3821656050955414,0.6207627118644068,0.3143431096826035,0.2565789473684217,0.611111111111111,0.5322580645161292,0.6666666666666665
0.8499999999999996,0.5185185185185185,0.4999999999999999,0.3935185185185185,0.375,0.3312101910828026,0.4173728813559322,0.5264764965849764,0.2039473684210531,0.33333333333333326,0.467741935483871,0.6666666666666665
0.7249999999999999,0.6419753086419754,0.4374999999999999,0.34259259259259256,0.5892857142857143,0.29299363057324845,0.7309322033898306,0.5136199276818019,0.21710526315789558,0.4629629629629628,0.467741935483871,0.33333333333333326
0.34999999999999987,1.0,0.7499999999999999,0.5277777777777778,0.6071428571428571,0.3184713375796179,0.7055084745762712,0.6614704700683021,0.4802631578947376,0.5185185185185184,0.20967741935483875,0.5
0.3999999999999999,0.7901234567901234,0.20833333333333323,0.12037037037037036,0.3214285714285715,0.3312101910828026,0.44279661016949157,0.2114905584572071,0.5460526315789482,0.5925925925925924,0.7580645161290325,0.6666666666666665
0.6749999999999998,0.49382716049382724,0.4999999999999999,0.32870370370370366,0.5892857142857143,0.5095541401273885,0.6800847457627118,0.6614704700683021,0.7434210526315792,0.685185185185185,0.33870967741935476,0.5
0.7499999999999998,0.4444444444444444,0.7291666666666665,0.032407407407407406,0.3928571428571429,0.5222929936305732,0.47669491525423724,0.46862193652069095,0.4934210526315792,0.7962962962962962,0.3225806451612905,0.33333333333333326
0.4249999999999998,0.4444444444444444,0.5208333333333333,0.7268518518518519,0.6428571428571428,0.6878980891719746,0.7521186440677966,0.8543190036159203,0.9013157894736854,0.37037037037037024,0.2903225806451615,0.33333333333333326
0.3749999999999998,0.6419753086419754,0.4166666666666665,0.25925925925925924,0.5535714285714285,0.3439490445859873,0.8792372881355932,0.5200482121333891,0.6381578947368429,0.574074074074074,0.33870967741935476,0.5
0.4999999999999998,0.1728395061728395,0.4999999999999999,0.18981481481481483,0.7857142857142856,0.3694267515923567,0.4173728813559322,0.5457613499397453,0.8223684210526323,0.31481481481481477,0.16129032258064524,0.6666666666666665
0.3749999999999998,0.4691358024691358,0.33333333333333326,0.2407407407407407,0.4107142857142857,0.6369426751592357,0.5741525423728814,0.5071916432302217,0.6250000000000004,0.29629629629629617,0.22580645161290325,0.5
0.6499999999999999,0.2962962962962963,0.5833333333333333,0.7569444444444443,0.5892857142857143,0.5222929936305732,0.722457627118644,0.7964644435516348,0.29605263157894735,0.37037037037037024,0.19354838709677402,0.5
0.3749999999999998,0.37037037037037035,0.24999999999999992,0.20833333333333331,0.3571428571428572,0.3439490445859873,0.5190677966101694,0.4557653676175235,0.7302631578947376,0.20370370370370372,0.33870967741935476,0.6666666666666665
0.6249999999999998,0.5679012345679012,1.0,0.44444444444444436,0.4642857142857143,0.713375796178344,0.5953389830508474,0.6807553234230639,0.3355263157894739,0.4259259259259258,0.09677419354838701,0.33333333333333326
0.10000000000000009,0.3950617283950617,0.7499999999999999,0.14814814814814814,0.2142857142857144,0.24203821656050956,0.4597457627118644,0.3143431096826035,0.9802631578947376,0.4999999999999999,0.5161290322580645,0.8333333333333333
0.5499999999999998,0.3950617283950617,0.47916666666666663,0.032407407407407406,0.3928571428571429,0.4713375796178344,0.43855932203389825,0.3143431096826035,0.4802631578947376,0.37037037037037024,0.5161290322580645,0.8333333333333333
0.5499999999999998,0.22222222222222227,0.4999999999999999,0.15740740740740738,0.3392857142857144,0.1910828025477707,0.4555084745762712,0.4043390920048253,0.5065789473684217,0.31481481481481477,0.4193548387096775,0.6666666666666665
0.875,0.32098765432098764,1.0,0.763888888888889,0.6071428571428571,0.7643312101910829,0.8199152542372882,0.8671755725190948,0.2697368421052633,0.5370370370370369,0.20967741935483875,0.5
0.5999999999999999,0.32098765432098764,0.5416666666666665,0.6435185185185185,0.5892857142857143,0.42038216560509556,0.6716101694915254,0.7128967456810003,0.3223684210526314,0.4629629629629628,0.14516129032258074,0.5
0.5749999999999997,0.32098765432098764,0.6458333333333333,0.027777777777777776,0.9642857142857142,0.28025477707006374,0.5783898305084746,0.3657693852953017,0.8092105263157898,0.38888888888888873,0.4193548387096775,0.5
0.8999999999999999,0.22222222222222227,0.45833333333333326,0.2824074074074074,0.4107142857142857,0.3439490445859873,0.47669491525423724,0.47505022097228533,0.3881578947368429,0.18518518518518512,0.4193548387096775,0.6666666666666665
0.6499999999999999,0.3950617283950617,0.45833333333333326,0.3611111111111111,0.5357142857142857,0.6369426751592357,0.6927966101694916,0.590759341100842,0.37500000000000044,0.18518518518518512,0.12903225806451624,0.33333333333333326
0.125,0.3950617283950617,0.4999999999999999,0.032407407407407406,0.3214285714285715,0.29299363057324845,0.3283898305084746,0.22434712736038875,0.9999999999999996,0.29629629629629617,0.4838709677419355,0.8333333333333333
0.4249999999999998,0.49382716049382724,0.35416666666666663,0.37962962962962965,0.4464285714285715,0.535031847133758,0.5063559322033898,0.5457613499397453,0.6776315789473686,0.2777777777777777,0.35483870967741926,0.5
0.4249999999999998,0.5185185185185185,0.33333333333333326,0.4629629629629629,0.4285714285714286,0.3821656050955414,0.4258474576271186,0.5843310566492548,0.664473684210527,0.2222222222222222,0.33870967741935476,0.5
0.25,0.5185185185185185,0.24999999999999992,0.09259259259259259,0.17857142857142871,0.12738853503184716,0.4258474576271186,0.14720771394134147,0.7697368421052642,0.9999999999999999,0.967741935483871,0.6666666666666665
0.3749999999999998,0.22222222222222227,0.6874999999999999,0.10185185185185185,0.23214285714285726,0.5477707006369427,0.3707627118644068,0.2372036962635633,0.6118421052631589,0.38888888888888873,0.6129032258064517,0.5
0.3749999999999998,0.19753086419753085,0.6458333333333333,0.046296296296296294,0.3214285714285715,0.7261146496815287,0.5444915254237288,0.27577340297307984,0.8355263157894739,0.574074074074074,0.5483870967741937,0.33333333333333326
0.7749999999999999,0.5185185185185185,0.6249999999999999,0.2824074074074074,0.375,0.05095541401273886,0.413135593220339,0.4300522298111744,0.414473684210527,0.37037037037037024,0.435483870967742,0.33333333333333326
0.17500000000000004,0.5925925925925926,0.7499999999999999,0.19907407407407407,0.23214285714285726,0.29299363057324845,0.7266949152542372,0.32719967858577803,0.9276315789473686,0.4999999999999999,0.5645161290322582,0.6666666666666665
0.5999999999999999,0.7160493827160493,0.12499999999999992,0.06481481481481481,0.2500000000000001,0.3184713375796179,0.2860169491525424,0.20506227400562693,0.6513157894736845,0.685185185185185,0.741935483870968,0.6666666666666665
0.32499999999999973,0.5185185185185185,0.375,0.050925925925925916,0.16071428571428586,0.14012738853503187,0.23940677966101692,0.1407794294897542,0.5328947368421058,0.5370370370370369,0.741935483870968,0.6666666666666665
1.0,0.345679012345679,0.6458333333333333,0.08333333333333333,0.6964285714285714,0.20382165605095542,0.5572033898305084,0.5200482121333891,0.3092105263157898,0.4444444444444443,0.20967741935483875,0.16666666666666663
0.7999999999999998,0.24691358024691357,0.5833333333333333,0.032407407407407406,0.4464285714285715,0.1656050955414013,0.3241525423728814,0.2629168340699053,0.3355263157894739,0.722222222222222,0.6612903225806452,0.5
0.4249999999999998,0.345679012345679,0.5208333333333333,0.5277777777777778,0.6785714285714285,0.6751592356687899,0.6673728813559322,0.7193250301325875,0.9407894736842111,0.40740740740740733,0.306451612903226,0.5
0.6499999999999999,0.24691358024691357,0.6458333333333333,0.046296296296296294,0.5714285714285714,0.25477707006369427,0.3495762711864407,0.42362394535958714,0.6250000000000004,0.40740740740740733,0.435483870967742,0.33333333333333326
0.4249999999999998,1.0,0.1666666666666666,0.037037037037037035,0.5714285714285714,0.03821656050955414,0.027542372881355928,0.39148252310165077,0.5986842105263164,0.18518518518518512,0.3225806451612905,0.16666666666666663
0.5499999999999998,0.1728395061728395,0.6041666666666665,0.07407407407407408,0.5714285714285714,0.39490445859872614,0.3241525423728814,0.3657693852953017,0.4276315789473686,0.31481481481481477,0.3870967741935485,0.8333333333333333
0.27500000000000013,0.8271604938271604,0.08333333333333329,0.037037037037037035,0.4464285714285715,0.11464968152866242,0.1885593220338983,0.32719967858577803,0.6381578947368429,0.5555555555555555,0.403225806451613,0.33333333333333326
0.8249999999999997,0.9135802469135803,0.5208333333333333,0.35648148148148145,0.3928571428571429,0.39490445859872614,0.8326271186440678,0.6743270389714908,0.664473684210527,0.7777777777777776,0.27419354838709675,0.33333333333333326
0.25,0.8271604938271604,0.08333333333333329,0.037037037037037035,0.4464285714285715,0.11464968152866242,0.1885593220338983,0.32719967858577803,0.6381578947368429,0.5555555555555555,0.403225806451613,0.33333333333333326
0.3999999999999999,1.0,0.1458333333333333,0.5694444444444444,0.4821428571428572,0.30573248407643316,0.5021186440677966,0.6614704700683021,0.6250000000000004,0.20370370370370372,0.16129032258064524,0.33333333333333326
0.47499999999999987,0.06172839506172839,0.47916666666666663,0.5462962962962963,0.6428571428571428,0.40764331210191085,0.3665254237288136,0.7000401767778257,0.9671052631578951,0.4259259259259258,0.19354838709677402,0.5
0.2999999999999998,0.7901234567901234,0.4374999999999999,0.046296296296296294,0.5714285714285714,0.356687898089172,0.413135593220339,0.3850542386500635,0.4802631578947376,0.4814814814814813,0.33870967741935476,0.5
0.44999999999999973,0.41975308641975306,0.6249999999999999,0.039351851851851846,0.4464285714285715,0.4840764331210191,0.2944915254237288,0.2564885496183251,0.7171052631578951,0.33333333333333326,0.5483870967741937,0.6666666666666665
1.0,0.691358024691358,0.7499999999999999,0.046296296296296294,0.4821428571428572,0.11464968152866242,0.44279661016949157,0.46862193652069095,0.164473684210527,0.4444444444444443,0.4516129032258067,0.33333333333333326
1.0,0.37037037037037035,0.6458333333333333,0.04166666666666667,0.5178571428571428,0.21656050955414013,0.489406779661017,0.42362394535958714,0.2039473684210531,0.4999999999999999,0.467741935483871,0.33333333333333326
0.3749999999999998,1.0,0.7499999999999999,0.5740740740740741,0.5714285714285714,0.39490445859872614,0.6885593220338982,0.6614704700683021,0.5197368421052642,0.4444444444444443,0.19354838709677402,0.5
0.4249999999999998,0.08641975308641975,0.4166666666666665,0.0625,0.4107142857142857,0.9044585987261147,0.6207627118644068,0.12149457613499237,0.414473684210527,0.055555555555555525,0.7903225806451615,0.6666666666666665
0.3999999999999999,0.1111111111111111,0.4166666666666665,0.24305555555555552,0.4821428571428572,0.28025477707006374,0.336864406779661,0.3143431096826035,0.5592105263157898,0.18518518518518512,0.6451612903225807,0.6666666666666665
0.2250000000000001,0.04938271604938271,0.375,0.032407407407407406,0.5714285714285714,0.24203821656050956,0.3411016949152542,0.3657693852953017,0.6118421052631589,0.4444444444444443,0.24193548387096775,0.33333333333333326
0.7749999999999999,0.41975308641975306,0.4166666666666665,0.21759259259259256,0.2857142857142858,0.39490445859872614,0.413135593220339,0.30148654077943604,0.3355263157894739,0.18518518518518512,0.6129032258064517,0.6666666666666665
0.5249999999999999,0.2962962962962963,0.39583333333333326,0.027777777777777776,0.5892857142857143,0.43312101910828027,0.5911016949152542,0.41719566090799987,0.5065789473684217,0.38888888888888873,0.17741935483870974,0.5
0.5249999999999999,0.37037037037037035,0.5208333333333333,0.15740740740740738,0.5714285714285714,0.28025477707006374,0.4597457627118644,0.46862193652069095,0.5197368421052642,0.5555555555555555,0.27419354838709675,0.5
0.4999999999999998,0.7654320987654321,0.45833333333333326,0.636574074074074,0.4999999999999999,0.3312101910828026,0.6038135593220338,0.7514664523905239,0.4802631578947376,0.5925925925925924,0.17741935483870974,0.33333333333333326
0.9749999999999996,0.345679012345679,0.6874999999999999,0.07870370370370369,0.6785714285714285,0.3184713375796179,0.4004237288135593,0.44290879871434896,0.24342105263157965,0.38888888888888873,0.3225806451612905,0.33333333333333326
0.6499999999999999,0.8148148148148147,0.5208333333333333,0.18981481481481483,0.4821428571428572,0.21656050955414013,0.4555084745762712,0.5264764965849764,0.5855263157894739,0.37037037037037024,0.3870967741935485,0.33333333333333326
0.47499999999999987,0.41975308641975306,0.5208333333333333,0.5671296296296295,0.5892857142857143,0.356687898089172,0.5995762711864406,0.7386098834873494,0.8355263157894739,0.4629629629629628,0.24193548387096775,0.5
0.2999999999999998,0.4444444444444444,0.6874999999999999,0.21296296296296297,0.2142857142857144,0.8662420382165605,0.6716101694915254,0.27577340297307984,0.7828947368421058,0.33333333333333326,0.6935483870967745,0.8333333333333333
0.32499999999999973,0.5679012345679012,0.5833333333333333,0.3611111111111111,0.2857142857142858,0.8662420382165605,0.6377118644067796,0.4043390920048253,0.8092105263157898,0.33333333333333326,0.596774193548387,0.8333333333333333
1.0,0.49382716049382724,0.7708333333333333,0.12037037037037036,0.7678571428571428,0.4713375796178344,0.48093220338983056,0.5714744877460944,0.44078947368421106,0.6666666666666664,0.24193548387096775,0.33333333333333326
1.0,0.5679012345679012,0.8333333333333333,0.29166666666666663,0.3392857142857144,0.30573248407643316,0.3029661016949152,0.42362394535958714,0.24342105263157965,0.2222222222222222,0.5645161290322582,0.33333333333333326
0.9249999999999998,0.19753086419753085,0.4999999999999999,0.018518518518518517,1.0,0.1910828025477707,0.15889830508474576,0.32077139413419076,0.44078947368421106,0.4444444444444443,0.4193548387096775,0.5
1.0,0.6419753086419754,0.8333333333333333,0.3101851851851851,0.6607142857142856,0.356687898089172,0.5360169491525424,0.7000401767778257,0.4802631578947376,0.722222222222222,0.35483870967741926,0.33333333333333326
0.5999999999999999,0.3950617283950617,0.4374999999999999,0.046296296296296294,0.5892857142857143,0.3184713375796179,0.47245762711864403,0.39791080755323804,0.5855263157894739,0.4259259259259258,0.403225806451613,0.33333333333333326
0.5999999999999999,0.41975308641975306,0.47916666666666663,0.04166666666666667,0.5714285714285714,0.3184713375796179,0.47669491525423724,0.39791080755323804,0.5986842105263164,0.40740740740740733,0.403225806451613,0.33333333333333326
0.4999999999999998,0.5925925925925926,0.18749999999999992,0.3194444444444444,0.4642857142857143,0.8789808917197452,0.8622881355932204,0.5650462032945072,0.44078947368421106,0.35185185185185175,0.14516129032258074,0.33333333333333326
1.0,0.4691358024691358,0.47916666666666663,0.023148148148148154,0.2857142857142858,0.1656050955414013,0.5572033898305084,0.41719566090799987,0.29605263157894735,0.35185185185185175,0.4193548387096775,0.33333333333333326
1.0,0.6419753086419754,0.47916666666666663,0.032407407407407406,0.4642857142857143,0.12738853503184716,0.7139830508474576,0.5264764965849764,0.4802631578947376,0.4999999999999999,0.24193548387096775,0.33333333333333326
0.5499999999999998,0.22222222222222227,0.5833333333333333,0.2361111111111111,0.17857142857142871,0.3439490445859873,0.3877118644067797,0.4300522298111744,0.5197368421052642,0.4999999999999999,0.4516129032258067,0.5
0.47499999999999987,0.41975308641975306,0.29166666666666663,0.3055555555555555,0.4107142857142857,0.7515923566878981,0.8495762711864406,0.5200482121333891,0.44078947368421106,0.2407407407407406,0.24193548387096775,0.33333333333333326
0.5249999999999999,0.5925925925925926,0.1666666666666666,0.324074074074074,0.4821428571428572,0.8535031847133758,0.8453389830508474,0.5650462032945072,0.4276315789473686,0.33333333333333326,0.14516129032258074,0.33333333333333326
0.32499999999999973,1.0,0.0,0.032407407407407406,0.4821428571428572,0.28025477707006374,0.2521186440677966,0.42362394535958714,0.664473684210527,0.29629629629629617,0.22580645161290325,0.16666666666666663
0.125,0.7777777777777778,0.0,0.032407407407407406,0.3571428571428572,0.30573248407643316,0.3495762711864407,0.3143431096826035,0.914473684210527,0.2407407407407406,0.4193548387096775,0.5
0.7749999999999999,0.19753086419753085,0.4374999999999999,0.19444444444444442,0.3928571428571429,0.445859872611465,0.6419491525423728,0.6164724789072054,0.8750000000000004,0.40740740740740733,0.16129032258064524,0.16666666666666663
0.6999999999999997,0.6172839506172839,0.5624999999999999,0.06944444444444445,0.3392857142857144,0.30573248407643316,0.646186440677966,0.46862193652069095,0.8092105263157898,0.4814814814814813,0.403225806451613,0.16666666666666663
0.7499999999999998,0.5432098765432098,0.4166666666666665,0.7523148148148148,0.6964285714285714,0.267515923566879,0.489406779661017,0.8157492969063966,0.46710526315789513,0.29629629629629617,0.16129032258064524,0.5
0.2250000000000001,0.4444444444444444,0.375,0.16203703703703703,1.0,0.910828025477707,0.7203389830508474,0.4557653676175235,0.6118421052631589,0.29629629629629617,0.22580645161290325,0.5
0.6749999999999998,0.1481481481481482,0.5208333333333333,0.032407407407407406,0.7142857142857142,0.6114649681528663,0.565677966101695,0.47505022097228533,0.6381578947368429,0.9999999999999999,0.25806451612903225,0.5
0.44999999999999973,0.41975308641975306,0.6666666666666665,0.3148148148148148,0.4999999999999999,0.3439490445859873,0.5572033898305084,0.4814785054238726,0.45394736842105265,0.7037037037037034,0.35483870967741926,0.6666666666666665
0.8499999999999996,0.37037037037037035,0.8333333333333333,0.013888888888888888,0.75,0.1656050955414013,0.2266949152542373,0.3657693852953017,0.3486842105263164,0.29629629629629617,0.3870967741935485,0.5
0.2999999999999998,0.3950617283950617,0.47916666666666663,0.26388888888888884,0.2678571428571429,0.40764331210191085,0.4639830508474576,0.4814785054238726,0.9407894736842111,0.35185185185185175,0.3870967741935485,0.33333333333333326
0.32499999999999973,0.9135802469135803,0.375,0.009259259259259259,0.4285714285714286,0.14012738853503187,0.2648305084745763,0.3593411008437215,0.5592105263157898,0.18518518518518512,0.24193548387096775,0.33333333333333326
0.6499999999999999,0.37037037037037035,0.7083333333333331,0.037037037037037035,0.5178571428571428,0.25477707006369427,0.3961864406779661,0.4300522298111744,0.5460526315789482,0.7407407407407406,0.4193548387096775,0.5
0.5999999999999999,0.2962962962962963,0.6041666666666665,0.018518518518518517,0.3928571428571429,0.24203821656050956,0.2309322033898305,0.30148654077943604,0.5328947368421058,0.2777777777777777,0.4838709677419355,0.33333333333333326
0.7249999999999999,0.41975308641975306,0.7083333333333331,0.18055555555555552,0.8392857142857142,0.22929936305732485,0.4046610169491525,0.6100441944556181,0.7565789473684217,0.5185185185185184,0.306451612903226,0.5
0.8499999999999996,1.0,0.7499999999999999,0.2222222222222222,0.2678571428571429,0.1656050955414013,0.4173728813559322,0.5329047810365637,0.44078947368421106,0.2222222222222222,0.25806451612903225,0.33333333333333326
0.6999999999999997,0.32098765432098764,0.7291666666666665,0.060185185185185175,0.375,0.10191082802547771,0.4216101694915254,0.26934511852149257,0.2697368421052633,0.8888888888888885,0.774193548387097,0.5
0.6499999999999999,0.345679012345679,0.4999999999999999,0.06481481481481481,0.5357142857142857,0.3694267515923567,0.3453389830508475,0.3850542386500635,0.8092105263157898,0.611111111111111,0.5483870967741937,0.33333333333333326
0.5999999999999999,0.4444444444444444,0.35416666666666663,0.5601851851851851,0.375,0.5987261146496816,0.8241525423728814,0.7386098834873494,0.7960526315789482,0.5185185185185184,0.3225806451612905,0.5
0.3999999999999999,0.41975308641975306,0.6666666666666665,0.3703703703703703,0.4821428571428572,0.7006369426751593,0.6504237288135594,0.6036159100040308,0.2565789473684217,0.40740740740740733,0.17741935483870974,0.33333333333333326
0.3749999999999998,0.5925925925925926,0.5416666666666665,0.48611111111111105,0.4285714285714286,0.3439490445859873,0.7563559322033898,0.7257533145841748,0.7302631578947376,0.5185185185185184,0.22580645161290325,0.6666666666666665
0.4999999999999998,0.41975308641975306,0.4166666666666665,0.06481481481481481,0.4821428571428572,0.21656050955414013,0.7182203389830508,0.5200482121333891,0.861842105263158,0.5925925925925924,0.35483870967741926,0.5
1.0,0.8888888888888888,0.6458333333333333,0.10185185185185185,0.375,0.42038216560509556,0.625,0.5457613499397453,0.21710526315789558,0.31481481481481477,0.19354838709677402,0.33333333333333326
0.5999999999999999,0.2962962962962963,0.33333333333333326,0.18055555555555552,0.5178571428571428,0.3694267515923567,0.3792372881355932,0.5007633587786344,0.5592105263157898,0.2592592592592592,0.22580645161290325,0.33333333333333326
0.6749999999999998,0.8395061728395061,0.7499999999999999,0.3935185185185185,0.2500000000000001,0.22929936305732485,0.4470338983050848,0.5714744877460944,0.414473684210527,0.2592592592592592,0.33870967741935476,0.5
0.3999999999999999,0.4444444444444444,0.4374999999999999,0.07407407407407408,0.17857142857142871,0.39490445859872614,0.48516949152542377,0.3143431096826035,0.5328947368421058,0.4629629629629628,0.4193548387096775,0.5
0.7749999999999999,0.9382716049382716,0.47916666666666663,0.16203703703703703,0.3214285714285715,0.4840764331210191,0.5021186440677966,0.2629168340699053,0.4934210526315792,0.40740740740740733,0.774193548387097,0.6666666666666665
0.4249999999999998,0.8148148148148147,1.0,0.5185185185185185,0.8928571428571428,0.802547770700637,0.8707627118644068,0.6871836078746512,0.414473684210527,0.5370370370370369,0.14516129032258074,0.33333333333333326
0.6749999999999998,0.5925925925925926,0.5833333333333333,0.027777777777777776,0.5892857142857143,0.25477707006369427,0.6970338983050848,0.4300522298111744,0.37500000000000044,0.38888888888888873,0.20967741935483875,0.33333333333333326
0.44999999999999973,0.32098765432098764,0.6041666666666665,0.07407407407407408,0.1964285714285715,0.4840764331210191,0.3580508474576271,0.27577340297307984,0.5855263157894739,0.33333333333333326,0.5,0.8333333333333333
0.5749999999999997,0.32098765432098764,0.4374999999999999,0.037037037037037035,0.3928571428571429,0.5477707006369427,0.5233050847457628,0.39148252310165077,0.4276315789473686,0.20370370370370372,0.306451612903226,0.5
0.6999999999999997,0.4444444444444444,0.7916666666666665,0.046296296296296294,0.9464285714285714,0.03821656050955414,0.1504237288135593,0.46862193652069095,0.3881578947368429,0.4259259259259258,0.25806451612903225,0.33333333333333326
0.5249999999999999,0.41975308641975306,0.35416666666666663,0.21296296296296297,0.16071428571428586,0.43312101910828027,0.489406779661017,0.49433507432704715,0.46710526315789513,0.9259259259259257,0.435483870967742,0.6666666666666665
0.5749999999999997,0.4444444444444444,0.47916666666666663,0.6412037037037036,1.0,0.3439490445859873,0.3707627118644068,0.7000401767778257,0.2039473684210531,0.37037037037037024,0.19354838709677402,0.5
0.6249999999999998,0.345679012345679,0.6458333333333333,0.6550925925925926,0.4821428571428572,0.5414012738853503,0.4661016949152542,0.8157492969063966,0.7302631578947376,0.35185185185185175,0.17741935483870974,0.6666666666666665
0.34999999999999987,0.7160493827160493,0.27083333333333326,0.35648148148148145,0.17857142857142871,0.43312101910828027,0.8326271186440678,0.5971876255524293,0.6907894736842111,0.7037037037037034,0.25806451612903225,0.5
0.7749999999999999,0.345679012345679,0.7499999999999999,0.6296296296296295,0.4107142857142857,0.6496815286624205,0.5148305084745762,0.777179590196873,0.29605263157894735,0.4444444444444443,0.19354838709677402,0.5
0.6499999999999999,0.41975308641975306,0.5833333333333333,0.29166666666666663,0.08928571428571447,0.15286624203821658,0.3114406779661017,0.4364805142627617,0.2565789473684217,0.4814814814814813,0.435483870967742,0.6666666666666665
0.4999999999999998,0.24691358024691357,0.5833333333333333,0.04166666666666667,0.2142857142857144,0.445859872611465,0.3114406779661017,0.3143431096826035,0.6513157894736845,0.4259259259259258,0.4516129032258067,0.5
0.5499999999999998,0.22222222222222227,0.5833333333333333,0.04166666666666667,0.23214285714285726,0.30573248407643316,0.2351694915254237,0.32719967858577803,0.6513157894736845,0.4444444444444443,0.4516129032258067,0.6666666666666665
0.3999999999999999,0.5432098765432098,0.6041666666666665,0.3333333333333333,0.5535714285714285,0.42038216560509556,0.7309322033898306,0.5393330654881581,0.3881578947368429,0.2777777777777777,0.16129032258064524,0.33333333333333326
0.050000000000000044,0.6172839506172839,0.1458333333333333,0.04166666666666667,0.6071428571428571,0.10191082802547771,0.3283898305084746,0.29505825632784877,0.8881578947368429,0.40740740740740733,0.435483870967742,0.5
1.0,0.6172839506172839,0.47916666666666663,0.04166666666666667,0.5714285714285714,0.11464968152866242,0.7648305084745762,0.5329047810365637,0.5065789473684217,0.4444444444444443,0.22580645161290325,0.33333333333333326
0.5499999999999998,0.4444444444444444,0.7708333333333333,0.6921296296296297,0.3928571428571429,0.7515923566878981,0.6419491525423728,0.7386098834873494,0.17763157894736858,0.2407407407407406,0.12903225806451624,0.5
0.3749999999999998,0.32098765432098764,0.6458333333333333,0.050925925925925916,0.2857142857142858,0.5859872611464969,0.48516949152542377,0.29505825632784877,0.8092105263157898,0.4999999999999999,0.5645161290322582,0.5
0.7999999999999998,0.37037037037037035,0.7708333333333333,0.04166666666666667,0.2678571428571429,0.356687898089172,0.4470338983050848,0.23077541181197603,0.5592105263157898,0.4629629629629628,0.7258064516129035,0.5
1.0,0.49382716049382724,0.6666666666666665,0.018518518518518517,0.4821428571428572,0.15286624203821658,0.1673728813559322,0.32719967858577803,0.2039473684210531,0.055555555555555525,0.403225806451613,0.5
0.6249999999999998,0.4691358024691358,0.6249999999999999,0.2824074074074074,0.8749999999999998,0.3312101910828026,0.7139830508474576,0.5586179188429199,0.6381578947368429,0.14814814814814803,0.27419354838709675,0.33333333333333326
0.6999999999999997,0.5925925925925926,0.5624999999999999,0.046296296296296294,0.4464285714285715,0.3821656050955414,0.5741525423728814,0.3786259541984762,0.5592105263157898,0.5555555555555555,0.5322580645161292,0.5
1.0,0.3950617283950617,0.7499999999999999,0.027777777777777776,0.3214285714285715,0.11464968152866242,0.1673728813559322,0.35291281639213423,0.0,0.4629629629629628,0.4516129032258067,0.5
0.7999999999999998,0.49382716049382724,0.6874999999999999,0.3009259259259259,0.5357142857142857,0.4968152866242038,0.6334745762711864,0.5650462032945072,0.4802631578947376,0.38888888888888873,0.4193548387096775,0.33333333333333326
0.8499999999999996,0.7160493827160493,0.5624999999999999,0.018518518518518517,0.3392857142857144,0.1910828025477707,0.3114406779661017,0.22434712736038875,0.3092105263157898,0.18518518518518512,0.596774193548387,0.8333333333333333
0.7999999999999998,1.0,0.6041666666666665,0.5324074074074073,1.0,0.28025477707006374,0.8495762711864406,0.7836078746484603,0.17763157894736858,0.4814814814814813,0.19354838709677402,0.33333333333333326
0.5999999999999999,0.4444444444444444,0.7291666666666665,0.3009259259259259,0.2142857142857144,0.29299363057324845,0.451271186440678,0.3786259541984762,0.28289473684210575,0.2222222222222222,0.5,0.8333333333333333
0.3999999999999999,0.37037037037037035,0.4999999999999999,0.025462962962962958,0.5178571428571428,0.17197452229299365,0.8389830508474576,0.3143431096826035,0.6907894736842111,0.40740740740740733,0.4838709677419355,0.5
0.27500000000000013,0.7901234567901234,0.47916666666666663,0.25,0.3392857142857144,0.6114649681528663,0.4555084745762712,0.3143431096826035,0.9276315789473686,0.6666666666666664,0.7258064516129035,0.6666666666666665
0.6999999999999997,0.49382716049382724,0.6249999999999999,0.027777777777777776,0.4107142857142857,0.24203821656050956,0.4046610169491525,0.44290879871434896,0.46710526315789513,0.8333333333333331,0.3225806451612905,0.5
0.5999999999999999,0.37037037037037035,0.6249999999999999,0.07870370370370369,0.3214285714285715,0.3439490445859873,0.3495762711864407,0.2372036962635633,0.5986842105263164,0.5925925925925924,0.6935483870967745,0.6666666666666665
0.4999999999999998,0.5925925925925926,0.5833333333333333,0.1296296296296296,0.14285714285714296,0.21656050955414013,0.2860169491525424,0.19863398955403966,0.44078947368421106,0.574074074074074,0.7580645161290325,0.5
0.5249999999999999,0.24691358024691357,0.6041666666666665,0.27314814814814814,0.4285714285714286,0.22929936305732485,0.3834745762711864,0.4621936520691037,0.3881578947368429,0.37037037037037024,0.403225806451613,0.33333333333333326
1.0,0.4444444444444444,0.9166666666666665,0.027777777777777776,0.5714285714285714,0.29299363057324845,0.3792372881355932,0.32077139413419076,0.5592105263157898,0.11111111111111116,0.7258064516129035,0.5
0.875,0.6172839506172839,0.6874999999999999,0.025462962962962958,0.3214285714285715,0.20382165605095542,0.3241525423728814,0.2564885496183251,0.5197368421052642,0.18518518518518512,0.709677419354839,0.0
0.6249999999999998,0.5185185185185185,0.4374999999999999,0.5740740740740741,0.4999999999999999,0.5605095541401274,0.9258474576271186,0.7386098834873494,0.3355263157894739,0.35185185185185175,0.11290322580645151,0.5
0.7749999999999999,0.8148148148148147,0.5833333333333333,0.18055555555555552,0.2678571428571429,0.4840764331210191,0.4004237288135593,0.3143431096826035,0.4802631578947376,0.5925925925925924,0.709677419354839,0.6666666666666665
0.7749999999999999,0.8888888888888888,0.5833333333333333,0.24305555555555552,0.3214285714285715,0.3184713375796179,0.3114406779661017,0.3143431096826035,0.46710526315789513,0.5925925925925924,0.741935483870968,0.6666666666666665
0.7249999999999999,0.7654320987654321,0.4374999999999999,0.21296296296296297,0.3928571428571429,0.3439490445859873,0.47245762711864403,0.4621936520691037,0.7565789473684217,0.40740740740740733,0.4838709677419355,0.5
0.7249999999999999,0.4444444444444444,0.45833333333333326,0.032407407407407406,0.4999999999999999,0.5732484076433121,0.5741525423728814,0.42362394535958714,0.8092105263157898,0.5185185185185184,0.33870967741935476,0.5
0.7499999999999998,0.5925925925925926,0.45833333333333326,0.050925925925925916,0.375,0.5605095541401274,0.7436440677966102,0.3786259541984762,0.29605263157894735,0.4814814814814813,0.403225806451613,0.33333333333333326
0.6249999999999998,0.3950617283950617,0.6249999999999999,0.1388888888888889,0.16071428571428586,0.42038216560509556,0.4088983050847458,0.3657693852953017,0.4802631578947376,0.5370370370370369,0.467741935483871,0.33333333333333326
0.5749999999999997,0.8888888888888888,0.5833333333333333,0.09722222222222222,0.4642857142857143,0.42038216560509556,0.4597457627118644,0.16006428284452312,0.3486842105263164,0.38888888888888873,0.8870967741935485,0.6666666666666665
1.0,0.41975308641975306,0.8124999999999998,0.07407407407407408,0.4821428571428572,0.3312101910828026,0.6122881355932204,0.7000401767778257,0.5065789473684217,0.685185185185185,0.27419354838709675,0.33333333333333326
0.7749999999999999,0.1481481481481482,0.39583333333333326,0.05555555555555555,0.4642857142857143,0.535031847133758,0.6716101694915254,0.5329047810365637,0.8486842105263164,0.38888888888888873,0.19354838709677402,0.5
0.6499999999999999,0.24691358024691357,0.6874999999999999,0.06944444444444445,0.375,0.39490445859872614,0.7097457627118644,0.4300522298111744,0.7828947368421058,0.35185185185185175,0.4193548387096775,0.6666666666666665
0.8249999999999997,0.8641975308641974,0.6874999999999999,0.27777777777777773,0.3214285714285715,0.43312101910828027,0.5148305084745762,0.30148654077943604,0.23026315789473717,0.31481481481481477,0.8548387096774195,0.6666666666666665
0.3999999999999999,0.4444444444444444,0.27083333333333326,0.20833333333333331,0.3928571428571429,0.267515923566879,0.47245762711864403,0.46862193652069095,0.6381578947368429,0.18518518518518512,0.33870967741935476,0.33333333333333326
0.7999999999999998,1.0,1.0,0.7847222222222222,0.4821428571428572,0.7643312101910829,0.9046610169491526,0.8221775813579839,0.15131578947368451,0.8518518518518517,0.22580645161290325,0.16666666666666663
0.7999999999999998,0.2962962962962963,0.6458333333333333,0.21296296296296297,0.7142857142857142,0.4968152866242038,0.625,0.5264764965849764,0.4934210526315792,0.33333333333333326,0.4193548387096775,0.6666666666666665
0.5999999999999999,0.32098765432098764,0.5208333333333333,0.023148148148148154,0.5535714285714285,0.29299363057324845,0.2563559322033898,0.3143431096826035,0.5855263157894739,0.33333333333333326,0.5322580645161292,0.5
0.5999999999999999,0.24691358024691357,0.45833333333333326,0.023148148148148154,0.5357142857142857,0.22929936305732485,0.2266949152542373,0.34648453194054696,0.6776315789473686,0.33333333333333326,0.4516129032258067,0.6666666666666665
0.8999999999999999,1.0,0.7291666666666665,0.4675925925925925,0.6428571428571428,0.5605095541401274,0.7436440677966102,0.706468461229413,0.45394736842105265,0.5370370370370369,0.3870967741935485,0.33333333333333326
0.125,0.4444444444444444,0.29166666666666663,0.21064814814814814,0.3392857142857144,0.5859872611464969,0.5953389830508474,0.5200482121333891,0.9999999999999996,0.5370370370370369,0.403225806451613,0.6666666666666665
0.2250000000000001,0.40740740740740733,0.4999999999999999,0.023148148148148154,0.6071428571428571,0.3312101910828026,0.5529661016949152,0.3593411008437215,0.4276315789473686,0.37037037037037024,0.20967741935483875,0.33333333333333326
0.19999999999999996,0.40740740740740733,0.47916666666666663,0.023148148148148154,0.5714285714285714,0.28025477707006374,0.5614406779661016,0.3593411008437215,0.414473684210527,0.37037037037037024,0.20967741935483875,0.5
0.6249999999999998,0.41975308641975306,0.6666666666666665,0.05555555555555555,0.3928571428571429,0.6369426751592357,0.6165254237288136,0.2564885496183251,0.6381578947368429,0.31481481481481477,0.6774193548387097,0.6666666666666665
0.5499999999999998,0.19753086419753085,1.0,0.018518518518518517,1.0,0.713375796178344,0.5529661016949152,0.41719566090799987,0.36184210526315885,0.14814814814814803,0.19354838709677402,0.33333333333333326
0.3999999999999999,0.345679012345679,0.5208333333333333,0.05555555555555555,0.75,0.3439490445859873,0.3580508474576271,0.5650462032945072,0.9999999999999996,0.6481481481481478,0.370967741935484,0.5
0.6249999999999998,0.24691358024691357,1.0,0.037037037037037035,0.5535714285714285,0.3312101910828026,0.5826271186440678,0.4814785054238726,0.6907894736842111,0.7407407407407406,0.22580645161290325,0.5
0.3999999999999999,0.22222222222222227,0.375,0.2824074074074074,0.375,1.0,0.8622881355932204,0.49433507432704715,0.6250000000000004,0.2407407407407406,0.35483870967741926,0.5
0.5249999999999999,0.5185185185185185,0.1458333333333333,0.287037037037037,0.3392857142857144,0.802547770700637,0.815677966101695,0.5393330654881581,0.36184210526315885,0.31481481481481477,0.16129032258064524,0.5
0.34999999999999987,0.32098765432098764,0.6041666666666665,0.287037037037037,0.375,0.7898089171974523,0.9555084745762711,0.5136199276818019,0.3355263157894739,0.2592592592592592,0.20967741935483875,0.5
0.3999999999999999,0.37037037037037035,0.4374999999999999,0.3009259259259259,0.3928571428571429,0.7770700636942676,0.9173728813559322,0.5200482121333891,0.3355263157894739,0.2222222222222222,0.19354838709677402,0.5
0.6249999999999998,0.2716049382716049,1.0,0.04166666666666667,0.625,0.3694267515923567,0.5783898305084746,0.4814785054238726,0.6776315789473686,0.7777777777777776,0.22580645161290325,0.5
1.0,0.5185185185185185,0.7708333333333333,0.039351851851851846,0.4285714285714286,0.9617834394904459,0.8622881355932204,0.46862193652069095,0.15131578947368451,0.4444444444444443,0.24193548387096775,0.5
0.5999999999999999,0.1481481481481482,0.5416666666666665,0.027777777777777776,0.375,0.1656050955414013,0.2266949152542373,0.4300522298111744,0.861842105263158,0.31481481481481477,0.306451612903226,0.33333333333333326
0.5249999999999999,0.5679012345679012,0.5208333333333333,0.3148148148148148,0.7857142857142856,0.43312101910828027,0.6546610169491526,0.590759341100842,0.861842105263158,0.7407407407407406,0.5,0.6666666666666665
0.6749999999999998,0.49382716049382724,0.5208333333333333,0.16666666666666669,0.23214285714285726,0.43312101910828027,0.4088983050847458,0.25006026516673785,0.24342105263157965,0.35185185185185175,0.6935483870967745,0.8333333333333333
0.7999999999999998,0.345679012345679,0.6874999999999999,0.648148148148148,0.5178571428571428,0.5477707006369427,0.6080508474576272,0.847890719164333,0.5328947368421058,0.8703703703703701,0.09677419354838701,0.6666666666666665
0.6999999999999997,0.5679012345679012,0.4166666666666665,0.4583333333333333,0.4464285714285715,0.24203821656050956,0.5317796610169492,0.6100441944556181,0.3092105263157898,0.2407407407407406,0.22580645161290325,0.33333333333333326
0.8999999999999999,0.6666666666666666,0.9791666666666665,0.611111111111111,0.5892857142857143,0.6751592356687899,0.722457627118644,0.7836078746484603,0.3486842105263164,0.6666666666666664,0.22580645161290325,0.5
0.8249999999999997,1.0,0.7916666666666665,0.023148148148148154,0.3928571428571429,0.267515923566879,0.451271186440678,0.4300522298111744,0.5328947368421058,0.37037037037037024,0.467741935483871,0.33333333333333326
0.5499999999999998,0.7654320987654321,0.45833333333333326,0.21759259259259256,1.0,0.3821656050955414,0.6038135593220338,0.6036159100040308,0.5197368421052642,0.4814814814814813,0.22580645161290325,0.33333333333333326
0.34999999999999987,0.345679012345679,0.375,0.04166666666666667,0.8749999999999998,0.22929936305732485,0.47669491525423724,0.4300522298111744,0.5460526315789482,0.4444444444444443,0.19354838709677402,0.5
0.5499999999999998,0.3950617283950617,0.5624999999999999,0.19907407407407407,1.0,0.10191082802547771,0.48093220338983056,0.4557653676175235,0.6907894736842111,0.2777777777777777,0.4516129032258067,0.5
0.44999999999999973,0.4691358024691358,0.4374999999999999,0.060185185185185175,0.17857142857142871,0.15286624203821658,0.565677966101695,0.3657693852953017,0.6381578947368429,0.7407407407407406,0.403225806451613,0.5
0.7499999999999998,0.19753086419753085,0.6666666666666665,0.050925925925925916,0.1964285714285715,0.3439490445859873,0.510593220338983,0.25006026516673785,0.28289473684210575,0.9999999999999999,0.7258064516129035,0.5
0.7249999999999999,0.4691358024691358,0.5208333333333333,0.05555555555555555,0.23214285714285726,0.30573248407643316,0.6292372881355932,0.2564885496183251,0.24342105263157965,0.4814814814814813,0.6612903225806452,0.6666666666666665
0.6499999999999999,0.5679012345679012,1.0,0.4675925925925925,0.4285714285714286,0.624203821656051,0.5402542372881356,0.6807553234230639,0.28289473684210575,0.38888888888888873,0.11290322580645151,0.33333333333333326
0.7999999999999998,0.9135802469135803,0.5624999999999999,0.37962962962962965,0.1964285714285715,0.6114649681528663,0.5572033898305084,0.3593411008437215,0.3486842105263164,0.055555555555555525,0.7580645161290325,0.8333333333333333
0.44999999999999973,0.19753086419753085,0.4166666666666665,0.05555555555555555,0.625,0.4840764331210191,0.5402542372881356,0.2629168340699053,0.3355263157894739,0.40740740740740733,0.5483870967741937,0.6666666666666665
0.875,0.32098765432098764,0.6458333333333333,0.046296296296296294,0.3035714285714286,0.42038216560509556,0.3834745762711864,0.23077541181197603,0.28289473684210575,0.7037037037037034,0.7903225806451615,0.6666666666666665
0.5999999999999999,0.5925925925925926,0.4999999999999999,0.037037037037037035,0.2500000000000001,0.3439490445859873,0.3792372881355932,0.19863398955403966,0.45394736842105265,0.5370370370370369,0.774193548387097,0.6666666666666665
0.44999999999999973,0.19753086419753085,0.4374999999999999,0.046296296296296294,0.3392857142857144,0.1656050955414013,0.2478813559322034,0.3143431096826035,0.7565789473684217,0.40740740740740733,0.5161290322580645,0.5
0.8999999999999999,0.19753086419753085,0.4999999999999999,0.04166666666666667,0.3214285714285715,0.178343949044586,0.3326271186440678,0.44290879871434896,0.44078947368421106,0.37037037037037024,0.27419354838709675,0.5
0.6749999999999998,0.37037037037037035,0.47916666666666663,0.3981481481481481,0.4107142857142857,0.6624203821656052,0.7266949152542372,0.6100441944556181,0.3092105263157898,0.6296296296296297,0.27419354838709675,0.5
0.34999999999999987,0.22222222222222227,0.4374999999999999,0.023148148148148154,0.3928571428571429,0.15286624203821658,0.2521186440677966,0.3786259541984762,0.914473684210527,0.5925925925925924,0.370967741935484,0.5
0.5249999999999999,0.7654320987654321,0.27083333333333326,0.17129629629629628,0.2678571428571429,0.10191082802547771,0.3495762711864407,0.3786259541984762,0.2565789473684217,0.9999999999999999,0.5806451612903225,0.16666666666666663
0.5249999999999999,0.8148148148148147,0.27083333333333326,0.16666666666666669,0.2857142857142858,0.10191082802547771,0.3495762711864407,0.3786259541984762,0.2565789473684217,0.9999999999999999,0.5806451612903225,0.16666666666666663
0.6749999999999998,0.7407407407407407,0.4999999999999999,0.20370370370370366,0.5357142857142857,0.356687898089172,0.47245762711864403,0.4557653676175235,0.6776315789473686,0.40740740740740733,0.467741935483871,0.5
0.6249999999999998,0.8395061728395061,0.6041666666666665,0.287037037037037,0.5357142857142857,0.3439490445859873,0.43432203389830504,0.34648453194054696,0.5065789473684217,0.2777777777777777,0.741935483870968,0.6666666666666665
0.6249999999999998,0.6419753086419754,0.6249999999999999,0.21296296296296297,0.4464285714285715,0.5477707006369427,0.6080508474576272,0.34648453194054696,0.6513157894736845,0.4629629629629628,0.709677419354839,0.5
0.7499999999999998,0.37037037037037035,0.39583333333333326,0.1921296296296296,0.4821428571428572,0.5477707006369427,0.6207627118644068,0.3657693852953017,0.2039473684210531,0.33333333333333326,0.5645161290322582,0.33333333333333326
1.0,0.40740740740740733,0.6041666666666665,0.24537037037037035,0.5357142857142857,0.6369426751592357,0.5911016949152542,0.5071916432302217,0.164473684210527,0.2407407407407406,0.35483870967741926,0.5
0.5249999999999999,0.2962962962962963,0.6458333333333333,0.32870370370370366,0.3035714285714286,0.624203821656051,0.663135593220339,0.4364805142627617,0.5460526315789482,0.09259259259259256,0.5483870967741937,0.33333333333333326
0.6499999999999999,0.2716049382716049,0.6874999999999999,0.2685185185185185,0.9285714285714284,0.4713375796178344,0.815677966101695,0.5586179188429199,0.6513157894736845,0.20370370370370372,0.25806451612903225,0.5
0.8499999999999996,0.2962962962962963,0.5624999999999999,0.34722222222222215,0.3571428571428572,0.7388535031847134,0.6080508474576272,0.5200482121333891,0.3223684210526314,0.14814814814814803,0.370967741935484,0.5
0.7999999999999998,1.0,1.0,0.775462962962963,0.4107142857142857,0.7515923566878981,0.8834745762711864,0.8286058658095712,0.19078947368421106,0.9814814814814813,0.20967741935483875,0.33333333333333326
0.7749999999999999,0.1481481481481482,0.7499999999999999,0.05555555555555555,0.625,0.1910828025477707,0.4004237288135593,0.49433507432704715,0.6907894736842111,0.4999999999999999,0.435483870967742,0.6666666666666665
0.4999999999999998,0.3950617283950617,0.6458333333333333,0.05555555555555555,0.5714285714285714,0.40764331210191085,0.3622881355932203,0.1857774206508651,0.4276315789473686,0.4999999999999999,0.774193548387097,0.8333333333333333
1.0,0.1481481481481482,1.0,0.04166666666666667,0.6071428571428571,0.267515923566879,0.5190677966101694,0.5586179188429199,0.23026315789473717,0.7407407407407406,0.24193548387096775,0.33333333333333326
1.0,0.1728395061728395,1.0,0.046296296296296294,0.5535714285714285,0.25477707006369427,0.4682203389830508,0.49433507432704715,0.28289473684210575,0.4259259259259258,0.3870967741935485,0.5
1.0,0.22222222222222227,0.9583333333333333,0.046296296296296294,0.6071428571428571,0.15286624203821658,0.3156779661016949,0.5007633587786344,0.28289473684210575,0.722222222222222,0.370967741935484,0.5
0.10000000000000009,0.7037037037037036,0.0,0.5972222222222222,0.4642857142857143,0.445859872611465,0.5190677966101694,0.635757332261953,0.861842105263158,0.31481481481481477,0.306451612903226,0.5
0.3749999999999998,0.37037037037037035,0.27083333333333326,0.14583333333333331,0.4285714285714286,0.445859872611465,0.4088983050847458,0.3593411008437215,0.5592105263157898,0.5185185185185184,0.435483870967742,0.5
1.0,0.41975308641975306,0.9375,0.032407407407407406,0.4464285714285715,0.178343949044586,0.5953389830508474,0.4300522298111744,0.17763157894736858,0.38888888888888873,0.403225806451613,0.33333333333333326
1.0,0.5925925925925926,0.6874999999999999,0.032407407407407406,0.5535714285714285,0.15286624203821658,0.7055084745762712,0.5007633587786344,0.36184210526315885,0.4814814814814813,0.25806451612903225,0.33333333333333326
0.3999999999999999,0.5679012345679012,0.6458333333333333,0.25925925925925924,0.4464285714285715,0.5605095541401274,0.6334745762711864,0.5264764965849764,0.45394736842105265,0.4444444444444443,0.20967741935483875,0.5
0.8249999999999997,0.2962962962962963,0.5624999999999999,0.4212962962962962,0.5178571428571428,0.7770700636942676,0.6038135593220338,0.635757332261953,0.3881578947368429,0.4444444444444443,0.3225806451612905,0.5
0.7749999999999999,0.4320987654320988,0.35416666666666663,0.06481481481481481,0.1964285714285715,0.4840764331210191,0.722457627118644,0.39148252310165077,0.3092105263157898,0.31481481481481477,0.5161290322580645,0.5
0.5499999999999998,0.1728395061728395,0.5208333333333333,0.037037037037037035,0.4285714285714286,0.24203821656050956,0.6673728813559322,0.3593411008437215,0.6776315789473686,0.7407407407407406,0.4516129032258067,0.33333333333333326
0.3999999999999999,0.1728395061728395,0.45833333333333326,0.023148148148148154,0.5178571428571428,0.29299363057324845,0.3241525423728814,0.39148252310165077,0.9671052631578951,0.5370370370370369,0.370967741935484,0.5
0.3999999999999999,0.41975308641975306,0.9166666666666665,0.27777777777777773,0.4107142857142857,0.7261146496815287,0.9088983050847458,0.5393330654881581,0.29605263157894735,0.37037037037037024,0.12903225806451624,0.33333333333333326
0.6999999999999997,0.2716049382716049,0.6874999999999999,0.04166666666666667,0.5178571428571428,0.05095541401273886,0.4004237288135593,0.27577340297307984,0.3092105263157898,0.9629629629629627,0.774193548387097,0.5
0.6249999999999998,0.8641975308641974,0.5833333333333333,0.18518518518518517,0.23214285714285726,0.1910828025477707,0.4004237288135593,0.25006026516673785,0.5592105263157898,0.38888888888888873,0.838709677419355,0.5
0.07499999999999996,0.5679012345679012,0.4374999999999999,0.013888888888888888,0.3928571428571429,0.3312101910828026,0.5614406779661016,0.3143431096826035,0.9671052631578951,0.6296296296296297,0.33870967741935476,0.5
0.34999999999999987,0.2962962962962963,0.35416666666666663,0.050925925925925916,1.0,0.4840764331210191,0.5995762711864406,0.3400562474889526,0.8355263157894739,0.8148148148148148,0.4838709677419355,0.33333333333333326
0.5249999999999999,0.19753086419753085,0.5416666666666665,0.032407407407407406,0.4999999999999999,0.24203821656050956,0.6885593220338982,0.3593411008437215,0.5855263157894739,0.7407407407407406,0.4516129032258067,0.5
0.7249999999999999,0.5925925925925926,0.8124999999999998,0.07870370370370369,0.4464285714285715,0.3312101910828026,0.4004237288135593,0.2564885496183251,0.5197368421052642,0.5555555555555555,0.774193548387097,0.6666666666666665
0.4249999999999998,0.345679012345679,1.0,0.287037037037037,0.4821428571428572,0.39490445859872614,0.6292372881355932,0.5586179188429199,0.414473684210527,0.2592592592592592,0.19354838709677402,0.5
0.4999999999999998,0.4444444444444444,0.4999999999999999,0.04166666666666667,0.5714285714285714,0.535031847133758,0.625,0.3657693852953017,0.414473684210527,0.40740740740740733,0.403225806451613,0.5
0.10000000000000009,0.7160493827160493,0.4999999999999999,0.027777777777777776,0.23214285714285726,0.14012738853503187,0.260593220338983,0.19863398955403966,0.7434210526315792,0.29629629629629617,0.596774193548387,0.5
0.8999999999999999,0.2716049382716049,0.7083333333333331,0.06944444444444445,0.6607142857142856,0.22929936305732485,0.3580508474576271,0.44290879871434896,0.059210526315789824,0.4444444444444443,0.24193548387096775,0.33333333333333326
0.875,0.32098765432098764,0.6666666666666665,0.07407407407407408,0.625,0.28025477707006374,0.375,0.44290879871434896,0.059210526315789824,0.4259259259259258,0.24193548387096775,0.33333333333333326
0.4999999999999998,0.1728395061728395,0.47916666666666663,0.37962962962962965,0.7678571428571428,0.28025477707006374,0.3834745762711864,0.6486139011651275,0.7828947368421058,0.33333333333333326,0.12903225806451624,0.5
0.7749999999999999,0.19753086419753085,1.0,0.7592592592592592,0.625,0.8535031847133758,0.8072033898305084,0.8543190036159203,0.45394736842105265,0.5370370370370369,0.20967741935483875,0.6666666666666665
0.7499999999999998,0.32098765432098764,0.6249999999999999,0.05555555555555555,0.3392857142857144,0.7643312101910829,0.6800847457627118,0.25006026516673785,0.37500000000000044,0.9814814814814813,0.741935483870968,0.8333333333333333
1.0,0.3950617283950617,0.8541666666666665,0.027777777777777776,0.5892857142857143,0.30573248407643316,0.3707627118644068,0.30148654077943604,0.5328947368421058,0.2222222222222222,0.709677419354839,0.5
0.2250000000000001,0.32098765432098764,0.3124999999999999,0.07870370370370369,0.5714285714285714,0.7388535031847134,0.7182203389830508,0.5071916432302217,0.9999999999999996,0.9259259259259257,0.33870967741935476,0.5
0.7499999999999998,0.5185185185185185,0.5624999999999999,0.2962962962962963,0.4821428571428572,0.4585987261146497,0.5995762711864406,0.44933708316593624,0.5986842105263164,0.2777777777777777,0.5161290322580645,0.8333333333333333
0.47499999999999987,0.24691358024691357,0.4374999999999999,0.2685185185185185,0.5892857142857143,0.4840764331210191,0.9809322033898306,0.5457613499397453,0.6381578947368429,0.5555555555555555,0.3225806451612905,0.33333333333333326
0.8999999999999999,1.0,0.375,0.5347222222222222,0.3214285714285715,0.445859872611465,0.4088983050847458,0.5650462032945072,0.24342105263157965,0.31481481481481477,0.4516129032258067,0.5
0.5999999999999999,0.19753086419753085,0.47916666666666663,0.009259259259259259,0.4464285714285715,0.6114649681528663,0.43008474576271183,0.32719967858577803,0.6118421052631589,0.20370370370370372,0.3225806451612905,0.5
0.6999999999999997,1.0,0.29166666666666663,0.06481481481481481,0.2500000000000001,0.14012738853503187,0.5572033898305084,0.3850542386500635,0.3092105263157898,0.20370370370370372,0.3870967741935485,0.33333333333333326
0.44999999999999973,0.41975308641975306,0.45833333333333326,0.5462962962962963,0.7857142857142856,0.6369426751592357,0.684322033898305,0.7257533145841748,0.9276315789473686,0.4629629629629628,0.2903225806451615,0.5
0.6249999999999998,0.37037037037037035,0.5833333333333333,0.060185185185185175,0.4642857142857143,0.624203821656051,0.6165254237288136,0.2372036962635633,0.5986842105263164,0.33333333333333326,0.6774193548387097,0.8333333333333333
0.6249999999999998,0.7654320987654321,0.5833333333333333,0.023148148148148154,0.4999999999999999,0.43312101910828027,0.3961864406779661,0.25006026516673785,0.7697368421052642,0.4814814814814813,0.7580645161290325,0.8333333333333333
0.5499999999999998,0.9382716049382716,0.6249999999999999,0.25925925925925924,0.4285714285714286,0.5605095541401274,0.6080508474576272,0.3657693852953017,0.5328947368421058,0.2407407407407406,0.6774193548387097,0.6666666666666665
0.8499999999999996,0.6666666666666666,0.6458333333333333,0.26388888888888884,0.4285714285714286,0.42038216560509556,0.6038135593220338,0.41719566090799987,0.45394736842105265,0.2222222222222222,0.6290322580645162,0.6666666666666665
1.0,0.6666666666666666,0.6249999999999999,0.013888888888888888,0.4821428571428572,0.1656050955414013,0.17584745762711862,0.3400562474889526,0.2039473684210531,0.11111111111111116,0.3870967741935485,0.16666666666666663
0.7999999999999998,1.0,0.6249999999999999,0.1527777777777778,0.3392857142857144,0.25477707006369427,0.43432203389830504,0.29505825632784877,0.6381578947368429,0.8333333333333331,0.774193548387097,0.6666666666666665
0.4249999999999998,0.7160493827160493,0.4999999999999999,0.1527777777777778,0.2142857142857144,0.4840764331210191,0.4682203389830508,0.22434712736038875,0.6250000000000004,0.31481481481481477,0.7580645161290325,0.6666666666666665
0.7499999999999998,0.12345679012345678,0.4374999999999999,0.05555555555555555,0.4464285714285715,0.5222929936305732,0.6758474576271186,0.5393330654881581,0.8223684210526323,0.35185185185185175,0.16129032258064524,0.33333333333333326
0.6999999999999997,0.2716049382716049,0.6666666666666665,0.023148148148148154,0.4464285714285715,0.4585987261146497,0.5233050847457628,0.23077541181197603,0.15131578947368451,0.37037037037037024,0.5483870967741937,0.33333333333333326
0.6249999999999998,0.345679012345679,0.6666666666666665,0.6851851851851851,0.625,0.6751592356687899,0.7266949152542372,0.8286058658095712,0.6776315789473686,0.685185185185185,0.14516129032258074,0.5
0.3749999999999998,0.5185185185185185,0.6458333333333333,0.27314814814814814,0.4285714285714286,0.5222929936305732,0.625,0.5264764965849764,0.45394736842105265,0.40740740740740733,0.20967741935483875,0.5
0.4999999999999998,0.6666666666666666,0.47916666666666663,0.08333333333333333,0.5892857142857143,0.42038216560509556,0.3538135593220339,0.2564885496183251,0.6250000000000004,0.4444444444444443,0.6451612903225807,0.8333333333333333
0.4249999999999998,0.2716049382716049,0.47916666666666663,0.037037037037037035,0.4464285714285715,0.3694267515923567,0.47669491525423724,0.32719967858577803,0.7302631578947376,0.5925925925925924,0.4516129032258067,0.6666666666666665
0.34999999999999987,0.09876543209876543,0.35416666666666663,0.2361111111111111,0.5178571428571428,0.6878980891719746,0.586864406779661,0.5136199276818019,0.9407894736842111,0.2777777777777777,0.403225806451613,0.5
0.2999999999999998,0.12345679012345678,0.39583333333333326,0.2361111111111111,0.4107142857142857,0.6878980891719746,0.7203389830508474,0.49433507432704715,0.9999999999999996,0.38888888888888873,0.4193548387096775,0.6666666666666665
0.3999999999999999,0.41975308641975306,0.4999999999999999,0.037037037037037035,0.4464285714285715,0.5095541401273885,0.4046610169491525,0.22434712736038875,0.5065789473684217,0.4814814814814813,0.5322580645161292,0.6666666666666665
0.5249999999999999,0.5925925925925926,0.1458333333333333,0.037037037037037035,0.6428571428571428,0.1656050955414013,0.3241525423728814,0.44290879871434896,0.5460526315789482,0.29629629629629617,0.24193548387096775,0.16666666666666663
0.47499999999999987,0.12345679012345678,0.39583333333333326,0.027777777777777776,0.5535714285714285,0.42038216560509556,0.510593220338983,0.3593411008437215,0.6907894736842111,0.20370370370370372,0.33870967741935476,0.6666666666666665
0.5499999999999998,0.1481481481481482,0.6666666666666665,0.013888888888888888,0.3928571428571429,0.25477707006369427,0.3199152542372881,0.27577340297307984,0.5855263157894739,0.38888888888888873,0.467741935483871,0.5
0.6999999999999997,0.4691358024691358,0.3124999999999999,0.14814814814814814,0.7678571428571428,0.21656050955414013,0.4046610169491525,0.5586179188429199,0.45394736842105265,0.4259259259259258,0.14516129032258074,0.33333333333333326
0.6499999999999999,1.0,0.7916666666666665,0.6273148148148148,1.0,0.5095541401273885,0.701271186440678,0.7257533145841748,0.12500000000000044,0.4999999999999999,0.20967741935483875,0.33333333333333326
0.6999999999999997,0.49382716049382724,0.6249999999999999,0.060185185185185175,0.6607142857142856,0.267515923566879,0.4088983050847458,0.44933708316593624,0.5855263157894739,0.33333333333333326,0.3870967741935485,0.5
0.875,0.4444444444444444,0.6666666666666665,0.3981481481481481,0.4821428571428572,0.4968152866242038,0.6038135593220338,0.46862193652069095,0.3881578947368429,0.29629629629629617,0.6451612903225807,0.6666666666666665
1.0,0.345679012345679,0.9791666666666665,0.3518518518518518,0.5178571428571428,0.445859872611465,0.684322033898305,0.7000401767778257,0.08552631578947434,0.8518518518518517,0.24193548387096775,0.5
0.5249999999999999,0.37037037037037035,0.5208333333333333,0.09722222222222222,0.3035714285714286,0.28025477707006374,0.43008474576271183,0.19863398955403966,0.44078947368421106,0.29629629629629617,0.709677419354839,0.6666666666666665
0.34999999999999987,0.5432098765432098,0.47916666666666663,0.050925925925925916,0.3035714285714286,0.356687898089172,0.4682203389830508,0.2564885496183251,0.6250000000000004,0.35185185185185175,0.5161290322580645,0.6666666666666665
0.5249999999999999,0.4691358024691358,0.6666666666666665,0.050925925925925916,0.5714285714285714,0.05095541401273886,0.48516949152542377,0.37219766974688895,0.45394736842105265,0.8703703703703701,0.5483870967741937,0.5
0.5249999999999999,0.49382716049382724,0.6666666666666665,0.050925925925925916,0.625,0.10191082802547771,0.4936440677966102,0.3786259541984762,0.46710526315789513,0.9074074074074071,0.5483870967741937,0.5
0.5249999999999999,0.49382716049382724,0.4374999999999999,0.046296296296296294,0.5714285714285714,0.5605095541401274,0.47669491525423724,0.30148654077943604,0.7171052631578951,0.29629629629629617,0.5,0.6666666666666665
0.5249999999999999,0.9382716049382716,0.2291666666666666,0.013888888888888888,0.6964285714285714,0.03821656050955414,0.451271186440678,0.3143431096826035,0.3881578947368429,0.37037037037037024,0.3870967741935485,0.5
0.5249999999999999,0.7407407407407407,0.47916666666666663,0.3657407407407407,0.5178571428571428,0.43312101910828027,0.5614406779661016,0.39148252310165077,0.7565789473684217,0.2407407407407406,0.6451612903225807,0.6666666666666665
0.2250000000000001,0.8641975308641974,0.4374999999999999,0.2361111111111111,0.4285714285714286,0.28025477707006374,0.3326271186440678,0.3143431096826035,0.9671052631578951,0.722222222222222,0.6935483870967745,0.6666666666666665
0.44999999999999973,1.0,0.1458333333333333,0.11574074074074074,0.5357142857142857,0.3312101910828026,0.3072033898305085,0.44290879871434896,0.414473684210527,0.2407407407407406,0.17741935483870974,0.5
0.5749999999999997,0.691358024691358,0.9791666666666665,0.032407407407407406,0.5535714285714285,0.29299363057324845,0.3495762711864407,0.3336279630373653,0.5723684210526323,0.20370370370370372,0.403225806451613,0.5
0.4999999999999998,0.37037037037037035,0.6458333333333333,0.046296296296296294,0.5714285714285714,0.03821656050955414,0.48093220338983056,0.3786259541984762,0.5592105263157898,0.8888888888888885,0.5483870967741937,0.5
0.34999999999999987,0.6172839506172839,0.4166666666666665,0.032407407407407406,0.4821428571428572,0.30573248407643316,0.5021186440677966,0.5457613499397453,0.9999999999999996,0.7777777777777776,0.24193548387096775,0.33333333333333326
0.19999999999999996,1.0,0.08333333333333329,0.18055555555555552,0.4285714285714286,0.1910828025477707,0.4088983050847458,0.23077541181197603,0.8092105263157898,0.9999999999999999,0.9193548387096775,0.6666666666666665
0.44999999999999973,0.8395061728395061,0.4999999999999999,0.10185185185185185,0.3392857142857144,0.1656050955414013,0.2775423728813559,0.1857774206508651,0.6250000000000004,0.5370370370370369,0.870967741935484,0.5
0.6249999999999998,0.24691358024691357,0.4166666666666665,0.027777777777777776,0.5178571428571428,0.12738853503184716,0.5233050847457628,0.30148654077943604,0.5197368421052642,0.4814814814814813,0.5322580645161292,0.6666666666666665
0.8249999999999997,0.2716049382716049,0.6458333333333333,0.013888888888888888,0.3928571428571429,0.9044585987261147,0.6800847457627118,0.35291281639213423,0.3355263157894739,0.2222222222222222,0.3225806451612905,0.5
0.27500000000000013,0.2716049382716049,0.35416666666666663,0.3148148148148148,0.3392857142857144,0.39490445859872614,0.43855932203389825,0.5071916432302217,0.9013157894736854,0.37037037037037024,0.33870967741935476,0.5
0.34999999999999987,0.19753086419753085,0.7916666666666665,0.037037037037037035,0.2500000000000001,0.267515923566879,0.260593220338983,0.1857774206508651,0.5986842105263164,0.37037037037037024,0.6774193548387097,0.5
0.2250000000000001,0.13580246913580246,0.4374999999999999,0.18518518518518517,0.4821428571428572,0.21656050955414013,0.3453389830508475,0.4814785054238726,0.664473684210527,0.37037037037037024,0.20967741935483875,0.5
0.5249999999999999,0.2716049382716049,0.4999999999999999,0.046296296296296294,0.4285714285714286,0.3184713375796179,0.3326271186440678,0.17292085174769056,0.37500000000000044,0.4444444444444443,0.6935483870967745,0.6666666666666665
0.6249999999999998,0.41975308641975306,0.5624999999999999,0.5787037037037036,0.625,0.42038216560509556,0.7648305084745762,0.7386098834873494,0.3092105263157898,0.4444444444444443,0.14516129032258074,0.6666666666666665
0.5499999999999998,0.2962962962962963,0.5208333333333333,0.2361111111111111,0.3571428571428572,0.3821656050955414,0.2690677966101695,0.3657693852953017,0.5065789473684217,0.4444444444444443,0.5645161290322582,0.5
0.3749999999999998,1.0,0.8124999999999998,0.5555555555555555,0.6607142857142856,0.7006369426751593,0.8580508474576272,0.6936118923262384,0.4802631578947376,0.5555555555555555,0.20967741935483875,0.5
0.6499999999999999,0.7901234567901234,0.4166666666666665,0.2222222222222222,0.5178571428571428,0.3694267515923567,0.43432203389830504,0.44290879871434896,0.6513157894736845,0.5185185185185184,0.5,0.8333333333333333
0.5749999999999997,0.4444444444444444,0.45833333333333326,0.07407407407407408,0.5178571428571428,0.3439490445859873,0.4597457627118644,0.42362394535958714,0.7039473684210527,0.7777777777777776,0.467741935483871,0.8333333333333333
1.0,0.5679012345679012,0.8124999999999998,0.27777777777777773,0.4999999999999999,0.11464968152866242,0.2266949152542373,0.4300522298111744,0.12500000000000044,0.29629629629629617,0.5806451612903225,0.33333333333333326
0.3749999999999998,0.7654320987654321,0.3124999999999999,0.29166666666666663,0.9642857142857142,0.089171974522293,0.413135593220339,0.4557653676175235,0.45394736842105265,0.2407407407407406,0.35483870967741926,0.16666666666666663
0.8499999999999996,0.345679012345679,0.5624999999999999,0.287037037037037,0.3392857142857144,0.12738853503184716,0.298728813559322,0.46862193652069095,0.2697368421052633,0.29629629629629617,0.403225806451613,0.8333333333333333
0.5749999999999997,0.2716049382716049,0.39583333333333326,0.1388888888888889,0.3214285714285715,0.178343949044586,0.2478813559322034,0.3786259541984762,0.13815789473684248,0.9999999999999999,0.5483870967741937,0.5
0.7749999999999999,0.2962962962962963,0.5208333333333333,0.027777777777777776,0.4464285714285715,0.3439490445859873,0.4173728813559322,0.39148252310165077,0.44078947368421106,0.35185185185185175,0.4193548387096775,0.5
0.5749999999999997,0.4444444444444444,0.47916666666666663,0.24537037037037035,0.3928571428571429,0.4713375796178344,0.3283898305084746,0.4043390920048253,0.664473684210527,0.33333333333333326,0.5806451612903225,0.5
0.5249999999999999,0.5432098765432098,0.4999999999999999,0.16203703703703703,0.3571428571428572,0.30573248407643316,0.5741525423728814,0.34648453194054696,0.5855263157894739,0.9999999999999999,0.6935483870967745,0.8333333333333333
0.8249999999999997,0.5185185185185185,0.8333333333333333,0.3009259259259259,0.4821428571428572,0.25477707006369427,0.44279661016949157,0.46862193652069095,0.44078947368421106,0.35185185185185175,0.4516129032258067,0.5
0.25,0.22222222222222227,0.4374999999999999,0.037037037037037035,0.3928571428571429,0.6751592356687899,0.4682203389830508,0.24363198071515058,0.6381578947368429,0.29629629629629617,0.5322580645161292,0.5
0.27500000000000013,0.8271604938271604,0.0,0.009259259259259259,0.4107142857142857,0.25477707006369427,0.1843220338983051,0.39148252310165077,0.7302631578947376,0.2592592592592592,0.20967741935483875,0.33333333333333326
0.44999999999999973,0.37037037037037035,0.35416666666666663,0.032407407407407406,0.5357142857142857,0.178343949044586,0.4597457627118644,0.4043390920048253,0.7302631578947376,0.7037037037037034,0.3225806451612905,0.5
0.9499999999999997,1.0,0.5416666666666665,0.6921296296296297,0.75,0.4267515923566879,0.9999999999999999,0.8350341502611585,0.3092105263157898,0.759259259259259,0.4838709677419355,0.0
0.5249999999999999,0.6666666666666666,1.0,0.018518518518518517,0.5178571428571428,0.20382165605095542,0.47669491525423724,0.3143431096826035,0.4276315789473686,0.611111111111111,0.35483870967741926,0.33333333333333326
0.6999999999999997,0.1481481481481482,1.0,0.046296296296296294,0.4464285714285715,0.3184713375796179,0.3538135593220339,0.2886299718762615,0.3486842105263164,0.33333333333333326,0.4516129032258067,0.6666666666666665
1.0,0.49382716049382724,0.8333333333333333,0.5185185185185185,0.4821428571428572,0.3439490445859873,0.4978813559322034,0.7000401767778257,0.3881578947368429,0.2222222222222222,0.33870967741935476,0.16666666666666663
0.34999999999999987,0.24691358024691357,0.8333333333333333,0.18055555555555552,0.5714285714285714,0.1910828025477707,0.298728813559322,0.3079148252310233,0.6118421052631589,0.2777777777777777,0.5806451612903225,0.5
0.125,0.20987654320987653,0.3124999999999999,0.023148148148148154,0.6428571428571428,0.29299363057324845,0.3622881355932203,0.34648453194054696,0.6776315789473686,0.4629629629629628,0.17741935483870974,0.33333333333333326
1.0,0.41975308641975306,1.0,0.4351851851851851,0.7321428571428571,0.43312101910828027,0.8707627118644068,0.6807553234230639,0.3355263157894739,0.38888888888888873,0.3225806451612905,0.16666666666666663
0.4999999999999998,0.345679012345679,0.8333333333333333,0.013888888888888888,0.6607142857142856,0.30573248407643316,0.4597457627118644,0.25006026516673785,0.5855263157894739,0.2407407407407406,0.5483870967741937,0.5
0.5999999999999999,0.345679012345679,0.8333333333333333,0.018518518518518517,0.5357142857142857,0.40764331210191085,0.510593220338983,0.1857774206508651,0.3223684210526314,0.2222222222222222,0.7580645161290325,0.5
0.6499999999999999,0.41975308641975306,0.8333333333333333,0.023148148148148154,0.4821428571428572,0.42038216560509556,0.5783898305084746,0.29505825632784877,0.4276315789473686,0.611111111111111,0.5322580645161292,0.33333333333333326
0.8499999999999996,0.24691358024691357,0.8333333333333333,0.023148148148148154,0.3214285714285715,0.3312101910828026,0.260593220338983,0.3336279630373653,0.2565789473684217,0.8518518518518517,0.3870967741935485,0.6666666666666665
0.32499999999999973,0.345679012345679,0.8333333333333333,0.04166666666666667,0.6428571428571428,0.20382165605095542,0.2860169491525424,0.3657693852953017,0.6513157894736845,0.4444444444444443,0.25806451612903225,0.33333333333333326
0.5499999999999998,0.7654320987654321,0.3124999999999999,0.018518518518518517,0.5892857142857143,0.07643312101910829,0.4216101694915254,0.3336279630373653,0.2565789473684217,0.16666666666666663,0.33870967741935476,0.16666666666666663
0.4249999999999998,0.691358024691358,0.8333333333333333,0.10648148148148147,0.2678571428571429,0.178343949044586,0.3156779661016949,0.19863398955403966,0.3881578947368429,0.4999999999999999,0.6612903225806452,0.6666666666666665
0.5749999999999997,0.5185185185185185,0.8333333333333333,0.027777777777777776,0.2857142857142858,0.3821656050955414,0.336864406779661,0.1407794294897542,0.3486842105263164,0.20370370370370372,0.6774193548387097,0.5
0.5249999999999999,0.37037037037037035,0.3124999999999999,0.6296296296296295,0.6785714285714285,0.21656050955414013,0.3156779661016949,0.7128967456810003,0.4802631578947376,0.5185185185185184,0.25806451612903225,0.33333333333333326
0.9249999999999998,1.0,1.0,0.7986111111111112,0.6428571428571428,0.624203821656051,0.9470338983050847,0.8607472880675076,0.24342105263157965,0.8888888888888885,0.19354838709677402,0.33333333333333326
0.3749999999999998,0.37037037037037035,0.8333333333333333,0.3009259259259259,0.625,0.8280254777070064,0.8072033898305084,0.5136199276818019,0.5592105263157898,0.2222222222222222,0.24193548387096775,0.33333333333333326
0.32499999999999973,0.41975308641975306,0.8333333333333333,0.324074074074074,0.6607142857142856,0.8280254777070064,0.875,0.5457613499397453,0.46710526315789513,0.4629629629629628,0.14516129032258074,0.33333333333333326
0.5999999999999999,0.4444444444444444,1.0,0.6018518518518517,0.625,0.6878980891719746,0.6038135593220338,0.7000401767778257,0.29605263157894735,0.40740740740740733,0.12903225806451624,0.33333333333333326
0.5999999999999999,0.5679012345679012,0.3124999999999999,0.037037037037037035,0.75,0.1910828025477707,0.413135593220339,0.3657693852953017,0.46710526315789513,0.2407407407407406,0.403225806451613,0.33333333333333326
0.7999999999999998,0.41975308641975306,0.8333333333333333,0.027777777777777776,0.8214285714285714,0.3184713375796179,0.413135593220339,0.4300522298111744,0.36184210526315885,0.2222222222222222,0.22580645161290325,0.33333333333333326
0.5499999999999998,0.24691358024691357,0.8333333333333333,0.21759259259259256,0.4464285714285715,0.40764331210191085,0.4470338983050848,0.27577340297307984,0.5723684210526323,0.33333333333333326,0.6774193548387097,0.5
0.7499999999999998,0.8641975308641974,0.8333333333333333,0.5740740740740741,0.3214285714285715,0.445859872611465,0.586864406779661,0.5393330654881581,0.44078947368421106,0.2407407407407406,0.5322580645161292,0.5
0.875,0.2962962962962963,1.0,0.17824074074074076,0.5178571428571428,0.39490445859872614,0.4682203389830508,0.3400562474889526,0.5855263157894739,0.37037037037037024,0.6774193548387097,0.5
0.3749999999999998,0.4691358024691358,0.8333333333333333,0.027777777777777776,0.857142857142857,0.42038216560509556,0.3072033898305085,0.2564885496183251,0.7565789473684217,0.37037037037037024,0.6774193548387097,0.5
0.6499999999999999,0.19753086419753085,0.8333333333333333,0.027777777777777776,0.7142857142857142,0.20382165605095542,0.5529661016949152,0.29505825632784877,0.5592105263157898,0.4629629629629628,0.5161290322580645,0.5
0.5249999999999999,0.2716049382716049,0.8333333333333333,0.27777777777777773,0.375,0.5987261146496816,0.646186440677966,0.39148252310165077,0.5197368421052642,0.09259259259259256,0.5645161290322582,0.5
0.5999999999999999,0.7901234567901234,0.8333333333333333,0.023148148148148154,0.5892857142857143,0.11464968152866242,0.5021186440677966,0.37219766974688895,0.2697368421052633,0.37037037037037024,0.20967741935483875,0.33333333333333326
0.6999999999999997,1.0,0.8333333333333333,0.6203703703703703,0.3392857142857144,0.445859872611465,0.5783898305084746,0.5586179188429199,0.44078947368421106,0.29629629629629617,0.6129032258064517,0.6666666666666665
0.875,0.32098765432098764,0.8333333333333333,0.8888888888888888,0.6964285714285714,0.6114649681528663,0.896186440677966,0.9057452792286185,0.24342105263157965,0.5925925925925924,0.19354838709677402,0.33333333333333326
0.5249999999999999,0.6419753086419754,1.0,0.4907407407407407,0.9642857142857142,0.535031847133758,0.5529661016949152,0.6229007633587926,0.2565789473684217,0.9999999999999999,0.19354838709677402,0.33333333333333326
0.5749999999999997,0.345679012345679,1.0,0.09722222222222222,0.5178571428571428,0.5095541401273885,0.527542372881356,0.25006026516673785,0.664473684210527,0.35185185185185175,0.6774193548387097,0.5
0.7749999999999999,0.07407407407407407,0.8333333333333333,0.18055555555555552,0.5892857142857143,0.3184713375796179,0.48093220338983056,0.4814785054238726,0.5723684210526323,0.37037037037037024,0.4193548387096775,0.5
0.9249999999999998,0.22222222222222227,1.0,0.1388888888888889,0.625,0.3439490445859873,0.4597457627118644,0.3657693852953017,0.6250000000000004,0.33333333333333326,0.709677419354839,0.5
0.3999999999999999,0.16049382716049382,0.8333333333333333,0.2222222222222222,0.5892857142857143,0.6624203821656052,0.6122881355932204,0.4814785054238726,0.9934210526315792,0.40740740740740733,0.4516129032258067,0.5
0.875,0.2716049382716049,0.8333333333333333,0.027777777777777776,0.6428571428571428,0.11464968152866242,0.4978813559322034,0.30148654077943604,0.3355263157894739,0.4444444444444443,0.4838709677419355,0.5
0.7999999999999998,0.8888888888888888,0.8333333333333333,0.3935185185185185,0.2857142857142858,0.5605095541401274,0.5572033898305084,0.35291281639213423,0.46710526315789513,0.09259259259259256,0.7580645161290325,0.8333333333333333
0.5499999999999998,0.2962962962962963,1.0,0.009259259259259259,0.5178571428571428,0.21656050955414013,0.6080508474576272,0.3850542386500635,0.861842105263158,0.574074074074074,0.35483870967741926,0.33333333333333326
0.5749999999999997,0.41975308641975306,0.8333333333333333,0.11111111111111112,0.2678571428571429,0.356687898089172,0.3241525423728814,0.20506227400562693,0.4276315789473686,0.31481481481481477,0.6935483870967745,0.6666666666666665
0.4249999999999998,0.3950617283950617,0.3124999999999999,0.046296296296296294,0.5535714285714285,0.1656050955414013,0.1716101694915254,0.3657693852953017,0.5065789473684217,0.31481481481481477,0.2903225806451615,0.33333333333333326
0.7499999999999998,0.32098765432098764,0.8333333333333333,0.034722222222222224,0.6607142857142856,0.05095541401273886,0.12076271186440679,0.2564885496183251,0.45394736842105265,0.11111111111111116,0.5483870967741937,0.33333333333333326
0.5499999999999998,0.2962962962962963,0.8333333333333333,0.24537037037037035,0.4107142857142857,0.4713375796178344,0.4597457627118644,0.4300522298111744,0.5328947368421058,0.4814814814814813,0.4516129032258067,0.5
0.5249999999999999,0.41975308641975306,0.3124999999999999,0.1388888888888889,0.75,0.14012738853503187,0.2775423728813559,0.4557653676175235,0.24342105263157965,0.4814814814814813,0.24193548387096775,0.16666666666666663
0.5999999999999999,0.0,0.8333333333333333,0.032407407407407406,0.625,0.20382165605095542,0.5444915254237288,0.47505022097228533,0.861842105263158,0.40740740740740733,0.35483870967741926,0.5
0.5749999999999997,1.0,0.8333333333333333,0.37499999999999994,0.23214285714285726,0.4840764331210191,0.6970338983050848,0.5843310566492548,0.5460526315789482,0.2592592592592592,0.435483870967742,0.33333333333333326
0.6999999999999997,1.0,0.3124999999999999,0.027777777777777776,0.4464285714285715,0.10191082802547771,0.3580508474576271,0.3143431096826035,0.3223684210526314,0.12962962962962954,0.4516129032258067,0.5
0.7749999999999999,0.345679012345679,0.3124999999999999,0.18518518518518517,0.5178571428571428,0.4713375796178344,0.5911016949152542,0.3593411008437215,0.24342105263157965,0.11111111111111116,0.5645161290322582,0.5
0.7249999999999999,0.19753086419753085,0.8333333333333333,0.06481481481481481,0.7321428571428571,0.22929936305732485,0.44279661016949157,0.49433507432704715,0.6776315789473686,0.4999999999999999,0.435483870967742,0.5
0.44999999999999973,0.41975308641975306,0.3124999999999999,0.050925925925925916,0.5892857142857143,0.30573248407643316,0.44279661016949157,0.4557653676175235,0.7434210526315792,0.7037037037037034,0.33870967741935476,0.5
0.47499999999999987,0.19753086419753085,0.8333333333333333,0.08333333333333333,0.5535714285714285,0.7006369426751593,0.7097457627118644,0.5200482121333891,0.9999999999999996,0.9999999999999999,0.3870967741935485,0.5
0.6749999999999998,0.5925925925925926,0.3124999999999999,0.18518518518518517,0.6785714285714285,0.07643312101910829,0.48516949152542377,0.5586179188429199,0.44078947368421106,0.5185185185185184,0.17741935483870974,0.0
0.6499999999999999,0.49382716049382724,0.8333333333333333,0.04166666666666667,0.3392857142857144,0.22929936305732485,0.451271186440678,0.30148654077943604,0.23026315789473717,0.31481481481481477,0.4193548387096775,0.5
0.34999999999999987,0.1728395061728395,0.8333333333333333,0.013888888888888888,0.3214285714285715,0.1910828025477707,0.13347457627118645,0.39148252310165077,0.6513157894736845,0.8888888888888885,0.22580645161290325,0.5
0.47499999999999987,0.41975308641975306,1.0,0.8703703703703702,0.6964285714285714,0.535031847133758,0.6334745762711864,0.8543190036159203,0.9276315789473686,0.4259259259259258,0.2903225806451615,0.5
0.4249999999999998,0.4444444444444444,1.0,0.5879629629629629,0.5178571428571428,0.8407643312101911,0.8665254237288136,0.6486139011651275,0.4934210526315792,0.5925925925925924,0.24193548387096775,0.5
0.7749999999999999,0.19753086419753085,1.0,0.7986111111111112,0.3928571428571429,0.6369426751592357,0.7097457627118644,0.8157492969063966,0.24342105263157965,0.35185185185185175,0.20967741935483875,0.33333333333333326
0.19999999999999996,0.25925925925925924,0.8333333333333333,0.023148148148148154,0.2678571428571429,0.3312101910828026,0.413135593220339,0.30148654077943604,0.9802631578947376,0.4259259259259258,0.370967741935484,0.5
0.6749999999999998,0.2962962962962963,0.8333333333333333,0.032407407407407406,0.2857142857142858,0.07643312101910829,0.3283898305084746,0.30148654077943604,0.3355263157894739,0.7407407407407406,0.5,0.33333333333333326
0.7999999999999998,0.5432098765432098,0.8333333333333333,0.4074074074074074,0.5535714285714285,0.5732484076433121,0.7139830508474576,0.5971876255524293,0.44078947368421106,0.4814814814814813,0.3225806451612905,0.33333333333333326
0.7999999999999998,0.6419753086419754,0.8333333333333333,0.38888888888888884,0.3214285714285715,0.4713375796178344,0.6800847457627118,0.41719566090799987,0.4276315789473686,0.29629629629629617,0.6935483870967745,0.8333333333333333
0.7249999999999999,0.6666666666666666,0.8333333333333333,0.3726851851851852,0.3214285714285715,0.5095541401273885,0.7055084745762712,0.3850542386500635,0.44078947368421106,0.29629629629629617,0.709677419354839,0.8333333333333333
0.6999999999999997,0.5185185185185185,0.8333333333333333,0.41666666666666663,0.2678571428571429,0.5477707006369427,0.7521186440677966,0.4300522298111744,0.4276315789473686,0.29629629629629617,0.6935483870967745,0.6666666666666665
0.47499999999999987,1.0,0.3124999999999999,0.023148148148148154,0.4285714285714286,0.05095541401273886,0.18008474576271188,0.4043390920048253,0.7960526315789482,0.18518518518518512,0.3870967741935485,0.33333333333333326
0.4999999999999998,0.4691358024691358,0.8333333333333333,0.027777777777777776,0.5178571428571428,0.42038216560509556,0.451271186440678,0.1857774206508651,0.4276315789473686,0.4814814814814813,0.6612903225806452,0.6666666666666665
0.7249999999999999,0.4691358024691358,0.8333333333333333,0.05555555555555555,0.4642857142857143,0.267515923566879,0.2817796610169491,0.27577340297307984,0.46710526315789513,0.37037037037037024,0.7258064516129035,0.5
0.47499999999999987,1.0,0.3124999999999999,0.06944444444444445,0.4999999999999999,0.15286624203821658,0.5741525423728814,0.2114905584572071,0.5460526315789482,0.7037037037037034,0.806451612903226,0.5
0.6499999999999999,0.2716049382716049,0.8333333333333333,0.4027777777777778,0.2678571428571429,0.30573248407643316,0.47669491525423724,0.44290879871434896,0.24342105263157965,0.18518518518518512,0.4838709677419355,0.6666666666666665
0.875,0.2962962962962963,0.8333333333333333,0.050925925925925916,0.4464285714285715,0.40764331210191085,0.6334745762711864,0.4300522298111744,0.3223684210526314,0.2777777777777777,0.33870967741935476,0.33333333333333326
0.44999999999999973,0.5432098765432098,0.3124999999999999,0.027777777777777776,0.3392857142857144,0.1910828025477707,0.43008474576271183,0.39791080755323804,0.4276315789473686,0.2592592592592592,0.19354838709677402,0.33333333333333326
0.4999999999999998,0.691358024691358,0.3124999999999999,0.18518518518518517,0.4285714285714286,0.28025477707006374,0.44279661016949157,0.24363198071515058,0.6118421052631589,0.2222222222222222,0.741935483870968,0.6666666666666665
0.5499999999999998,0.22222222222222227,1.0,0.5648148148148148,0.5357142857142857,0.28025477707006374,0.451271186440678,0.4557653676175235,0.5986842105263164,0.29629629629629617,0.6774193548387097,0.8333333333333333
1.0,0.24691358024691357,0.8333333333333333,0.04166666666666667,0.4642857142857143,0.4713375796178344,0.4682203389830508,0.47505022097228533,0.3092105263157898,0.4999999999999999,0.2903225806451615,0.6666666666666665
0.8249999999999997,0.2962962962962963,0.8333333333333333,0.34722222222222215,0.6428571428571428,0.624203821656051,0.7860169491525424,0.5329047810365637,0.3881578947368429,0.5555555555555555,0.4838709677419355,0.5
0.7499999999999998,0.4444444444444444,1.0,0.3194444444444444,0.5178571428571428,0.7261146496815287,0.5953389830508474,0.5714744877460944,0.5460526315789482,0.7777777777777776,0.3225806451612905,0.5
0.4999999999999998,0.32098765432098764,0.8333333333333333,0.6435185185185185,0.8035714285714284,0.6114649681528663,0.6377118644067796,0.7707513057452857,0.9802631578947376,0.40740740740740733,0.2903225806451615,0.5
0.7749999999999999,0.2962962962962963,0.8333333333333333,0.046296296296296294,0.6785714285714285,0.1656050955414013,0.527542372881356,0.3786259541984762,0.46710526315789513,0.4629629629629628,0.403225806451613,0.33333333333333326
0.7999999999999998,0.24691358024691357,0.8333333333333333,0.05555555555555555,0.8214285714285714,0.10191082802547771,0.5317796610169492,0.4557653676175235,0.5592105263157898,0.4814814814814813,0.3225806451612905,0.33333333333333326
1.0,0.37037037037037035,1.0,0.12037037037037036,0.4821428571428572,0.1656050955414013,0.451271186440678,0.4043390920048253,0.28289473684210575,0.5370370370370369,0.5161290322580645,0.5
0.6249999999999998,0.345679012345679,0.8333333333333333,0.4074074074074074,0.3392857142857144,0.3439490445859873,0.48516949152542377,0.4364805142627617,0.24342105263157965,0.18518518518518512,0.4838709677419355,0.6666666666666665
0.6249999999999998,0.345679012345679,0.8333333333333333,0.4305555555555555,0.2857142857142858,0.5859872611464969,0.5995762711864406,0.42362394535958714,0.2697368421052633,0.11111111111111116,0.5161290322580645,0.5
0.6249999999999998,0.18518518518518517,0.8333333333333333,0.032407407407407406,0.4285714285714286,0.40764331210191085,0.4936440677966102,0.35291281639213423,0.44078947368421106,0.9999999999999999,0.403225806451613,0.5
0.8499999999999996,0.345679012345679,0.8333333333333333,0.41666666666666663,0.3928571428571429,0.6496815286624205,0.5699152542372882,0.5136199276818019,0.28289473684210575,0.20370370370370372,0.4193548387096775,0.5
0.8499999999999996,0.3950617283950617,0.8333333333333333,0.4027777777777778,0.4107142857142857,0.6369426751592357,0.6080508474576272,0.5200482121333891,0.28289473684210575,0.20370370370370372,0.4193548387096775,0.5
0.8999999999999999,0.37037037037037035,0.8333333333333333,0.3333333333333333,0.3571428571428572,0.25477707006369427,0.3199152542372881,0.4107673764564126,0.3092105263157898,0.2222222222222222,0.6451612903225807,0.5
0.875,0.2962962962962963,0.8333333333333333,0.050925925925925916,0.4107142857142857,0.4585987261146497,0.625,0.4364805142627617,0.3223684210526314,0.2777777777777777,0.33870967741935476,0.5
0.5249999999999999,0.32098765432098764,0.8333333333333333,0.037037037037037035,0.4642857142857143,0.1656050955414013,0.6122881355932204,0.3593411008437215,0.5855263157894739,0.759259259259259,0.4838709677419355,0.33333333333333326
0.7999999999999998,0.41975308641975306,0.8333333333333333,0.38888888888888884,0.5178571428571428,0.3694267515923567,0.701271186440678,0.7000401767778257,0.7039473684210527,0.4999999999999999,0.3225806451612905,0.5
0.44999999999999973,0.32098765432098764,0.8333333333333333,0.8124999999999999,0.4821428571428572,0.4968152866242038,0.586864406779661,0.8093210124548094,0.6250000000000004,0.31481481481481477,0.11290322580645151,0.5
0.5999999999999999,0.4691358024691358,1.0,0.5509259259259259,0.3928571428571429,0.5732484076433121,0.5783898305084746,0.706468461229413,0.3092105263157898,0.40740740740740733,0.11290322580645151,0.33333333333333326
1.0,0.4691358024691358,0.8333333333333333,0.023148148148148154,0.3928571428571429,0.39490445859872614,0.5783898305084746,0.3143431096826035,0.45394736842105265,0.5925925925925924,0.5,0.5
0.7749999999999999,0.49382716049382724,0.8333333333333333,0.32870370370370366,0.5357142857142857,0.5859872611464969,0.7436440677966102,0.5329047810365637,0.3092105263157898,0.611111111111111,0.4838709677419355,0.5
0.6499999999999999,0.4691358024691358,0.8333333333333333,0.023148148148148154,0.3928571428571429,0.39490445859872614,0.5783898305084746,0.3143431096826035,0.45394736842105265,0.5925925925925924,0.5,0.5
0.8249999999999997,0.5432098765432098,0.8333333333333333,0.34722222222222215,0.3928571428571429,0.30573248407643316,0.6546610169491526,0.4621936520691037,0.3881578947368429,0.14814814814814803,0.5161290322580645,0.6666666666666665
0.6749999999999998,0.37037037037037035,0.8333333333333333,0.32870370370370366,0.6071428571428571,0.7515923566878981,0.8029661016949152,0.44933708316593624,0.44078947368421106,0.14814814814814803,0.5,0.6666666666666665
0.6249999999999998,0.4444444444444444,0.8333333333333333,0.20370370370370366,0.23214285714285726,0.3821656050955414,0.3707627118644068,0.41719566090799987,0.5723684210526323,0.5925925925925924,0.4516129032258067,0.5
0.5749999999999997,0.24691358024691357,1.0,0.6944444444444444,0.5178571428571428,0.535031847133758,0.663135593220339,0.8028927280032221,0.7565789473684217,0.8333333333333331,0.16129032258064524,0.5
0.9249999999999998,0.1728395061728395,0.8333333333333333,0.04166666666666667,0.2857142857142858,0.1910828025477707,0.43432203389830504,0.39148252310165077,0.29605263157894735,0.33333333333333326,0.370967741935484,0.5
1.0,0.12345679012345678,0.8333333333333333,0.018518518518518517,0.23214285714285726,0.05095541401273886,0.019067796610169496,0.35291281639213423,0.13815789473684248,0.18518518518518512,0.306451612903226,0.33333333333333326
0.8249999999999997,0.49382716049382724,0.8333333333333333,0.018518518518518517,0.4464285714285715,0.3821656050955414,0.5444915254237288,0.41719566090799987,0.4276315789473686,0.35185185185185175,0.3225806451612905,0.5
0.2999999999999998,0.22222222222222227,0.8333333333333333,0.018518518518518517,0.3392857142857144,0.30573248407643316,0.3665254237288136,0.3143431096826035,0.5328947368421058,0.37037037037037024,0.2903225806451615,0.5
0.5749999999999997,1.0,0.3124999999999999,0.009259259259259259,0.2500000000000001,0.3439490445859873,0.2817796610169491,0.3786259541984762,0.46710526315789513,0.18518518518518512,0.17741935483870974,0.16666666666666663
0.5999999999999999,0.19753086419753085,0.8333333333333333,0.032407407407407406,0.3928571428571429,0.3184713375796179,0.3580508474576271,0.3400562474889526,0.5592105263157898,0.6481481481481478,0.4193548387096775,0.5
0.6249999999999998,0.1481481481481482,0.8333333333333333,0.023148148148148154,0.4107142857142857,0.3312101910828026,0.336864406779661,0.3657693852953017,0.5197368421052642,0.9259259259259257,0.4193548387096775,0.5
0.7749999999999999,0.09876543209876543,0.8333333333333333,0.21296296296296297,0.6071428571428571,0.39490445859872614,0.5614406779661016,0.5200482121333891,0.4934210526315792,0.4629629629629628,0.4193548387096775,0.5
0.47499999999999987,0.5185185185185185,0.8333333333333333,0.18981481481481483,0.3392857142857144,0.42038216560509556,0.5783898305084746,0.47505022097228533,0.4276315789473686,0.4259259259259258,0.306451612903226,0.5
0.47499999999999987,0.5432098765432098,0.8333333333333333,0.19444444444444442,0.3392857142857144,0.43312101910828027,0.586864406779661,0.47505022097228533,0.414473684210527,0.4259259259259258,0.306451612903226,0.5
0.5749999999999997,0.691358024691358,0.3124999999999999,0.05555555555555555,0.17857142857142871,0.3821656050955414,0.3495762711864407,0.20506227400562693,0.7039473684210527,0.685185185185185,0.774193548387097,0.5
0.7749999999999999,0.24691358024691357,0.8333333333333333,0.21296296296296297,0.6428571428571428,0.43312101910828027,0.5826271186440678,0.5264764965849764,0.4934210526315792,0.4814814814814813,0.4193548387096775,0.5
0.44999999999999973,0.2716049382716049,1.0,0.027777777777777776,1.0,0.5477707006369427,0.4639830508474576,0.41719566090799987,0.37500000000000044,0.16666666666666663,0.11290322580645151,0.5
0.6249999999999998,0.32098765432098764,0.8333333333333333,0.05555555555555555,0.4107142857142857,0.535031847133758,0.5614406779661016,0.2629168340699053,0.6776315789473686,0.40740740740740733,0.741935483870968,0.6666666666666665
0.5249999999999999,0.5432098765432098,0.8333333333333333,0.324074074074074,0.75,0.29299363057324845,0.5783898305084746,0.5843310566492548,0.8223684210526323,0.759259259259259,0.4838709677419355,0.6666666666666665
0.7749999999999999,0.8395061728395061,0.8333333333333333,0.3518518518518518,0.7321428571428571,0.3821656050955414,0.6122881355932204,0.6036159100040308,0.6381578947368429,0.7037037037037034,0.5161290322580645,0.6666666666666665
0.5249999999999999,0.3950617283950617,0.8333333333333333,0.032407407407407406,0.3035714285714286,0.42038216560509556,0.5444915254237288,0.39148252310165077,0.8486842105263164,0.6481481481481478,0.435483870967742,0.6666666666666665
0.6999999999999997,0.37037037037037035,0.8333333333333333,0.4351851851851851,0.375,0.5477707006369427,0.6885593220338982,0.6164724789072054,0.36184210526315885,0.6666666666666664,0.25806451612903225,0.5
0.34999999999999987,0.8641975308641974,0.8333333333333333,0.2685185185185185,0.5357142857142857,0.12738853503184716,0.4046610169491525,0.590759341100842,0.6118421052631589,0.6481481481481478,0.16129032258064524,0.16666666666666663
1.0,0.6666666666666666,0.8333333333333333,0.018518518518518517,0.375,0.15286624203821658,0.15466101694915255,0.3143431096826035,0.2039473684210531,0.20370370370370372,0.403225806451613,0.16666666666666663
0.7499999999999998,0.5432098765432098,1.0,0.05555555555555555,0.3214285714285715,0.39490445859872614,0.5783898305084746,0.25006026516673785,0.6381578947368429,0.5555555555555555,0.774193548387097,0.5
1.0,0.49382716049382724,0.8333333333333333,0.06481481481481481,0.7857142857142856,0.10191082802547771,0.3919491525423729,0.5586179188429199,0.45394736842105265,0.4444444444444443,0.33870967741935476,0.33333333333333326
0.5749999999999997,0.6419753086419754,0.8333333333333333,0.04166666666666667,0.2142857142857144,0.30573248407643316,0.451271186440678,0.1857774206508651,0.6513157894736845,0.20370370370370372,0.6774193548387097,0.6666666666666665
0.9249999999999998,0.2716049382716049,0.8333333333333333,0.13425925925925924,0.5178571428571428,0.3439490445859873,0.413135593220339,0.4300522298111744,0.44078947368421106,0.5370370370370369,0.33870967741935476,0.5
0.6999999999999997,0.24691358024691357,0.8333333333333333,0.8078703703703703,0.5535714285714285,0.43312101910828027,0.586864406779661,0.8028927280032221,0.3355263157894739,0.35185185185185175,0.19354838709677402,0.33333333333333326
0.6749999999999998,0.2716049382716049,0.8333333333333333,0.05555555555555555,0.7142857142857142,0.21656050955414013,0.3834745762711864,0.4814785054238726,0.6907894736842111,0.40740740740740733,0.306451612903226,0.33333333333333326
0.6499999999999999,0.5432098765432098,0.8333333333333333,0.3518518518518518,0.7142857142857142,0.5987261146496816,0.7139830508474576,0.6614704700683021,0.9407894736842111,0.6666666666666664,0.27419354838709675,0.5
0.47499999999999987,0.5432098765432098,1.0,0.20370370370370366,0.4107142857142857,0.42038216560509556,0.5826271186440678,0.47505022097228533,0.5328947368421058,0.4444444444444443,0.306451612903226,0.33333333333333326
0.44999999999999973,0.5432098765432098,1.0,0.18518518518518517,0.4642857142857143,0.43312101910828027,0.5911016949152542,0.4814785054238726,0.5328947368421058,0.4259259259259258,0.306451612903226,0.33333333333333326
0.5249999999999999,0.345679012345679,0.8333333333333333,0.2962962962962963,0.857142857142857,0.6114649681528663,0.6292372881355932,0.5521896343913326,0.9671052631578951,0.5185185185185184,0.370967741935484,0.5
0.7499999999999998,0.4444444444444444,0.8333333333333333,0.11574074074074074,0.5357142857142857,0.24203821656050956,0.4088983050847458,0.3850542386500635,0.46710526315789513,0.2407407407407406,0.370967741935484,0.33333333333333326
0.9249999999999998,0.22222222222222227,0.8333333333333333,0.37962962962962965,0.5892857142857143,0.267515923566879,0.375,0.4879067898754599,0.09868421052631593,0.2222222222222222,0.403225806451613,0.16666666666666663
0.4999999999999998,0.22222222222222227,1.0,0.08333333333333333,0.6785714285714285,0.7515923566878981,0.6885593220338982,0.5264764965849764,0.9999999999999996,0.9999999999999997,0.403225806451613,0.5
0.34999999999999987,0.4691358024691358,0.8333333333333333,0.037037037037037035,0.625,0.22929936305732485,0.2309322033898305,0.3850542386500635,0.6776315789473686,0.40740740740740733,0.2903225806451615,0.5
0.5749999999999997,1.0,0.8333333333333333,0.05555555555555555,0.625,0.1910828025477707,0.4597457627118644,0.4814785054238726,0.664473684210527,0.6666666666666664,0.4193548387096775,0.16666666666666663
0.3999999999999999,0.24691358024691357,1.0,0.5231481481481481,0.5535714285714285,0.6624203821656052,0.6292372881355932,0.6871836078746512,0.9999999999999996,0.8518518518518517,0.33870967741935476,0.33333333333333326
0.6999999999999997,0.5679012345679012,0.8333333333333333,0.5925925925925926,0.8392857142857142,0.6114649681528663,0.7266949152542372,0.7578947368421112,0.5460526315789482,0.574074074074074,0.16129032258064524,0.16666666666666663
1.0,0.5679012345679012,0.8333333333333333,0.6851851851851851,0.5535714285714285,0.14012738853503187,0.4216101694915254,0.8543190036159203,0.4934210526315792,0.4259259259259258,0.24193548387096775,0.33333333333333326
1.0,0.5432098765432098,0.8333333333333333,0.3055555555555555,0.4285714285714286,0.3821656050955414,0.2733050847457627,0.4300522298111744,0.17763157894736858,0.18518518518518512,0.5645161290322582,0.5
0.8999999999999999,0.3950617283950617,0.8333333333333333,0.3148148148148148,0.4285714285714286,0.5605095541401274,0.375,0.4043390920048253,0.29605263157894735,0.20370370370370372,0.6290322580645162,0.6666666666666665
0.3999999999999999,0.41975308641975306,1.0,0.3333333333333333,0.5357142857142857,0.6369426751592357,0.8029661016949152,0.5457613499397453,0.5328947368421058,0.37037037037037024,0.19354838709677402,0.5
0.6249999999999998,0.5432098765432098,1.0,0.5972222222222222,0.4285714285714286,0.5605095541401274,0.6165254237288136,0.7128967456810003,0.28289473684210575,0.33333333333333326,0.11290322580645151,0.33333333333333326
1.0,0.5679012345679012,0.8333333333333333,0.032407407407407406,0.4821428571428572,0.40764331210191085,0.5402542372881356,0.49433507432704715,0.4013157894736845,0.4444444444444443,0.2903225806451615,0.33333333333333326
0.5499999999999998,0.4691358024691358,1.0,0.04166666666666667,0.375,0.3184713375796179,0.43432203389830504,0.35291281639213423,0.7171052631578951,0.4814814814814813,0.5161290322580645,0.5
0.7749999999999999,0.1481481481481482,1.0,0.027777777777777776,0.23214285714285726,0.356687898089172,0.6165254237288136,0.25006026516673785,0.36184210526315885,0.9999999999999999,0.6935483870967745,0.5
0.3999999999999999,0.09876543209876543,0.8333333333333333,0.2685185185185185,0.4821428571428572,0.5987261146496816,0.5995762711864406,0.47505022097228533,0.7039473684210527,0.40740740740740733,0.3870967741935485,0.5
0.4999999999999998,0.32098765432098764,1.0,0.027777777777777776,0.5714285714285714,0.29299363057324845,0.3877118644067797,0.2886299718762615,0.4276315789473686,0.35185185185185175,0.435483870967742,0.5
0.9499999999999997,0.19753086419753085,0.8333333333333333,0.3101851851851851,0.4999999999999999,0.089171974522293,0.1843220338983051,0.5264764965849764,0.4276315789473686,0.685185185185185,0.403225806451613,0.5
0.5499999999999998,0.5185185185185185,0.8333333333333333,0.14814814814814814,0.5714285714285714,0.445859872611465,0.4936440677966102,0.4300522298111744,0.19078947368421106,0.33333333333333326,0.22580645161290325,0.5
0.3999999999999999,0.4691358024691358,0.8333333333333333,0.3101851851851851,0.5535714285714285,0.6496815286624205,0.7902542372881356,0.5457613499397453,0.5723684210526323,0.38888888888888873,0.19354838709677402,0.5
0.44999999999999973,1.0,0.0,0.09722222222222222,0.3392857142857144,0.6878980891719746,0.43432203389830504,0.22434712736038875,0.45394736842105265,0.14814814814814803,0.6290322580645162,0.33333333333333326
0.3749999999999998,0.3950617283950617,1.0,0.037037037037037035,1.0,0.28025477707006374,0.375,0.39148252310165077,0.6118421052631589,0.31481481481481477,0.306451612903226,0.5
0.47499999999999987,0.6172839506172839,0.8333333333333333,0.046296296296296294,1.0,0.22929936305732485,0.3156779661016949,0.27577340297307984,0.4013157894736845,0.5185185185185184,0.5483870967741937,0.5
0.8499999999999996,0.6419753086419754,0.8333333333333333,0.34259259259259256,0.5535714285714285,0.6751592356687899,0.8622881355932204,0.5714744877460944,0.36184210526315885,0.5555555555555555,0.435483870967742,0.5
0.19999999999999996,0.7654320987654321,0.3124999999999999,0.18981481481481483,0.3392857142857144,0.3184713375796179,0.2436440677966102,0.22434712736038875,0.6250000000000004,0.2592592592592592,0.7580645161290325,0.33333333333333326
0.19999999999999996,0.8148148148148147,0.3124999999999999,0.060185185185185175,0.3392857142857144,0.10191082802547771,0.1419491525423729,0.06685415829650054,0.6776315789473686,0.5185185185185184,0.8870967741935485,0.6666666666666665
0.47499999999999987,0.8148148148148147,0.0,0.10185185185185185,0.5892857142857143,0.4713375796178344,0.4978813559322034,0.4557653676175235,0.5723684210526323,0.2407407407407406,0.24193548387096775,0.33333333333333326
0.5749999999999997,0.4444444444444444,0.8333333333333333,0.07407407407407408,0.3035714285714286,0.3694267515923567,0.3961864406779661,0.20506227400562693,0.7434210526315792,0.37037037037037024,0.7903225806451615,1.0
0.6749999999999998,0.5925925925925926,0.8333333333333333,0.050925925925925916,0.2857142857142858,0.535031847133758,0.3792372881355932,0.22434712736038875,0.3486842105263164,0.4444444444444443,0.7258064516129035,0.5
0.25,0.2716049382716049,0.8333333333333333,0.19907407407407407,0.4464285714285715,0.535031847133758,0.4173728813559322,0.4107673764564126,0.7039473684210527,0.29629629629629617,0.24193548387096775,0.6666666666666665
0.5249999999999999,0.4691358024691358,0.8333333333333333,1.0000000000000002,0.75,0.7261146496815287,0.913135593220339,0.9828846926476515,0.23026315789473717,0.4629629629629628,0.09677419354838701,0.33333333333333326
0.8249999999999997,0.2962962962962963,0.8333333333333333,0.5185185185185185,0.5892857142857143,0.5605095541401274,0.815677966101695,0.6229007633587926,0.37500000000000044,0.4444444444444443,0.3225806451612905,0.6666666666666665
0.8499999999999996,0.4444444444444444,0.8333333333333333,0.21296296296296297,0.4464285714285715,0.21656050955414013,0.3411016949152542,0.44933708316593624,0.414473684210527,0.2222222222222222,0.33870967741935476,0.5
0.7499999999999998,0.4444444444444444,0.8333333333333333,0.12037037037037036,0.2142857142857144,0.3312101910828026,0.2860169491525424,0.3079148252310233,0.29605263157894735,0.18518518518518512,0.5322580645161292,0.6666666666666665
0.7999999999999998,0.1481481481481482,0.8333333333333333,0.04166666666666667,0.3571428571428572,0.5095541401273885,0.4258474576271186,0.3657693852953017,0.5986842105263164,0.33333333333333326,0.4193548387096775,0.6666666666666665
0.7999999999999998,0.5185185185185185,0.8333333333333333,0.5138888888888888,0.3571428571428572,0.4840764331210191,0.47245762711864403,0.5586179188429199,0.44078947368421106,0.2222222222222222,0.4516129032258067,0.33333333333333326
0.6749999999999998,0.2716049382716049,0.8333333333333333,0.046296296296296294,0.5714285714285714,0.5095541401273885,0.510593220338983,0.39148252310165077,0.7828947368421058,0.4629629629629628,0.435483870967742,0.5
0.5249999999999999,0.6419753086419754,0.8333333333333333,0.3101851851851851,0.5357142857142857,0.7515923566878981,0.7902542372881356,0.5521896343913326,0.37500000000000044,0.33333333333333326,0.16129032258064524,0.5
0.34999999999999987,0.2962962962962963,0.8333333333333333,0.046296296296296294,0.8928571428571428,0.1910828025477707,0.5233050847457628,0.42362394535958714,0.5460526315789482,0.5555555555555555,0.19354838709677402,0.5
0.3999999999999999,0.7160493827160493,0.8333333333333333,0.5879629629629629,0.5357142857142857,0.6496815286624205,0.9470338983050847,0.7128967456810003,0.44078947368421106,0.4814814814814813,0.08064516129032251,0.5
0.34999999999999987,0.345679012345679,0.8333333333333333,0.25,0.2500000000000001,0.3694267515923567,0.4597457627118644,0.3657693852953017,0.7960526315789482,0.2592592592592592,0.5322580645161292,0.8333333333333333
1.0,0.5925925925925926,0.8333333333333333,0.046296296296296294,0.625,0.1910828025477707,0.47245762711864403,0.5457613499397453,0.4276315789473686,0.2222222222222222,0.22580645161290325,0.33333333333333326
0.4249999999999998,0.8888888888888888,0.8333333333333333,0.32870370370370366,0.5357142857142857,0.178343949044586,0.6334745762711864,0.5521896343913326,0.4013157894736845,0.2777777777777777,0.11290322580645151,0.5
0.5499999999999998,0.1481481481481482,0.8333333333333333,0.24537037037037035,0.6785714285714285,0.25477707006369427,0.4173728813559322,0.5329047810365637,0.7302631578947376,0.2592592592592592,0.22580645161290325,0.5
1.0,0.22222222222222227,0.8333333333333333,0.018518518518518517,0.4285714285714286,0.5605095541401274,0.47245762711864403,0.3786259541984762,0.37500000000000044,0.5370370370370369,0.403225806451613,0.6666666666666665
0.3999999999999999,0.4444444444444444,0.8333333333333333,0.2685185185185185,0.3928571428571429,0.445859872611465,0.5995762711864406,0.5329047810365637,0.7565789473684217,0.574074074074074,0.27419354838709675,0.5
1.0,0.345679012345679,0.8333333333333333,0.45370370370370366,0.5892857142857143,0.6369426751592357,0.7436440677966102,0.7450381679389366,0.664473684210527,0.40740740740740733,0.35483870967741926,0.5
0.8499999999999996,0.2962962962962963,0.8333333333333333,0.13425925925925924,0.75,0.15286624203821658,0.375,0.3657693852953017,0.5065789473684217,0.2407407407407406,0.5645161290322582,0.5
0.7499999999999998,0.1728395061728395,0.3124999999999999,0.32870370370370366,0.5714285714285714,0.24203821656050956,0.3326271186440678,0.5136199276818019,0.17763157894736858,0.16666666666666663,0.25806451612903225,0.5
0.5249999999999999,0.41975308641975306,0.3124999999999999,0.05555555555555555,0.6785714285714285,0.05095541401273886,0.43008474576271183,0.3786259541984762,0.5592105263157898,0.8888888888888885,0.5483870967741937,0.33333333333333326
0.5749999999999997,0.49382716049382724,0.8333333333333333,0.27314814814814814,0.4642857142857143,0.3312101910828026,0.3877118644067797,0.35291281639213423,0.7960526315789482,0.6666666666666664,0.6774193548387097,0.8333333333333333
0.6499999999999999,0.2716049382716049,0.8333333333333333,0.2824074074074074,0.3928571428571429,0.1656050955414013,0.3834745762711864,0.4300522298111744,0.5197368421052642,0.29629629629629617,0.4838709677419355,0.6666666666666665
0.875,0.41975308641975306,0.8333333333333333,0.75,0.5892857142857143,0.6114649681528663,0.8834745762711864,0.8350341502611585,0.29605263157894735,0.5555555555555555,0.19354838709677402,0.5
0.6749999999999998,0.1481481481481482,1.0,0.046296296296296294,0.3571428571428572,0.24203821656050956,0.451271186440678,0.39791080755323804,0.5986842105263164,0.4259259259259258,0.35483870967741926,0.5
0.7499999999999998,1.0,0.8333333333333333,0.2962962962962963,0.4999999999999999,0.3439490445859873,0.548728813559322,0.5200482121333891,0.5328947368421058,0.20370370370370372,0.3225806451612905,0.33333333333333326
0.8249999999999997,0.09876543209876543,0.8333333333333333,0.027777777777777776,0.4821428571428572,0.5222929936305732,0.5953389830508474,0.4043390920048253,0.4276315789473686,0.4814814814814813,0.27419354838709675,0.5
0.6999999999999997,0.9629629629629628,0.8333333333333333,0.5740740740740741,1.0,0.5095541401273885,0.8495762711864406,0.7514664523905239,0.2039473684210531,0.5370370370370369,0.19354838709677402,0.33333333333333326
0.7749999999999999,0.345679012345679,0.8333333333333333,0.14814814814814814,0.4821428571428572,0.30573248407643316,0.3622881355932203,0.3786259541984762,0.3881578947368429,0.31481481481481477,0.403225806451613,0.33333333333333326
0.3999999999999999,0.345679012345679,0.8333333333333333,0.3194444444444444,0.6964285714285714,0.5095541401273885,0.5572033898305084,0.49433507432704715,0.6118421052631589,0.5555555555555555,0.33870967741935476,0.5
0.6249999999999998,0.2716049382716049,0.8333333333333333,0.6921296296296297,0.7678571428571428,0.6114649681528663,0.48516949152542377,0.8157492969063966,0.8092105263157898,0.2592592592592592,0.17741935483870974,0.6666666666666665
0.8249999999999997,0.5432098765432098,0.8333333333333333,0.5416666666666666,0.6071428571428571,0.6114649681528663,0.527542372881356,0.6421856167135402,0.37500000000000044,0.6481481481481478,0.35483870967741926,0.6666666666666665
0.6749999999999998,0.3950617283950617,0.8333333333333333,0.4074074074074074,0.5892857142857143,0.6114649681528663,0.548728813559322,0.5843310566492548,0.4802631578947376,0.685185185185185,0.403225806451613,0.6666666666666665
0.7499999999999998,0.32098765432098764,0.8333333333333333,0.027777777777777776,0.375,0.22929936305732485,0.336864406779661,0.1857774206508651,0.3223684210526314,0.11111111111111116,0.6612903225806452,0.6666666666666665
0.5749999999999997,0.5432098765432098,0.8333333333333333,0.046296296296296294,0.5357142857142857,0.3694267515923567,0.3411016949152542,0.4557653676175235,0.7828947368421058,0.685185185185185,0.35483870967741926,0.33333333333333326
0.5249999999999999,0.4444444444444444,0.8333333333333333,0.046296296296296294,0.7678571428571428,0.4713375796178344,0.6207627118644068,0.6036159100040308,0.9999999999999996,0.5555555555555555,0.22580645161290325,0.16666666666666663
0.6999999999999997,0.5679012345679012,0.8333333333333333,0.15509259259259262,0.5178571428571428,0.3184713375796179,0.47245762711864403,0.2629168340699053,0.36184210526315885,0.8333333333333331,0.774193548387097,0.6666666666666665
0.3999999999999999,0.8395061728395061,1.0,0.5648148148148148,1.0,0.5859872611464969,0.8029661016949152,0.6871836078746512,0.414473684210527,0.6666666666666664,0.16129032258064524,0.5
0.8499999999999996,0.5185185185185185,0.8333333333333333,0.018518518518518517,0.5178571428571428,0.3439490445859873,0.4173728813559322,0.3657693852953017,0.5723684210526323,0.2592592592592592,0.467741935483871,0.16666666666666663
0.7749999999999999,0.6172839506172839,0.39583333333333326,1.0000000000000002,0.6785714285714285,0.42038216560509556,0.663135593220339,1.000000000000007,0.45394736842105265,0.29629629629629617,0.12903225806451624,0.5
0.44999999999999973,0.9382716049382716,0.8333333333333333,0.3148148148148148,0.6607142857142856,0.21656050955414013,0.6970338983050848,0.5457613499397453,0.4013157894736845,0.29629629629629617,0.16129032258064524,0.33333333333333326
0.7499999999999998,0.49382716049382724,0.8333333333333333,0.032407407407407406,0.5535714285714285,0.3184713375796179,0.5190677966101694,0.41719566090799987,0.37500000000000044,0.685185185185185,0.35483870967741926,0.33333333333333326
0.25,0.1728395061728395,0.8333333333333333,0.023148148148148154,0.5892857142857143,0.24203821656050956,0.3326271186440678,0.37219766974688895,0.5065789473684217,0.4814814814814813,0.19354838709677402,0.33333333333333326
0.7499999999999998,0.7901234567901234,0.8333333333333333,0.3333333333333333,0.8035714285714284,0.40764331210191085,0.6038135593220338,0.6100441944556181,0.5986842105263164,0.6666666666666664,0.5322580645161292,0.5
0.44999999999999973,0.5679012345679012,0.8333333333333333,0.32870370370370366,0.625,0.6369426751592357,0.8495762711864406,0.5971876255524293,0.414473684210527,0.4259259259259258,0.12903225806451624,0.33333333333333326
0.44999999999999973,0.6049382716049383,0.8333333333333333,0.32870370370370366,0.6071428571428571,0.6496815286624205,0.836864406779661,0.5714744877460944,0.46710526315789513,0.33333333333333326,0.20967741935483875,0.33333333333333326
0.44999999999999973,0.4691358024691358,0.8333333333333333,0.3333333333333333,0.6071428571428571,0.7643312101910829,0.836864406779661,0.5650462032945072,0.4802631578947376,0.4259259259259258,0.22580645161290325,0.5
0.47499999999999987,0.4444444444444444,0.8333333333333333,0.35648148148148145,0.5714285714285714,0.6624203821656052,0.7266949152542372,0.5329047810365637,0.5592105263157898,0.33333333333333326,0.370967741935484,0.5
0.47499999999999987,0.32098765432098764,0.8333333333333333,0.037037037037037035,0.5714285714285714,0.356687898089172,0.4004237288135593,0.27577340297307984,0.15131578947368451,0.37037037037037024,0.4516129032258067,0.6666666666666665
0.8249999999999997,0.49382716049382724,0.7708333333333333,0.6851851851851851,0.7857142857142856,0.3821656050955414,0.6673728813559322,0.8543190036159203,0.6118421052631589,0.6666666666666664,0.16129032258064524,0.16666666666666663
0.4249999999999998,0.12345679012345678,0.5833333333333333,0.018518518518518517,0.375,0.5859872611464969,0.4004237288135593,0.2564885496183251,0.7960526315789482,0.5370370370370369,0.5645161290322582,0.8333333333333333
0.7499999999999998,0.9012345679012346,0.9791666666666665,0.018518518518518517,0.4464285714285715,0.07643312101910829,0.2733050847457627,0.4300522298111744,0.5855263157894739,0.38888888888888873,0.4516129032258067,0.33333333333333326
1.0,0.7654320987654321,0.5208333333333333,0.24537037037037035,0.7142857142857142,0.39490445859872614,0.4597457627118644,0.3593411008437215,0.19078947368421106,0.5370370370370369,0.6129032258064517,0.5
0.7749999999999999,0.24691358024691357,0.4999999999999999,0.027777777777777776,0.3214285714285715,0.22929936305732485,0.22245762711864409,0.32719967858577803,0.414473684210527,0.29629629629629617,0.403225806451613,0.6666666666666665
0.5749999999999997,0.5679012345679012,0.6041666666666665,0.027777777777777776,0.375,0.10191082802547771,0.44279661016949157,0.3400562474889526,0.44078947368421106,0.40740740740740733,0.306451612903226,0.5
0.7499999999999998,0.3950617283950617,0.18749999999999992,0.2824074074074074,0.5535714285714285,0.39490445859872614,0.5953389830508474,0.590759341100842,0.5197368421052642,0.6296296296296297,0.2903225806451615,0.5
0.5499999999999998,0.6666666666666666,0.4374999999999999,0.27314814814814814,0.23214285714285726,0.3184713375796179,0.2860169491525424,0.41719566090799987,0.7828947368421058,0.37037037037037024,0.5483870967741937,0.6666666666666665
0.44999999999999973,0.4444444444444444,0.45833333333333326,0.19444444444444442,1.0,0.4968152866242038,0.6292372881355932,0.5136199276818019,0.5197368421052642,0.29629629629629617,0.20967741935483875,0.33333333333333326
0.44999999999999973,0.4691358024691358,0.45833333333333326,0.21759259259259256,1.0,0.42038216560509556,0.6080508474576272,0.5136199276818019,0.5197368421052642,0.29629629629629617,0.20967741935483875,0.33333333333333326
0.4999999999999998,0.345679012345679,0.4166666666666665,0.38425925925925924,0.5535714285714285,1.0,0.7139830508474576,0.5393330654881581,0.6513157894736845,0.40740740740740733,0.370967741935484,0.5
0.34999999999999987,0.4691358024691358,0.47916666666666663,0.37962962962962965,0.5714285714285714,0.802547770700637,0.8665254237288136,0.5779027721976817,0.4802631578947376,0.4629629629629628,0.14516129032258074,0.33333333333333326
0.6249999999999998,0.37037037037037035,0.5833333333333333,0.05555555555555555,0.3035714285714286,0.7388535031847134,0.5783898305084746,0.3143431096826035,0.4013157894736845,0.2407407407407406,0.5,0.5
0.34999999999999987,0.5432098765432098,0.2291666666666666,0.27777777777777773,0.5357142857142857,0.5095541401273885,0.6377118644067796,0.46862193652069095,0.7302631578947376,0.4259259259259258,0.3870967741935485,0.5
0.3999999999999999,0.6666666666666666,0.2291666666666666,0.2361111111111111,0.3392857142857144,0.20382165605095542,0.413135593220339,0.46862193652069095,0.6907894736842111,0.38888888888888873,0.33870967741935476,0.33333333333333326
0.6999999999999997,0.5925925925925926,0.5208333333333333,0.8217592592592593,0.6964285714285714,0.535031847133758,0.7521186440677966,0.8800321414222552,0.5460526315789482,0.611111111111111,0.16129032258064524,0.33333333333333326
0.3749999999999998,0.5679012345679012,0.4374999999999999,0.4351851851851851,0.5535714285714285,0.5987261146496816,0.815677966101695,0.5843310566492548,0.9999999999999996,0.611111111111111,0.6290322580645162,0.5
0.5999999999999999,0.41975308641975306,0.39583333333333326,0.6388888888888888,0.7142857142857142,0.6751592356687899,0.7860169491525424,0.7386098834873494,0.414473684210527,0.29629629629629617,0.16129032258064524,0.6666666666666665
0.6249999999999998,0.4444444444444444,0.4999999999999999,0.7986111111111112,0.6071428571428571,0.5031847133757962,0.7436440677966102,0.8286058658095712,0.3355263157894739,0.40740740740740733,0.17741935483870974,0.6666666666666665
0.6499999999999999,0.4444444444444444,0.5833333333333333,0.4074074074074074,0.5714285714285714,0.5095541401273885,0.5402542372881356,0.7128967456810003,0.861842105263158,0.9259259259259257,0.3225806451612905,0.33333333333333326
0.47499999999999987,0.41975308641975306,0.35416666666666663,0.04398148148148148,0.4642857142857143,1.0,0.8326271186440678,0.5007633587786344,0.9802631578947376,0.759259259259259,0.22580645161290325,0.0
0.5749999999999997,0.19753086419753085,0.33333333333333326,0.032407407407407406,0.3392857142857144,0.3312101910828026,0.43855932203389825,0.2822016874246742,0.6118421052631589,0.611111111111111,0.5483870967741937,0.5
1.0,0.8641975308641974,0.4374999999999999,0.04166666666666667,0.625,0.06369426751592358,0.6588983050847458,0.5136199276818019,0.4013157894736845,0.4259259259259258,0.27419354838709675,0.16666666666666663
0.5499999999999998,0.3950617283950617,0.4374999999999999,0.16666666666666669,0.4464285714285715,0.4968152866242038,0.8199152542372882,0.3593411008437215,0.6250000000000004,0.4999999999999999,0.6129032258064517,0.5
0.47499999999999987,0.45679012345679015,0.27083333333333326,0.3703703703703703,0.5892857142857143,0.6624203821656052,0.7563559322033898,0.5393330654881581,0.5855263157894739,0.35185185185185175,0.35483870967741926,0.33333333333333326
0.7249999999999999,0.09876543209876543,0.47916666666666663,0.037037037037037035,0.8035714285714284,0.5732484076433121,0.5529661016949152,0.5200482121333891,0.7434210526315792,0.37037037037037024,0.19354838709677402,0.5
0.5999999999999999,0.32098765432098764,0.4999999999999999,0.11111111111111112,0.375,0.42038216560509556,0.47669491525423724,0.3657693852953017,0.5855263157894739,0.33333333333333326,0.4838709677419355,0.5
0.9249999999999998,0.5925925925925926,0.5624999999999999,0.662037037037037,0.4642857142857143,0.5732484076433121,0.722457627118644,0.7128967456810003,0.36184210526315885,0.16666666666666663,0.3225806451612905,0.5
0.5249999999999999,0.24691358024691357,0.4374999999999999,0.06481481481481481,0.4107142857142857,0.4713375796178344,0.722457627118644,0.27577340297307984,0.6776315789473686,0.2777777777777777,0.6774193548387097,0.5
0.3749999999999998,0.4444444444444444,0.4166666666666665,0.07407407407407408,0.4999999999999999,0.42038216560509556,0.6588983050847458,0.30148654077943604,0.7565789473684217,0.38888888888888873,0.5806451612903225,0.5
0.47499999999999987,0.4444444444444444,0.4374999999999999,0.05555555555555555,0.4999999999999999,0.29299363057324845,0.43008474576271183,0.46862193652069095,0.8355263157894739,0.722222222222222,0.35483870967741926,0.5
0.7749999999999999,0.5185185185185185,0.5624999999999999,0.48611111111111105,0.3214285714285715,0.5222929936305732,0.798728813559322,0.6293290478103799,0.44078947368421106,0.4444444444444443,0.370967741935484,0.33333333333333326
0.4249999999999998,0.4691358024691358,0.20833333333333323,0.16666666666666669,0.5535714285714285,0.05095541401273886,0.4004237288135593,0.5393330654881581,0.5855263157894739,0.2407407407407406,0.09677419354838701,0.16666666666666663
0.47499999999999987,0.6172839506172839,0.6874999999999999,0.2685185185185185,0.7678571428571428,0.3184713375796179,0.5572033898305084,0.5329047810365637,0.46710526315789513,0.40740740740740733,0.25806451612903225,0.33333333333333326
0.47499999999999987,0.5679012345679012,0.6874999999999999,0.2685185185185185,0.75,0.29299363057324845,0.5444915254237288,0.5393330654881581,0.46710526315789513,0.4259259259259258,0.25806451612903225,0.33333333333333326
0.44999999999999973,0.41975308641975306,0.45833333333333326,0.04166666666666667,0.3571428571428572,0.3821656050955414,0.4555084745762712,0.32077139413419076,0.7960526315789482,0.4629629629629628,0.5322580645161292,0.5
0.3999999999999999,0.3950617283950617,0.27083333333333326,0.04166666666666667,0.4107142857142857,0.4585987261146497,0.5826271186440678,0.4043390920048253,0.7960526315789482,0.611111111111111,0.306451612903226,0.5
0.4999999999999998,0.4444444444444444,0.4166666666666665,0.7569444444444443,0.7321428571428571,0.5859872611464969,0.6758474576271186,0.8157492969063966,0.8486842105263164,0.33333333333333326,0.25806451612903225,0.33333333333333326
0.5499999999999998,1.0,0.35416666666666663,0.050925925925925916,0.6428571428571428,0.29299363057324845,0.5995762711864406,0.4814785054238726,0.7302631578947376,0.7037037037037034,0.4193548387096775,0.16666666666666663
0.4999999999999998,0.345679012345679,0.4374999999999999,0.6018518518518517,0.7142857142857142,0.6114649681528663,0.6800847457627118,0.7257533145841748,0.8355263157894739,0.31481481481481477,0.2903225806451615,0.33333333333333326
0.8249999999999997,0.5679012345679012,0.3124999999999999,0.046296296296296294,0.3035714285714286,0.10191082802547771,0.20127118644067798,0.3400562474889526,0.36184210526315885,0.4629629629629628,0.403225806451613,0.33333333333333326
0.5499999999999998,0.2962962962962963,0.4374999999999999,0.2546296296296296,0.3928571428571429,0.3694267515923567,0.4258474576271186,0.4364805142627617,0.5723684210526323,0.5370370370370369,0.4516129032258067,0.33333333333333326
0.7749999999999999,0.24691358024691357,0.5833333333333333,0.11111111111111112,0.8214285714285714,0.29299363057324845,0.6716101694915254,0.5071916432302217,0.5460526315789482,0.5370370370370369,0.3225806451612905,0.5
0.44999999999999973,0.6419753086419754,0.375,0.25925925925925924,0.7857142857142856,0.267515923566879,0.4936440677966102,0.5521896343913326,0.6513157894736845,0.4999999999999999,0.33870967741935476,0.5
0.4999999999999998,0.5432098765432098,0.3124999999999999,0.27777777777777773,1.0,0.42038216560509556,0.4088983050847458,0.5264764965849764,0.3486842105263164,0.4814814814814813,0.22580645161290325,0.33333333333333326
0.4249999999999998,0.24691358024691357,0.5208333333333333,0.046296296296296294,0.4464285714285715,0.5222929936305732,0.5444915254237288,0.2629168340699053,0.6776315789473686,0.685185185185185,0.5645161290322582,0.8333333333333333
0.5499999999999998,0.32098765432098764,0.45833333333333326,0.25,0.5535714285714285,0.3439490445859873,0.375,0.4364805142627617,0.5986842105263164,0.5185185185185184,0.4516129032258067,0.5
0.4999999999999998,0.4691358024691358,0.47916666666666663,0.04166666666666667,0.5178571428571428,0.21656050955414013,0.5190677966101694,0.32077139413419076,0.3881578947368429,0.38888888888888873,0.306451612903226,0.5
1.0,0.2962962962962963,0.4999999999999999,0.050925925925925916,0.625,0.3312101910828026,0.6716101694915254,0.5329047810365637,0.46710526315789513,0.38888888888888873,0.16129032258064524,0.16666666666666663
0.25,0.37037037037037035,0.375,0.05555555555555555,0.4999999999999999,0.28025477707006374,0.2097457627118644,0.39791080755323804,0.7565789473684217,0.16666666666666663,0.22580645161290325,0.5
0.6999999999999997,0.2962962962962963,0.6249999999999999,0.09259259259259259,0.5178571428571428,0.356687898089172,0.6800847457627118,0.44933708316593624,0.861842105263158,0.40740740740740733,0.4516129032258067,0.6666666666666665
0.8499999999999996,0.1728395061728395,0.8124999999999998,0.09722222222222222,0.6607142857142856,0.28025477707006374,0.722457627118644,0.5071916432302217,0.914473684210527,0.4259259259259258,0.467741935483871,0.6666666666666665
0.6749999999999998,0.7901234567901234,1.0,0.8749999999999999,0.4642857142857143,0.39490445859872614,0.5444915254237288,0.6807553234230639,0.5723684210526323,0.29629629629629617,0.6451612903225807,0.5
0.5499999999999998,0.12345679012345678,0.4374999999999999,0.20370370370370366,0.7321428571428571,0.3694267515923567,0.43432203389830504,0.47505022097228533,0.8750000000000004,0.37037037037037024,0.403225806451613,0.5
0.5249999999999999,0.22222222222222227,0.27083333333333326,0.18518518518518517,0.8749999999999998,0.6751592356687899,0.5614406779661016,0.5200482121333891,0.6381578947368429,0.2777777777777777,0.20967741935483875,0.5
0.5499999999999998,0.5432098765432098,0.47916666666666663,0.2685185185185185,0.3392857142857144,0.3312101910828026,0.3283898305084746,0.3400562474889526,0.5592105263157898,0.40740740740740733,0.6129032258064517,0.5
0.6999999999999997,0.9012345679012346,0.7291666666666665,0.6435185185185185,0.5357142857142857,0.8407643312101911,0.815677966101695,0.7386098834873494,0.8881578947368429,0.2592592592592592,0.3225806451612905,0.5
0.6749999999999998,0.345679012345679,0.4999999999999999,0.2824074074074074,0.375,0.5477707006369427,0.5021186440677966,0.4364805142627617,0.5197368421052642,0.8518518518518517,0.5483870967741937,0.5
1.0,0.37037037037037035,0.4374999999999999,0.023148148148148154,0.2857142857142858,0.4840764331210191,0.336864406779661,0.37219766974688895,0.17763157894736858,0.14814814814814803,0.3870967741935485,0.5
0.9749999999999996,0.6419753086419754,0.7708333333333333,0.611111111111111,0.7142857142857142,0.8407643312101911,0.7563559322033898,0.7514664523905239,0.7302631578947376,0.2777777777777777,0.24193548387096775,0.5
0.44999999999999973,1.0,0.0,0.08796296296296295,0.2857142857142858,0.5859872611464969,0.3877118644067797,0.22434712736038875,0.44078947368421106,0.18518518518518512,0.6290322580645162,0.33333333333333326
0.8249999999999997,0.5432098765432098,0.45833333333333326,0.023148148148148154,0.4642857142857143,0.5987261146496816,0.43855932203389825,0.27577340297307984,0.24342105263157965,0.4259259259259258,0.5,0.5
0.5249999999999999,0.19753086419753085,0.4374999999999999,0.41666666666666663,0.75,0.6114649681528663,0.701271186440678,0.6871836078746512,0.7697368421052642,0.29629629629629617,0.25806451612903225,0.5
0.7999999999999998,0.5925925925925926,0.5624999999999999,0.18518518518518517,0.4821428571428572,0.6878980891719746,0.6716101694915254,0.3657693852953017,0.6381578947368429,0.4629629629629628,0.6451612903225807,0.5
0.32499999999999973,0.345679012345679,0.29166666666666663,0.11574074074074074,0.6607142857142856,0.1656050955414013,0.3580508474576271,0.49433507432704715,0.44078947368421106,0.37037037037037024,0.11290322580645151,0.33333333333333326
0.6749999999999998,0.1728395061728395,0.6041666666666665,0.05555555555555555,0.6964285714285714,0.21656050955414013,0.3453389830508475,0.4814785054238726,0.5723684210526323,0.40740740740740733,0.3225806451612905,0.33333333333333326
0.8999999999999999,0.5185185185185185,0.4166666666666665,0.020833333333333336,0.3035714285714286,0.025477707006369428,0.1504237288135593,0.2372036962635633,0.13815789473684248,0.18518518518518512,0.5483870967741937,0.16666666666666663
0.44999999999999973,0.7160493827160493,0.7916666666666665,0.27314814814814814,0.8214285714285714,0.267515923566879,0.5529661016949152,0.5329047810365637,0.44078947368421106,0.4259259259259258,0.25806451612903225,0.5
0.7249999999999999,0.7407407407407407,0.6458333333333333,0.06481481481481481,0.4107142857142857,0.3312101910828026,0.5614406779661016,0.22434712736038875,0.4934210526315792,0.18518518518518512,0.7903225806451615,0.5
0.3749999999999998,0.41975308641975306,0.29166666666666663,0.662037037037037,0.4285714285714286,0.5732484076433121,0.5190677966101694,0.6389714744877537,0.44078947368421106,0.2407407407407406,0.27419354838709675,0.5
0.875,0.5432098765432098,0.5624999999999999,0.4351851851851851,0.4821428571428572,0.39490445859872614,0.6334745762711864,0.7128967456810003,0.5592105263157898,0.5370370370370369,0.20967741935483875,0.5
0.44999999999999973,0.345679012345679,1.0,0.023148148148148154,1.0,0.6369426751592357,0.4936440677966102,0.39148252310165077,0.3881578947368429,0.14814814814814803,0.17741935483870974,0.33333333333333326
0.32499999999999973,0.6419753086419754,0.45833333333333326,0.5277777777777778,0.6785714285714285,0.5605095541401274,0.9258474576271186,0.6807553234230639,0.46710526315789513,0.4814814814814813,0.09677419354838701,0.33333333333333326
0.6749999999999998,0.345679012345679,0.4166666666666665,0.19444444444444442,0.625,0.39490445859872614,0.2860169491525424,0.44290879871434896,0.44078947368421106,0.37037037037037024,0.306451612903226,0.33333333333333326
0.7999999999999998,0.4691358024691358,0.3124999999999999,0.027777777777777776,0.5178571428571428,0.22929936305732485,0.3495762711864407,0.37219766974688895,0.6250000000000004,0.37037037037037024,0.467741935483871,0.33333333333333326
0.32499999999999973,0.22222222222222227,0.375,0.04166666666666667,0.7321428571428571,0.5477707006369427,0.489406779661017,0.3400562474889526,0.5197368421052642,0.38888888888888873,0.35483870967741926,0.5
0.6499999999999999,0.24691358024691357,0.4374999999999999,0.45370370370370366,0.5357142857142857,0.535031847133758,0.6546610169491526,0.6100441944556181,0.4013157894736845,0.6481481481481478,0.27419354838709675,0.5
0.47499999999999987,0.19753086419753085,0.39583333333333326,0.08796296296296295,0.5535714285714285,0.4840764331210191,0.565677966101695,0.32077139413419076,0.7565789473684217,0.5370370370370369,0.5483870967741937,0.6666666666666665
0.32499999999999973,0.4320987654320988,0.7291666666666665,0.5416666666666666,0.5357142857142857,0.6496815286624205,0.7521186440677966,0.6164724789072054,0.5723684210526323,0.5925925925925924,0.24193548387096775,0.5
0.6499999999999999,0.37037037037037035,0.33333333333333326,0.037037037037037035,0.6071428571428571,0.5222929936305732,0.5148305084745762,0.4043390920048253,0.8092105263157898,0.5925925925925924,0.35483870967741926,0.6666666666666665
0.3999999999999999,0.19753086419753085,0.39583333333333326,0.07407407407407408,0.4821428571428572,0.39490445859872614,0.3114406779661017,0.27577340297307984,0.664473684210527,0.38888888888888873,0.5,0.5
0.47499999999999987,0.4691358024691358,0.33333333333333326,0.34259259259259256,0.6785714285714285,0.6624203821656052,0.7733050847457628,0.5779027721976817,0.5460526315789482,0.38888888888888873,0.20967741935483875,0.33333333333333326
0.5249999999999999,0.5185185185185185,0.29166666666666663,0.3703703703703703,0.7321428571428571,0.6878980891719746,0.8283898305084746,0.6164724789072054,0.4802631578947376,0.40740740740740733,0.12903225806451624,0.33333333333333326
1.0,0.32098765432098764,0.39583333333333326,0.027777777777777776,0.4107142857142857,0.12738853503184716,0.1419491525423729,0.35291281639213423,0.0,0.4444444444444443,0.4193548387096775,0.33333333333333326
0.44999999999999973,1.0,0.2291666666666666,0.37499999999999994,0.5535714285714285,1.0,0.8665254237288136,0.574688629971881,0.4802631578947376,0.40740740740740733,0.20967741935483875,0.33333333333333326
0.3999999999999999,0.49382716049382724,0.20833333333333323,0.2222222222222222,0.4821428571428572,0.8280254777070064,0.684322033898305,0.4654077942948973,0.664473684210527,0.2407407407407406,0.35483870967741926,0.5
0.7999999999999998,0.5432098765432098,0.39583333333333326,0.2361111111111111,0.5178571428571428,0.3694267515923567,0.44279661016949157,0.49433507432704715,0.46710526315789513,0.5370370370370369,0.35483870967741926,0.5
0.3999999999999999,0.22222222222222227,0.375,0.04166666666666667,0.3928571428571429,0.22929936305732485,0.3326271186440678,0.2886299718762615,0.861842105263158,0.37037037037037024,0.4838709677419355,0.6666666666666665
0.6249999999999998,0.32098765432098764,0.4374999999999999,0.47685185185185186,0.3928571428571429,0.20382165605095542,0.3919491525423729,0.635757332261953,0.7828947368421058,0.5185185185185184,0.25806451612903225,0.5
0.44999999999999973,0.5925925925925926,0.35416666666666663,0.32870370370370366,0.6964285714285714,0.6878980891719746,0.8029661016949152,0.5779027721976817,0.4802631578947376,0.4259259259259258,0.12903225806451624,0.33333333333333326
0.6499999999999999,0.5925925925925926,0.27083333333333326,0.050925925925925916,0.6428571428571428,0.6114649681528663,0.6758474576271186,0.5393330654881581,0.6250000000000004,0.8703703703703701,0.14516129032258074,0.33333333333333326
0.44999999999999973,0.7160493827160493,0.0,0.037037037037037035,0.5892857142857143,0.713375796178344,0.527542372881356,0.32719967858577803,0.4802631578947376,0.29629629629629617,0.3225806451612905,0.33333333333333326
0.7249999999999999,0.8641975308641974,0.39583333333333326,0.18055555555555552,0.5535714285714285,0.39490445859872614,0.3495762711864407,0.30148654077943604,0.46710526315789513,0.6296296296296297,0.6774193548387097,0.6666666666666665
0.7499999999999998,0.7654320987654321,0.35416666666666663,0.4305555555555555,0.7857142857142856,0.39490445859872614,0.684322033898305,0.5393330654881581,0.3092105263157898,0.37037037037037024,0.467741935483871,0.5
0.4249999999999998,0.24691358024691357,0.35416666666666663,0.037037037037037035,0.4642857142857143,0.4840764331210191,0.5148305084745762,0.44933708316593624,0.7039473684210527,0.9259259259259257,0.24193548387096775,0.5
0.7499999999999998,0.7901234567901234,0.35416666666666663,0.412037037037037,0.7857142857142856,0.3821656050955414,0.6716101694915254,0.5393330654881581,0.3092105263157898,0.38888888888888873,0.467741935483871,0.5
0.5249999999999999,0.2716049382716049,0.39583333333333326,0.11111111111111112,0.6964285714285714,0.39490445859872614,0.336864406779661,0.3400562474889526,0.46710526315789513,0.33333333333333326,0.4516129032258067,0.5
0.7249999999999999,1.0,1.0,0.8796296296296297,0.2678571428571429,0.3312101910828026,0.489406779661017,0.6550421856167148,0.5723684210526323,0.33333333333333326,0.6451612903225807,0.5
0.44999999999999973,0.41975308641975306,0.5416666666666665,0.6203703703703703,0.9642857142857142,0.5095541401273885,0.6080508474576272,0.7643230212936984,0.9934210526315792,0.4629629629629628,0.2903225806451615,0.33333333333333326
0.3999999999999999,0.1728395061728395,0.5624999999999999,0.05555555555555555,0.3392857142857144,0.5222929936305732,0.5529661016949152,0.32719967858577803,0.8092105263157898,0.8703703703703701,0.4838709677419355,0.8333333333333333
0.8999999999999999,0.22222222222222227,0.45833333333333326,0.2222222222222222,0.6607142857142856,0.5732484076433121,0.5529661016949152,0.5264764965849764,0.5723684210526323,0.29629629629629617,0.2903225806451615,0.33333333333333326
0.32499999999999973,0.5925925925925926,0.5833333333333333,0.05555555555555555,0.6428571428571428,0.14012738853503187,0.7648305084745762,0.47505022097228533,0.9013157894736854,0.40740740740740733,0.403225806451613,0.16666666666666663
0.9249999999999998,0.32098765432098764,0.35416666666666663,0.4004629629629629,0.3392857142857144,0.9044585987261147,0.5190677966101694,0.47505022097228533,0.3223684210526314,0.2777777777777777,0.5483870967741937,0.5
0.9749999999999996,0.9135802469135803,0.6458333333333333,0.04166666666666667,0.9285714285714284,0.1910828025477707,0.3411016949152542,0.5521896343913326,0.6118421052631589,0.6481481481481478,0.33870967741935476,0.5
0.47499999999999987,0.3950617283950617,0.4166666666666665,0.287037037037037,0.4107142857142857,0.6624203821656052,0.4555084745762712,0.39148252310165077,0.6907894736842111,0.4444444444444443,0.5806451612903225,0.6666666666666665
0.6499999999999999,0.6172839506172839,0.35416666666666663,0.09259259259259259,0.4464285714285715,0.3439490445859873,0.4046610169491525,0.26934511852149257,0.3486842105263164,0.5555555555555555,0.6129032258064517,0.6666666666666665
0.5999999999999999,0.4444444444444444,0.4374999999999999,0.06944444444444445,0.3214285714285715,0.6114649681528663,0.586864406779661,0.24363198071515058,0.6907894736842111,0.38888888888888873,0.6612903225806452,0.6666666666666665
0.8499999999999996,0.691358024691358,0.4166666666666665,0.324074074074074,0.3571428571428572,0.445859872611465,0.43432203389830504,0.4364805142627617,0.46710526315789513,0.2222222222222222,0.6451612903225807,0.33333333333333326
0.7499999999999998,0.2962962962962963,0.3124999999999999,0.046296296296296294,0.1964285714285715,0.30573248407643316,0.7182203389830508,0.25006026516673785,0.36184210526315885,0.9629629629629627,0.6612903225806452,0.6666666666666665
1.0,0.19753086419753085,0.4374999999999999,0.037037037037037035,0.4821428571428572,0.30573248407643316,0.663135593220339,0.5329047810365637,0.45394736842105265,0.4444444444444443,0.17741935483870974,0.33333333333333326
0.3999999999999999,0.6172839506172839,0.3124999999999999,0.046296296296296294,0.6964285714285714,0.29299363057324845,0.413135593220339,0.4621936520691037,0.7302631578947376,0.5185185185185184,0.20967741935483875,0.33333333333333326
0.7499999999999998,0.345679012345679,0.5624999999999999,0.037037037037037035,0.7321428571428571,0.24203821656050956,0.565677966101695,0.3786259541984762,0.5197368421052642,0.574074074074074,0.3870967741935485,0.5
0.6499999999999999,0.6666666666666666,0.45833333333333326,0.8032407407407407,0.8392857142857142,0.5095541401273885,0.7097457627118644,0.8414624347127457,0.6118421052631589,0.7777777777777776,0.17741935483870974,0.33333333333333326
0.44999999999999973,0.7160493827160493,0.3124999999999999,0.06481481481481481,0.8749999999999998,0.267515923566879,0.4258474576271186,0.4814785054238726,0.6776315789473686,0.5925925925925924,0.22580645161290325,0.33333333333333326
0.47499999999999987,0.7160493827160493,0.6666666666666665,0.26388888888888884,0.8214285714285714,0.25477707006369427,0.548728813559322,0.5264764965849764,0.46710526315789513,0.4629629629629628,0.25806451612903225,0.5
0.5749999999999997,0.7160493827160493,0.47916666666666663,0.037037037037037035,0.3928571428571429,0.3184713375796179,0.451271186440678,0.30148654077943604,0.5065789473684217,0.7407407407407406,0.6451612903225807,0.33333333333333326
0.5249999999999999,0.41975308641975306,0.375,0.3912037037037037,0.4285714285714286,0.445859872611465,0.4597457627118644,0.41719566090799987,0.6118421052631589,0.2222222222222222,0.5322580645161292,0.8333333333333333
0.4999999999999998,0.37037037037037035,0.4166666666666665,0.6851851851851851,1.0,0.6878980891719746,0.6504237288135594,0.7257533145841748,0.3355263157894739,0.35185185185185175,0.11290322580645151,0.5
0.3999999999999999,0.4444444444444444,0.24999999999999992,0.3009259259259259,0.4464285714285715,0.42038216560509556,0.6038135593220338,0.5457613499397453,0.7697368421052642,0.6666666666666664,0.306451612903226,0.5
0.6999999999999997,0.5432098765432098,0.27083333333333326,0.44444444444444436,0.6071428571428571,0.7006369426751593,0.7266949152542372,0.6100441944556181,0.36184210526315885,0.33333333333333326,0.20967741935483875,0.5
1.0,0.19753086419753085,0.29166666666666663,0.046296296296296294,0.4821428571428572,0.15286624203821658,0.20127118644067798,0.4557653676175235,0.3486842105263164,0.18518518518518512,0.24193548387096775,0.33333333333333326
0.6749999999999998,0.6172839506172839,0.6249999999999999,0.5462962962962963,0.8928571428571428,0.3439490445859873,0.4216101694915254,0.6614704700683021,0.46710526315789513,0.31481481481481477,0.22580645161290325,0.33333333333333326
0.6999999999999997,0.7407407407407407,0.2291666666666666,0.1296296296296296,0.5535714285714285,0.089171974522293,0.4088983050847458,0.46862193652069095,0.45394736842105265,0.35185185185185175,0.22580645161290325,0.33333333333333326
1.0,0.2962962962962963,0.7083333333333331,0.6666666666666666,0.6785714285714285,0.7388535031847134,0.6970338983050848,0.8800321414222552,0.6250000000000004,0.9999999999999999,0.12903225806451624,0.5
0.44999999999999973,0.691358024691358,0.24999999999999992,0.04166666666666667,0.6071428571428571,0.4713375796178344,0.6970338983050848,0.3657693852953017,0.4934210526315792,0.35185185185185175,0.306451612903226,0.5
0.19999999999999996,0.9382716049382716,0.3124999999999999,0.19444444444444442,0.4821428571428572,0.28025477707006374,0.22245762711864409,0.2372036962635633,0.6381578947368429,0.2777777777777777,0.741935483870968,0.5
0.5999999999999999,0.1728395061728395,0.6041666666666665,0.027777777777777776,0.4107142857142857,0.20382165605095542,0.3834745762711864,0.29505825632784877,0.5065789473684217,0.38888888888888873,0.5,0.5
0.8499999999999996,0.8395061728395061,0.4166666666666665,0.16203703703703703,0.2678571428571429,0.3694267515923567,0.3411016949152542,0.2564885496183251,0.2565789473684217,0.18518518518518512,0.774193548387097,0.6666666666666665
0.4999999999999998,0.5432098765432098,0.5416666666666665,0.10185185185185185,0.4107142857142857,0.10191082802547771,0.6122881355932204,0.2629168340699053,0.37500000000000044,0.574074074074074,0.6451612903225807,0.5
0.47499999999999987,0.4691358024691358,0.4374999999999999,0.6157407407407407,0.2500000000000001,0.40764331210191085,0.47245762711864403,0.5264764965849764,0.7302631578947376,0.5185185185185184,0.6451612903225807,0.6666666666666665
0.5999999999999999,1.0,0.0,0.009259259259259259,0.3392857142857144,0.5605095541401274,0.4004237288135593,0.39148252310165077,0.5065789473684217,0.2222222222222222,0.19354838709677402,0.16666666666666663
0.2999999999999998,0.4444444444444444,0.4166666666666665,0.018518518518518517,0.3035714285714286,0.3184713375796179,0.3241525423728814,0.16006428284452312,0.7565789473684217,0.40740740740740733,0.6935483870967745,0.5
0.4999999999999998,0.6172839506172839,0.39583333333333326,0.027777777777777776,0.3035714285714286,0.4585987261146497,0.47245762711864403,0.1150662916834051,0.5065789473684217,0.35185185185185175,0.806451612903226,0.5
0.6499999999999999,0.5185185185185185,0.45833333333333326,0.050925925925925916,0.3571428571428572,0.267515923566879,0.3834745762711864,0.35291281639213423,0.3486842105263164,0.29629629629629617,0.467741935483871,0.33333333333333326
0.6249999999999998,0.2716049382716049,0.3124999999999999,0.26388888888888884,0.6964285714285714,0.40764331210191085,0.896186440677966,0.5971876255524293,0.7302631578947376,0.5925925925925924,0.3225806451612905,0.5
0.4249999999999998,0.5925925925925926,0.06249999999999992,0.5046296296296295,0.3214285714285715,0.42038216560509556,0.6165254237288136,0.6614704700683021,0.5460526315789482,0.18518518518518512,0.16129032258064524,0.33333333333333326
0.5749999999999997,0.5925925925925926,0.6458333333333333,0.04166666666666667,0.3392857142857144,0.14012738853503187,0.2733050847457627,0.46862193652069095,0.8092105263157898,0.7037037037037034,0.3870967741935485,0.33333333333333326
0.6249999999999998,0.22222222222222227,0.29166666666666663,0.26388888888888884,0.6428571428571428,0.42038216560509556,0.934322033898305,0.590759341100842,0.7302631578947376,0.5925925925925924,0.3225806451612905,0.5
0.7249999999999999,0.8888888888888888,0.3124999999999999,0.4907407407407407,0.2857142857142858,0.4968152866242038,0.625,0.49433507432704715,0.414473684210527,0.38888888888888873,0.5322580645161292,0.6666666666666665
0.6499999999999999,1.0,0.3124999999999999,0.6712962962962963,0.2678571428571429,0.40764331210191085,0.565677966101695,0.5264764965849764,0.4276315789473686,0.5370370370370369,0.6451612903225807,0.6666666666666665
0.3999999999999999,0.32098765432098764,0.4374999999999999,0.23148148148148145,0.5178571428571428,0.5222929936305732,0.5953389830508474,0.5007633587786344,0.9999999999999996,0.35185185185185175,0.4193548387096775,0.5
0.7999999999999998,1.0,0.6874999999999999,0.5555555555555555,1.0,0.445859872611465,0.8199152542372882,0.7514664523905239,0.24342105263157965,0.6296296296296297,0.20967741935483875,0.33333333333333326
0.5499999999999998,0.2716049382716049,0.29166666666666663,0.2361111111111111,1.0,0.3184713375796179,0.3580508474576271,0.5329047810365637,0.3092105263157898,0.5925925925925924,0.22580645161290325,0.5
0.5999999999999999,0.3950617283950617,0.4166666666666665,0.07407407407407408,0.3928571428571429,0.445859872611465,0.3495762711864407,0.3143431096826035,0.6118421052631589,0.7777777777777776,0.4838709677419355,0.6666666666666665
0.4249999999999998,0.6419753086419754,0.5624999999999999,0.4814814814814814,0.6607142857142856,0.6496815286624205,0.9639830508474577,0.7257533145841748,0.8355263157894739,0.611111111111111,0.20967741935483875,0.5
0.5249999999999999,0.24691358024691357,0.4999999999999999,0.018518518518518517,0.6964285714285714,0.28025477707006374,0.6122881355932204,0.35291281639213423,0.8092105263157898,0.5370370370370369,0.403225806451613,0.33333333333333326
0.8499999999999996,0.24691358024691357,0.45833333333333326,0.5185185185185185,0.4285714285714286,1.0,0.9724576271186441,0.6743270389714908,0.3486842105263164,0.5555555555555555,0.24193548387096775,0.5
0.875,0.49382716049382724,0.7499999999999999,0.3333333333333333,0.7857142857142856,0.3821656050955414,0.5063559322033898,0.6486139011651275,0.6907894736842111,0.9999999999999999,0.5161290322580645,0.5
0.32499999999999973,0.6419753086419754,0.7708333333333333,0.18981481481481483,0.2500000000000001,0.24203821656050956,0.3156779661016949,0.25006026516673785,0.6381578947368429,0.7407407407407406,0.6935483870967745,0.5
0.6499999999999999,0.8888888888888888,0.2291666666666666,0.5046296296296295,0.6071428571428571,0.535031847133758,0.5826271186440678,0.7000401767778257,0.6118421052631589,0.40740740740740733,0.16129032258064524,0.33333333333333326
0.6999999999999997,0.4444444444444444,1.0,0.33796296296296297,0.4642857142857143,0.7643312101910829,0.6800847457627118,0.6100441944556181,0.3486842105263164,0.29629629629629617,0.16129032258064524,0.33333333333333326
0.9749999999999996,1.0,0.9999999999999998,0.7962962962962963,0.6607142857142856,0.40764331210191085,0.9470338983050847,0.8736038569706821,0.23026315789473717,0.9999999999999999,0.16129032258064524,0.33333333333333326
0.5499999999999998,0.3950617283950617,0.33333333333333326,0.050925925925925916,0.4821428571428572,0.5859872611464969,0.7182203389830508,0.3143431096826035,0.5855263157894739,0.37037037037037024,0.5483870967741937,0.5
0.5749999999999997,0.41975308641975306,0.33333333333333326,0.046296296296296294,0.5535714285714285,0.6114649681528663,0.684322033898305,0.34648453194054696,0.5197368421052642,0.37037037037037024,0.4838709677419355,0.6666666666666665
0.3999999999999999,0.24691358024691357,0.45833333333333326,0.046296296296296294,0.6071428571428571,0.43312101910828027,0.4555084745762712,0.4043390920048253,0.9999999999999996,0.8333333333333331,0.3870967741935485,0.6666666666666665
0.875,0.4691358024691358,0.6249999999999999,0.08333333333333333,0.7678571428571428,0.178343949044586,0.3707627118644068,0.5393330654881581,0.6250000000000004,0.685185185185185,0.370967741935484,0.33333333333333326
0.4999999999999998,0.3950617283950617,0.5416666666666665,0.2685185185185185,0.5892857142857143,0.535031847133758,0.646186440677966,0.46862193652069095,0.6381578947368429,0.611111111111111,0.403225806451613,0.6666666666666665
0.7999999999999998,0.345679012345679,0.39583333333333326,0.6203703703703703,0.6785714285714285,1.0,0.7521186440677966,0.706468461229413,0.44078947368421106,0.4259259259259258,0.2903225806451615,0.5
1.0,1.0,0.6874999999999999,0.046296296296296294,0.7321428571428571,0.40764331210191085,0.684322033898305,0.6229007633587926,0.4013157894736845,0.4444444444444443,0.3225806451612905,0.16666666666666663
1.0,0.6419753086419754,0.5208333333333333,0.046296296296296294,0.7321428571428571,0.14012738853503187,0.663135593220339,0.4814785054238726,0.44078947368421106,0.4629629629629628,0.27419354838709675,0.33333333333333326
1.0,0.6172839506172839,0.5208333333333333,0.037037037037037035,0.7321428571428571,0.15286624203821658,0.6419491525423728,0.4814785054238726,0.4276315789473686,0.4629629629629628,0.27419354838709675,0.33333333333333326
0.47499999999999987,0.24691358024691357,0.20833333333333323,0.18981481481481483,0.5535714285714285,0.7006369426751593,0.5995762711864406,0.4814785054238726,0.6776315789473686,0.8148148148148148,0.403225806451613,0.5
0.7499999999999998,0.2962962962962963,0.39583333333333326,0.44444444444444436,0.6964285714285714,0.9681528662420382,0.7055084745762712,0.635757332261953,0.44078947368421106,0.4444444444444443,0.3225806451612905,0.5
0.6249999999999998,0.12345679012345678,0.45833333333333326,0.07870370370370369,0.6964285714285714,0.25477707006369427,0.3580508474576271,0.3400562474889526,0.5723684210526323,0.9999999999999999,0.5645161290322582,0.6666666666666665
0.44999999999999973,0.49382716049382724,0.4374999999999999,0.3333333333333333,0.6071428571428571,0.7006369426751593,0.7733050847457628,0.5586179188429199,0.5723684210526323,0.31481481481481477,0.24193548387096775,0.33333333333333326
0.5749999999999997,0.41975308641975306,0.4374999999999999,0.08333333333333333,0.4821428571428572,0.29299363057324845,0.43432203389830504,0.44290879871434896,0.8223684210526323,0.722222222222222,0.403225806451613,0.5
0.6999999999999997,0.691358024691358,0.7291666666666665,0.35648148148148145,1.0,0.3312101910828026,0.5190677966101694,0.5586179188429199,0.414473684210527,0.38888888888888873,0.35483870967741926,0.5
0.6999999999999997,0.4691358024691358,0.33333333333333326,0.6157407407407407,0.625,0.5477707006369427,0.760593220338983,0.7257533145841748,0.7039473684210527,0.5185185185185184,0.2903225806451615,0.5
0.5249999999999999,0.7160493827160493,0.39583333333333326,0.611111111111111,0.2857142857142858,0.40764331210191085,0.4978813559322034,0.49433507432704715,0.3881578947368429,0.2777777777777777,0.5806451612903225,0.5
0.6499999999999999,0.32098765432098764,0.375,0.3101851851851851,0.2857142857142858,0.4968152866242038,0.527542372881356,0.39148252310165077,0.45394736842105265,0.29629629629629617,0.6129032258064517,0.6666666666666665
0.8499999999999996,0.24691358024691357,0.39583333333333326,0.3657407407407407,0.3571428571428572,0.4968152866242038,0.510593220338983,0.5200482121333891,0.3092105263157898,0.2777777777777777,0.33870967741935476,0.6666666666666665
0.3749999999999998,0.2716049382716049,0.24999999999999992,0.05555555555555555,0.6071428571428571,0.42038216560509556,0.6080508474576272,0.3400562474889526,0.664473684210527,0.5185185185185184,0.370967741935484,0.5
0.5499999999999998,0.32098765432098764,0.27083333333333326,0.20833333333333331,0.5892857142857143,0.4585987261146497,0.6292372881355932,0.47505022097228533,0.7039473684210527,0.4999999999999999,0.3870967741935485,0.5
0.25,0.6172839506172839,0.2291666666666666,0.7152777777777778,0.5714285714285714,0.30573248407643316,0.6207627118644068,0.6743270389714908,0.37500000000000044,0.4444444444444443,0.14516129032258074,0.33333333333333326
0.7749999999999999,0.5185185185185185,0.45833333333333326,0.31249999999999994,0.3392857142857144,0.445859872611465,0.5699152542372882,0.4300522298111744,0.3355263157894739,0.16666666666666663,0.4516129032258067,0.33333333333333326
0.44999999999999973,0.5679012345679012,0.6041666666666665,0.7152777777777778,0.7678571428571428,0.178343949044586,0.6165254237288136,0.8093210124548094,0.7565789473684217,0.7037037037037034,0.19354838709677402,0.33333333333333326
0.7999999999999998,0.2716049382716049,0.4374999999999999,0.06481481481481481,0.6785714285714285,0.5859872611464969,0.510593220338983,0.44290879871434896,0.4934210526315792,0.4999999999999999,0.25806451612903225,0.5
0.7999999999999998,0.2962962962962963,0.5624999999999999,0.027777777777777776,0.3035714285714286,0.24203821656050956,0.2478813559322034,0.32077139413419076,0.36184210526315885,0.2777777777777777,0.3870967741935485,0.5
0.7999999999999998,0.41975308641975306,0.35416666666666663,0.6203703703703703,0.4999999999999999,0.4968152866242038,0.9682203389830509,0.7386098834873494,0.29605263157894735,0.6481481481481478,0.11290322580645151,0.5
0.5999999999999999,0.2962962962962963,1.0,0.7222222222222221,0.4999999999999999,0.15286624203821658,0.3538135593220339,0.7450381679389366,0.3355263157894739,0.2592592592592592,0.19354838709677402,0.5
0.7249999999999999,0.5432098765432098,0.6874999999999999,0.6342592592592592,0.5357142857142857,0.5477707006369427,0.8199152542372882,0.7707513057452857,0.4934210526315792,0.759259259259259,0.19354838709677402,0.33333333333333326
0.3999999999999999,0.345679012345679,0.47916666666666663,0.33796296296296297,0.2500000000000001,0.40764331210191085,0.44279661016949157,0.49433507432704715,0.7828947368421058,0.31481481481481477,0.35483870967741926,0.33333333333333326
0.5499999999999998,1.0,0.0,0.018518518518518517,0.375,0.4713375796178344,0.3707627118644068,0.3786259541984762,0.5197368421052642,0.18518518518518512,0.16129032258064524,0.33333333333333326
0.6249999999999998,0.3950617283950617,0.6666666666666665,0.6018518518518517,0.625,0.4968152866242038,0.6716101694915254,0.7514664523905239,0.7434210526315792,0.38888888888888873,0.27419354838709675,0.33333333333333326
0.5999999999999999,0.3950617283950617,0.6458333333333333,0.7986111111111112,0.6071428571428571,0.6114649681528663,0.701271186440678,0.8286058658095712,0.7039473684210527,0.37037037037037024,0.25806451612903225,0.33333333333333326
0.6999999999999997,0.1728395061728395,0.6458333333333333,0.032407407407407406,0.375,0.28025477707006374,0.3919491525423729,0.39148252310165077,0.44078947368421106,0.9999999999999997,0.3225806451612905,0.33333333333333326
0.6999999999999997,0.6172839506172839,0.6666666666666665,0.6064814814814814,0.5357142857142857,0.535031847133758,0.7521186440677966,0.7578947368421112,0.4934210526315792,0.7777777777777776,0.17741935483870974,0.33333333333333326
0.4999999999999998,0.3950617283950617,0.45833333333333326,0.8194444444444444,0.5535714285714285,0.4840764331210191,0.5190677966101694,0.8286058658095712,0.6513157894736845,0.35185185185185175,0.11290322580645151,0.33333333333333326
0.4999999999999998,0.6666666666666666,0.7291666666666665,0.27314814814814814,0.7321428571428571,0.3694267515923567,0.5995762711864406,0.5200482121333891,0.44078947368421106,0.40740740740740733,0.24193548387096775,0.33333333333333326
0.7749999999999999,0.4444444444444444,0.4999999999999999,0.44907407407407407,0.4285714285714286,0.9044585987261147,0.815677966101695,0.6293290478103799,0.164473684210527,0.4999999999999999,0.24193548387096775,0.5
0.6749999999999998,0.5185185185185185,1.0,0.34722222222222215,0.3928571428571429,0.6496815286624205,0.6207627118644068,0.6100441944556181,0.12500000000000044,0.35185185185185175,0.14516129032258074,0.5
0.5999999999999999,0.5679012345679012,0.6666666666666665,0.3703703703703703,0.6785714285714285,0.1656050955414013,0.2944915254237288,0.6743270389714908,0.6381578947368429,0.7777777777777776,0.306451612903226,0.5
0.47499999999999987,0.8888888888888888,0.45833333333333326,0.060185185185185175,0.2678571428571429,0.4968152866242038,0.3580508474576271,0.1857774206508651,0.6381578947368429,0.7407407407407406,0.741935483870968,0.6666666666666665
1.0,0.37037037037037035,0.375,0.6249999999999999,0.3214285714285715,0.5477707006369427,0.6207627118644068,0.7514664523905239,0.0,0.38888888888888873,0.27419354838709675,0.5
0.6499999999999999,0.32098765432098764,0.4374999999999999,0.33796296296296297,0.4285714285714286,0.15286624203821658,0.4173728813559322,0.4557653676175235,0.2039473684210531,0.2222222222222222,0.3870967741935485,0.33333333333333326
1.0,0.37037037037037035,0.5416666666666665,0.4675925925925925,0.4464285714285715,0.30573248407643316,0.6927966101694916,0.7257533145841748,0.164473684210527,0.4999999999999999,0.17741935483870974,0.5
0.7499999999999998,0.6419753086419754,0.375,0.027777777777777776,0.4464285714285715,0.29299363057324845,0.3665254237288136,0.39148252310165077,0.2697368421052633,0.611111111111111,0.3870967741935485,0.33333333333333326
0.2999999999999998,0.49382716049382724,0.5416666666666665,0.060185185185185175,0.3928571428571429,0.178343949044586,0.4258474576271186,0.39791080755323804,0.46710526315789513,0.8703703703703701,0.4193548387096775,0.33333333333333326
0.7749999999999999,0.7160493827160493,0.4374999999999999,0.09722222222222222,0.2500000000000001,0.7898089171974523,0.586864406779661,0.2886299718762615,0.414473684210527,0.685185185185185,0.6451612903225807,0.6666666666666665
0.5999999999999999,0.691358024691358,0.5624999999999999,0.2361111111111111,0.4107142857142857,0.30573248407643316,0.3326271186440678,0.27577340297307984,0.164473684210527,0.685185185185185,0.7258064516129035,0.6666666666666665
0.6999999999999997,0.12345679012345678,0.5208333333333333,0.4027777777777778,0.8392857142857142,0.4840764331210191,0.451271186440678,0.6100441944556181,0.5328947368421058,0.31481481481481477,0.25806451612903225,0.33333333333333326
0.44999999999999973,0.41975308641975306,0.5624999999999999,0.34722222222222215,0.5357142857142857,0.6624203821656052,0.6800847457627118,0.5586179188429199,0.36184210526315885,0.37037037037037024,0.19354838709677402,0.33333333333333326
0.5749999999999997,0.24691358024691357,0.35416666666666663,0.032407407407407406,0.4642857142857143,0.22929936305732485,0.21822033898305082,0.35291281639213423,0.3092105263157898,0.9629629629629627,0.306451612903226,0.5
0.7749999999999999,0.5432098765432098,0.375,0.3657407407407407,0.375,0.22929936305732485,0.3919491525423729,0.4364805142627617,0.2039473684210531,0.4444444444444443,0.596774193548387,0.5
0.875,0.37037037037037035,0.4374999999999999,0.06944444444444445,0.6071428571428571,0.24203821656050956,0.565677966101695,0.5264764965849764,0.37500000000000044,0.5185185185185184,0.25806451612903225,0.5
0.4999999999999998,0.8641975308641974,0.4374999999999999,0.13425925925925924,0.3214285714285715,0.3184713375796179,0.489406779661017,0.22434712736038875,0.2565789473684217,0.2777777777777777,0.6451612903225807,0.5
0.44999999999999973,0.6666666666666666,0.4166666666666665,0.6388888888888888,0.5178571428571428,0.6624203821656052,0.6673728813559322,0.7707513057452857,0.4802631578947376,0.6666666666666664,0.14516129032258074,0.5
0.6249999999999998,0.345679012345679,0.8541666666666665,0.6064814814814814,0.6071428571428571,0.6878980891719746,0.7182203389830508,0.7900361591000475,0.5723684210526323,0.8148148148148148,0.16129032258064524,0.5
0.8249999999999997,0.4444444444444444,0.4999999999999999,0.48611111111111105,0.6607142857142856,0.6433121019108281,0.586864406779661,0.6743270389714908,0.29605263157894735,0.4999999999999999,0.35483870967741926,0.6666666666666665
0.5499999999999998,0.09876543209876543,0.20833333333333323,0.19907407407407407,0.7142857142857142,0.3184713375796179,0.4555084745762712,0.5264764965849764,0.6381578947368429,0.35185185185185175,0.22580645161290325,0.33333333333333326
0.8499999999999996,0.7160493827160493,0.375,0.050925925925925916,0.23214285714285726,0.10191082802547771,0.1673728813559322,0.3336279630373653,0.21710526315789558,0.4814814814814813,0.3870967741935485,0.33333333333333326
0.6999999999999997,0.4444444444444444,0.5624999999999999,0.046296296296296294,0.3035714285714286,0.05095541401273886,0.3665254237288136,0.3786259541984762,0.45394736842105265,0.33333333333333326,0.3870967741935485,0.16666666666666663
0.3749999999999998,0.2962962962962963,1.0,0.037037037037037035,1.0,0.1656050955414013,0.3283898305084746,0.3850542386500635,0.46710526315789513,0.38888888888888873,0.3225806451612905,0.5
0.3749999999999998,0.345679012345679,0.9999999999999998,0.037037037037037035,1.0,0.15286624203821658,0.3241525423728814,0.39148252310165077,0.46710526315789513,0.38888888888888873,0.3225806451612905,0.5
0.5749999999999997,0.41975308641975306,0.39583333333333326,0.046296296296296294,0.6607142857142856,0.5605095541401274,0.6334745762711864,0.35291281639213423,0.3223684210526314,0.35185185185185175,0.403225806451613,0.33333333333333326
0.5499999999999998,0.4691358024691358,0.47916666666666663,0.287037037037037,0.5714285714285714,0.5732484076433121,0.7351694915254238,0.4300522298111744,0.5592105263157898,0.31481481481481477,0.5483870967741937,0.5
1.0,0.6419753086419754,0.4999999999999999,0.4212962962962962,0.375,0.5605095541401274,0.646186440677966,0.6100441944556181,0.36184210526315885,0.33333333333333326,0.35483870967741926,0.33333333333333326
1.0,0.4691358024691358,0.5208333333333333,0.4583333333333333,0.4999999999999999,0.5987261146496816,0.8834745762711864,0.6614704700683021,0.3092105263157898,0.35185185185185175,0.3870967741935485,0.5
0.5749999999999997,1.0,0.27083333333333326,0.06481481481481481,0.5714285714285714,1.0,0.9999999999999999,0.3400562474889526,0.5723684210526323,0.2777777777777777,0.4838709677419355,0.0
1.0,1.0,0.29166666666666663,0.25925925925925924,0.4821428571428572,0.1656050955414013,0.3114406779661017,0.49433507432704715,0.11184210526315841,0.2222222222222222,0.33870967741935476,0.5
0.5999999999999999,0.9629629629629628,1.0,0.35648148148148145,1.0,0.3184713375796179,0.6885593220338982,0.5971876255524293,0.2565789473684217,0.2407407407407406,0.19354838709677402,0.33333333333333326
0.4999999999999998,0.49382716049382724,0.5624999999999999,0.046296296296296294,0.4464285714285715,0.29299363057324845,0.2860169491525424,0.3400562474889526,0.5592105263157898,0.8148148148148148,0.370967741935484,0.5
0.6249999999999998,0.12345679012345678,0.375,0.18518518518518517,1.0,0.40764331210191085,0.646186440677966,0.4300522298111744,0.5592105263157898,0.31481481481481477,0.5,0.6666666666666665
0.5999999999999999,0.19753086419753085,0.5416666666666665,0.027777777777777776,0.2857142857142858,0.3184713375796179,0.2733050847457627,0.3657693852953017,0.6907894736842111,0.2222222222222222,0.306451612903226,0.33333333333333326
0.4999999999999998,0.5679012345679012,0.47916666666666663,0.324074074074074,0.6607142857142856,0.42038216560509556,0.5233050847457628,0.5650462032945072,0.44078947368421106,0.29629629629629617,0.16129032258064524,0.33333333333333326
0.875,0.691358024691358,0.9999999999999998,0.6666666666666666,0.6607142857142856,0.42038216560509556,0.9999999999999999,0.8350341502611585,0.164473684210527,0.7777777777777776,0.09677419354838701,0.33333333333333326
0.3749999999999998,0.41975308641975306,0.7291666666666665,0.5092592592592592,0.4642857142857143,0.5859872611464969,0.7436440677966102,0.6229007633587926,0.4934210526315792,0.5555555555555555,0.24193548387096775,0.33333333333333326
0.2999999999999998,0.9135802469135803,0.6874999999999999,0.023148148148148154,0.6428571428571428,0.7515923566878981,0.7521186440677966,0.39148252310165077,0.28289473684210575,0.33333333333333326,0.16129032258064524,0.33333333333333326
0.8249999999999997,0.4444444444444444,0.4374999999999999,0.3333333333333333,0.6071428571428571,0.4713375796178344,0.5614406779661016,0.5329047810365637,0.24342105263157965,0.6666666666666664,0.3225806451612905,0.5
0.3999999999999999,0.345679012345679,0.47916666666666663,0.5277777777777778,0.9107142857142856,0.7006369426751593,0.586864406779661,0.777179590196873,0.9999999999999996,0.38888888888888873,0.16129032258064524,0.5
0.2250000000000001,0.9135802469135803,0.6874999999999999,0.023148148148148154,0.6428571428571428,0.7515923566878981,0.7521186440677966,0.39148252310165077,0.28289473684210575,0.33333333333333326,0.16129032258064524,0.33333333333333326
0.5999999999999999,0.2716049382716049,0.45833333333333326,0.037037037037037035,0.5535714285714285,0.445859872611465,0.489406779661017,0.4364805142627617,0.7039473684210527,0.6481481481481478,0.35483870967741926,0.6666666666666665
0.47499999999999987,0.5679012345679012,0.7291666666666665,0.2824074074074074,0.6964285714285714,0.3439490445859873,0.5953389830508474,0.5200482121333891,0.3092105263157898,0.40740740740740733,0.25806451612903225,0.33333333333333326
0.7999999999999998,0.41975308641975306,0.08333333333333329,0.7685185185185184,0.375,0.5987261146496816,0.8453389830508474,0.8028927280032221,0.2039473684210531,0.4444444444444443,0.27419354838709675,0.33333333333333326
1.0,1.0,0.7708333333333333,0.037037037037037035,0.5535714285714285,0.40764331210191085,0.701271186440678,0.6100441944556181,0.28289473684210575,0.4999999999999999,0.35483870967741926,0.16666666666666663
0.8249999999999997,0.5679012345679012,0.5624999999999999,0.3518518518518518,0.23214285714285726,0.3439490445859873,0.5190677966101694,0.34648453194054696,0.2697368421052633,0.2222222222222222,0.806451612903226,0.6666666666666665
0.8249999999999997,0.3950617283950617,0.6041666666666665,0.17129629629629628,0.5178571428571428,0.5987261146496816,0.646186440677966,0.5714744877460944,0.7434210526315792,0.9629629629629627,0.4516129032258067,0.5
0.3999999999999999,0.5185185185185185,0.39583333333333326,0.48611111111111105,0.857142857142857,0.8152866242038217,0.6334745762711864,0.6550421856167148,0.11184210526315841,0.6481481481481478,0.16129032258064524,0.33333333333333326
0.5999999999999999,0.1728395061728395,0.4999999999999999,0.023148148148148154,0.2142857142857144,0.178343949044586,0.1843220338983051,0.42362394535958714,0.7434210526315792,0.33333333333333326,0.306451612903226,0.33333333333333326
0.5499999999999998,0.09876543209876543,0.47916666666666663,0.3055555555555555,0.7678571428571428,0.25477707006369427,0.2944915254237288,0.6100441944556181,0.6381578947368429,0.29629629629629617,0.19354838709677402,0.5
0.6499999999999999,0.5925925925925926,0.9583333333333333,0.7407407407407407,0.7321428571428571,0.6496815286624205,0.9258474576271186,0.9378867014865548,0.2039473684210531,0.6666666666666664,0.11290322580645151,0.5
0.9249999999999998,0.22222222222222227,0.45833333333333326,0.018518518518518517,0.16071428571428586,0.14012738853503187,0.3029661016949152,0.3786259541984762,0.0,0.2777777777777777,0.33870967741935476,0.33333333333333326
1.0,0.32098765432098764,0.7916666666666665,0.032407407407407406,0.4285714285714286,0.24203821656050956,0.43855932203389825,0.5650462032945072,0.12500000000000044,0.7777777777777776,0.24193548387096775,0.33333333333333326
0.8499999999999996,0.32098765432098764,0.8124999999999998,0.037037037037037035,0.4642857142857143,0.11464968152866242,0.336864406779661,0.5586179188429199,0.4802631578947376,0.6481481481481478,0.306451612903226,0.33333333333333326
0.4999999999999998,0.5679012345679012,0.6874999999999999,0.29166666666666663,0.5535714285714285,0.6114649681528663,0.6504237288135594,0.5586179188429199,0.5065789473684217,0.4444444444444443,0.16129032258064524,0.33333333333333326
0.4999999999999998,0.4691358024691358,0.39583333333333326,0.5879629629629629,1.0,0.6114649681528663,0.6080508474576272,0.6936118923262384,0.29605263157894735,0.29629629629629617,0.09677419354838701,0.5
0.6499999999999999,0.32098765432098764,0.4374999999999999,0.34722222222222215,0.5714285714285714,0.14012738853503187,0.4004237288135593,0.44933708316593624,0.414473684210527,0.2407407407407406,0.403225806451613,0.5
0.7999999999999998,0.37037037037037035,0.5416666666666665,0.3981481481481481,0.5178571428571428,0.6496815286624205,0.7055084745762712,0.635757332261953,0.37500000000000044,0.6296296296296297,0.24193548387096775,0.6666666666666665
0.6999999999999997,0.2962962962962963,0.45833333333333326,0.037037037037037035,0.5714285714285714,0.4968152866242038,0.5190677966101694,0.4043390920048253,0.8223684210526323,0.574074074074074,0.33870967741935476,0.5
0.3749999999999998,0.8148148148148147,0.4374999999999999,0.12037037037037036,0.2678571428571429,0.5987261146496816,0.6122881355932204,0.3593411008437215,0.9539473684210527,0.9999999999999999,0.596774193548387,0.6666666666666665
0.875,1.0,0.7083333333333331,0.08796296296296295,0.375,0.3821656050955414,0.4088983050847458,0.46862193652069095,0.5592105263157898,0.4629629629629628,0.435483870967742,0.5
0.6999999999999997,0.2962962962962963,0.35416666666666663,0.18055555555555552,1.0,0.445859872611465,0.48093220338983056,0.590759341100842,0.45394736842105265,0.37037037037037024,0.19354838709677402,0.33333333333333326
0.6749999999999998,0.4444444444444444,0.35416666666666663,0.8217592592592593,1.0,0.39490445859872614,0.5063559322033898,0.8993169947770312,0.4802631578947376,0.31481481481481477,0.12903225806451624,0.33333333333333326
0.4999999999999998,0.4691358024691358,0.5416666666666665,0.3333333333333333,0.5892857142857143,0.9426751592356688,0.7521186440677966,0.5650462032945072,0.5723684210526323,0.38888888888888873,0.24193548387096775,0.5
0.4999999999999998,0.49382716049382724,0.5833333333333333,0.2962962962962963,0.75,0.42038216560509556,0.798728813559322,0.6550421856167148,0.9999999999999996,0.611111111111111,0.35483870967741926,0.33333333333333326
0.8999999999999999,0.2962962962962963,0.375,0.26388888888888884,0.5892857142857143,0.356687898089172,0.5233050847457628,0.6100441944556181,0.5855263157894739,0.5185185185185184,0.17741935483870974,0.5
0.7749999999999999,0.6172839506172839,0.35416666666666663,0.027777777777777776,0.5178571428571428,0.267515923566879,0.3538135593220339,0.39148252310165077,0.5065789473684217,0.5925925925925924,0.403225806451613,0.5
0.6749999999999998,0.7407407407407407,0.8541666666666665,0.5648148148148148,0.4821428571428572,0.7006369426751593,0.6970338983050848,0.7257533145841748,0.37500000000000044,0.4444444444444443,0.16129032258064524,0.5
0.6999999999999997,0.2962962962962963,0.4374999999999999,0.6296296296296295,0.7321428571428571,0.6496815286624205,0.8177966101694916,0.7643230212936984,0.44078947368421106,0.4444444444444443,0.14516129032258074,0.8333333333333333
0.8249999999999997,0.2716049382716049,1.0,0.7430555555555555,0.6071428571428571,0.5859872611464969,0.684322033898305,0.8671755725190948,0.5197368421052642,0.7407407407407406,0.17741935483870974,0.5
0.6999999999999997,0.19753086419753085,0.6666666666666665,0.060185185185185175,0.5714285714285714,0.3184713375796179,0.5572033898305084,0.42362394535958714,0.5197368421052642,0.574074074074074,0.33870967741935476,0.5
0.8249999999999997,0.345679012345679,0.39583333333333326,0.32870370370370366,0.4999999999999999,0.7006369426751593,0.663135593220339,0.5329047810365637,0.414473684210527,0.611111111111111,0.3225806451612905,0.33333333333333326
0.7999999999999998,0.345679012345679,0.47916666666666663,0.45370370370370366,0.4999999999999999,0.7770700636942676,0.7690677966101694,0.635757332261953,0.4013157894736845,0.574074074074074,0.24193548387096775,0.5
0.5749999999999997,0.6172839506172839,0.4374999999999999,0.12499999999999999,0.3392857142857144,0.356687898089172,0.3495762711864407,0.2629168340699053,0.36184210526315885,0.16666666666666663,0.6935483870967745,0.6666666666666665
0.3999999999999999,0.8641975308641974,0.375,0.023148148148148154,0.6964285714285714,0.03821656050955414,0.3834745762711864,0.4364805142627617,0.5723684210526323,0.5555555555555555,0.17741935483870974,0.16666666666666663
0.5499999999999998,0.09876543209876543,0.39583333333333326,0.26388888888888884,0.75,0.1910828025477707,0.3538135593220339,0.5521896343913326,0.914473684210527,0.40740740740740733,0.25806451612903225,0.33333333333333326
0.6499999999999999,0.5432098765432098,0.27083333333333326,0.2152777777777778,0.6785714285714285,0.39490445859872614,0.6800847457627118,0.35291281639213423,0.4276315789473686,0.4259259259259258,0.5806451612903225,0.5
0.5499999999999998,0.49382716049382724,0.4999999999999999,0.648148148148148,0.4999999999999999,0.5732484076433121,0.6292372881355932,0.7900361591000475,0.7039473684210527,0.8333333333333331,0.12903225806451624,0.5
0.8999999999999999,0.2962962962962963,0.6041666666666665,0.5185185185185185,0.7142857142857142,0.624203821656051,0.6377118644067796,0.8543190036159203,0.7039473684210527,0.9999999999999999,0.14516129032258074,0.5
0.6249999999999998,0.24691358024691357,0.45833333333333326,0.7731481481481481,0.7142857142857142,0.3821656050955414,0.7521186440677966,0.8414624347127457,0.4276315789473686,0.4444444444444443,0.16129032258064524,0.5
0.4999999999999998,0.5679012345679012,0.0,0.037037037037037035,0.4464285714285715,0.6878980891719746,0.5317796610169492,0.32719967858577803,0.5065789473684217,0.4444444444444443,0.3225806451612905,0.33333333333333326
0.47499999999999987,0.5679012345679012,0.0,0.032407407407407406,0.4107142857142857,0.713375796178344,0.5402542372881356,0.32719967858577803,0.4934210526315792,0.4444444444444443,0.3225806451612905,0.33333333333333326
0.6999999999999997,0.22222222222222227,0.5416666666666665,0.046296296296296294,0.5714285714285714,0.5222929936305732,0.5699152542372882,0.4043390920048253,0.7302631578947376,0.8703703703703701,0.5,0.5
0.6499999999999999,0.4444444444444444,0.45833333333333326,0.08333333333333333,0.4999999999999999,0.713375796178344,0.6716101694915254,0.44933708316593624,0.8092105263157898,0.8518518518518517,0.4193548387096775,0.5
0.19999999999999996,0.24691358024691357,0.45833333333333326,0.04166666666666667,0.4107142857142857,0.178343949044586,0.2733050847457627,0.3400562474889526,0.7039473684210527,0.6666666666666664,0.33870967741935476,0.5
0.5999999999999999,0.1728395061728395,0.6249999999999999,0.05555555555555555,0.4999999999999999,0.24203821656050956,0.5911016949152542,0.49433507432704715,0.9407894736842111,0.4629629629629628,0.3225806451612905,0.33333333333333326
0.7999999999999998,0.7901234567901234,0.4999999999999999,0.32870370370370366,0.3392857142857144,0.3184713375796179,0.3326271186440678,0.4107673764564126,0.4934210526315792,0.35185185185185175,0.6774193548387097,0.6666666666666665
0.5499999999999998,0.41975308641975306,0.9791666666666665,0.06481481481481481,0.3571428571428572,0.22929936305732485,0.3199152542372881,0.30148654077943604,0.5592105263157898,0.574074074074074,0.4838709677419355,0.5
0.4999999999999998,0.24691358024691357,0.7708333333333333,0.037037037037037035,0.8749999999999998,0.445859872611465,0.5953389830508474,0.3400562474889526,0.7434210526315792,0.4259259259259258,0.5,0.33333333333333326
0.44999999999999973,0.5925925925925926,0.27083333333333326,0.7453703703703702,0.5535714285714285,0.4585987261146497,0.48093220338983056,0.6936118923262384,0.5460526315789482,0.8333333333333331,0.3870967741935485,0.5
1.0,1.0,0.4374999999999999,0.34722222222222215,0.1964285714285715,0.15286624203821658,0.21822033898305082,0.3786259541984762,0.17763157894736858,0.2592592592592592,0.6129032258064517,0.33333333333333326
0.5249999999999999,0.2716049382716049,0.6249999999999999,0.34259259259259256,0.23214285714285726,0.25477707006369427,0.2733050847457627,0.44290879871434896,0.4013157894736845,0.8148148148148148,0.4516129032258067,0.5
0.3749999999999998,0.8148148148148147,0.4999999999999999,0.18981481481481483,0.14285714285714296,0.3312101910828026,0.3834745762711864,0.25006026516673785,0.6513157894736845,0.29629629629629617,0.7258064516129035,0.6666666666666665
0.5499999999999998,0.2962962962962963,0.5208333333333333,0.06944444444444445,0.6071428571428571,0.12738853503184716,0.4936440677966102,0.32719967858577803,0.5855263157894739,0.4444444444444443,0.5806451612903225,0.6666666666666665
0.7249999999999999,0.4444444444444444,0.5208333333333333,0.2685185185185185,0.625,0.43312101910828027,0.6080508474576272,0.42362394535958714,0.5065789473684217,0.8888888888888885,0.5645161290322582,0.5
0.3749999999999998,0.32098765432098764,0.39583333333333326,0.04166666666666667,0.6428571428571428,0.5605095541401274,0.5190677966101694,0.3657693852953017,0.5592105263157898,0.37037037037037024,0.33870967741935476,0.5
0.6999999999999997,0.6419753086419754,0.6249999999999999,0.324074074074074,0.4464285714285715,0.5477707006369427,0.8283898305084746,0.6036159100040308,0.4013157894736845,0.574074074074074,0.19354838709677402,0.5
0.7999999999999998,0.8641975308641974,0.6458333333333333,0.5462962962962963,1.0,0.3439490445859873,0.722457627118644,0.7707513057452857,0.3486842105263164,0.7777777777777776,0.19354838709677402,0.33333333333333326
0.6749999999999998,0.5432098765432098,1.0,0.032407407407407406,1.0,0.535031847133758,0.548728813559322,0.49433507432704715,0.36184210526315885,0.37037037037037024,0.14516129032258074,0.33333333333333326
0.3999999999999999,0.4444444444444444,0.6458333333333333,0.050925925925925916,1.0,0.03821656050955414,0.1716101694915254,0.34648453194054696,0.37500000000000044,0.5925925925925924,0.33870967741935476,0.33333333333333326
0.5249999999999999,0.5925925925925926,0.12499999999999992,0.34722222222222215,0.5535714285714285,0.624203821656051,0.6800847457627118,0.5586179188429199,0.4276315789473686,0.4259259259259258,0.14516129032258074,0.33333333333333326
1.0,0.32098765432098764,0.5208333333333333,0.3009259259259259,0.3928571428571429,0.39490445859872614,0.5529661016949152,0.5843310566492548,0.3881578947368429,0.4259259259259258,0.27419354838709675,0.5
1.0,0.8395061728395061,0.6666666666666665,0.07870370370370369,0.3392857142857144,0.25477707006369427,0.5317796610169492,0.5136199276818019,0.3355263157894739,0.5555555555555555,0.4838709677419355,0.5
0.6999999999999997,0.5185185185185185,0.35416666666666663,0.27314814814814814,0.4821428571428572,0.3821656050955414,0.5953389830508474,0.46862193652069095,0.44078947368421106,0.4629629629629628,0.435483870967742,0.33333333333333326
0.4249999999999998,0.41975308641975306,0.2291666666666666,0.037037037037037035,0.16071428571428586,0.3439490445859873,0.3453389830508475,0.2886299718762615,0.5723684210526323,0.5925925925925924,0.4516129032258067,0.5
0.5999999999999999,0.37037037037037035,0.4999999999999999,0.5601851851851851,0.6071428571428571,0.6114649681528663,0.6927966101694916,0.7450381679389366,0.7960526315789482,0.33333333333333326,0.2903225806451615,0.33333333333333326
0.7749999999999999,0.6666666666666666,0.5624999999999999,0.046296296296296294,0.4107142857142857,0.11464968152866242,0.44279661016949157,0.3657693852953017,0.5855263157894739,0.4814814814814813,0.4838709677419355,0.33333333333333326
1.0,0.2962962962962963,0.39583333333333326,0.023148148148148154,0.053571428571428714,0.20382165605095542,0.22245762711864409,0.35291281639213423,0.21710526315789558,0.2407407407407406,0.3870967741935485,0.33333333333333326
0.2250000000000001,0.4691358024691358,0.47916666666666663,0.027777777777777776,0.5535714285714285,0.22929936305732485,0.5741525423728814,0.4043390920048253,0.9999999999999996,0.35185185185185175,0.35483870967741926,0.5
0.17500000000000004,0.1481481481481482,0.375,0.18518518518518517,0.2500000000000001,0.25477707006369427,0.3580508474576271,0.5007633587786344,0.7039473684210527,0.40740740740740733,0.16129032258064524,0.33333333333333326
0.9749999999999996,0.3950617283950617,0.5416666666666665,0.0,0.4821428571428572,0.11464968152866242,0.21822033898305082,0.35291281639213423,0.36184210526315885,0.29629629629629617,0.4193548387096775,0.33333333333333326
0.47499999999999987,0.5432098765432098,0.7499999999999999,0.4629629629629629,0.3035714285714286,0.6878980891719746,0.815677966101695,0.635757332261953,0.5460526315789482,0.685185185185185,0.24193548387096775,0.5
0.19999999999999996,0.12345679012345678,0.375,0.19444444444444442,0.23214285714285726,0.25477707006369427,0.3580508474576271,0.49433507432704715,0.7039473684210527,0.4259259259259258,0.19354838709677402,0.5
0.6499999999999999,0.24691358024691357,0.5208333333333333,0.09722222222222222,0.2678571428571429,0.356687898089172,0.3707627118644068,0.3143431096826035,0.21710526315789558,0.574074074074074,0.4838709677419355,0.5
0.2250000000000001,0.7530864197530864,0.0,0.5555555555555555,0.3392857142857144,0.25477707006369427,0.4046610169491525,0.5971876255524293,0.6250000000000004,0.759259259259259,0.306451612903226,0.5
0.875,0.6172839506172839,0.7083333333333331,0.3981481481481481,0.5535714285714285,0.25477707006369427,0.451271186440678,0.7128967456810003,0.7565789473684217,0.4629629629629628,0.20967741935483875,0.33333333333333326
0.4999999999999998,0.6419753086419754,0.7291666666666665,0.27777777777777773,0.6607142857142856,0.3312101910828026,0.5783898305084746,0.5393330654881581,0.44078947368421106,0.35185185185185175,0.25806451612903225,0.33333333333333326
0.4999999999999998,0.6172839506172839,0.7291666666666665,0.2962962962962963,0.625,0.3439490445859873,0.5741525423728814,0.5393330654881581,0.44078947368421106,0.37037037037037024,0.24193548387096775,0.33333333333333326
0.3749999999999998,0.49382716049382724,0.3124999999999999,0.3634259259259259,0.2857142857142858,0.3821656050955414,0.646186440677966,0.5586179188429199,0.7697368421052642,0.6481481481481478,0.27419354838709675,0.6666666666666665
1.0,0.37037037037037035,0.6041666666666665,0.48611111111111105,0.3392857142857144,0.1656050955414013,0.43855932203389825,0.8093210124548094,0.164473684210527,0.611111111111111,0.27419354838709675,0.0
0.4999999999999998,0.32098765432098764,0.375,0.8124999999999999,0.4821428571428572,0.4968152866242038,0.5360169491525424,0.8350341502611585,0.6513157894736845,0.2592592592592592,0.11290322580645151,0.33333333333333326
0.9499999999999997,1.0,0.4166666666666665,0.16203703703703703,0.1964285714285715,0.21656050955414013,0.3453389830508475,0.30148654077943604,0.2697368421052633,0.29629629629629617,0.709677419354839,0.33333333333333326
0.6249999999999998,0.5185185185185185,0.4166666666666665,0.18518518518518517,0.2500000000000001,0.3184713375796179,0.5741525423728814,0.3850542386500635,0.3486842105263164,0.07407407407407407,0.4193548387096775,0.5
0.47499999999999987,0.5679012345679012,0.45833333333333326,0.19907407407407407,0.2857142857142858,0.22929936305732485,0.5572033898305084,0.35291281639213423,0.7302631578947376,0.9999999999999999,0.6451612903225807,0.6666666666666665
0.6249999999999998,0.5185185185185185,0.5833333333333333,0.35648148148148145,0.5178571428571428,0.5477707006369427,0.8792372881355932,0.6100441944556181,0.414473684210527,0.4629629629629628,0.16129032258064524,0.33333333333333326
0.2250000000000001,0.9382716049382716,0.7708333333333333,0.037037037037037035,0.4464285714285715,0.3694267515923567,0.6334745762711864,0.39148252310165077,0.4276315789473686,0.4629629629629628,0.12903225806451624,0.33333333333333326
0.4999999999999998,0.49382716049382724,0.7291666666666665,0.5046296296296295,0.4464285714285715,0.713375796178344,0.8622881355932204,0.6293290478103799,0.5460526315789482,0.6296296296296297,0.24193548387096775,0.33333333333333326
0.47499999999999987,0.37037037037037035,0.4999999999999999,0.05555555555555555,0.375,0.267515923566879,0.3241525423728814,0.34648453194054696,0.6776315789473686,0.33333333333333326,0.4516129032258067,0.5
0.5249999999999999,0.22222222222222227,0.33333333333333326,0.046296296296296294,0.5714285714285714,0.40764331210191085,0.47669491525423724,0.27577340297307984,0.46710526315789513,0.4814814814814813,0.5483870967741937,0.33333333333333326
0.6999999999999997,0.24691358024691357,0.5624999999999999,0.08333333333333333,0.6071428571428571,0.4585987261146497,0.43855932203389825,0.5714744877460944,0.9999999999999996,0.4444444444444443,0.370967741935484,0.33333333333333326
0.44999999999999973,0.345679012345679,0.39583333333333326,0.19907407407407407,0.4821428571428572,0.624203821656051,0.6800847457627118,0.5200482121333891,0.6513157894736845,0.9814814814814813,0.24193548387096775,0.5
0.7499999999999998,0.4691358024691358,0.39583333333333326,0.05555555555555555,0.625,0.24203821656050956,0.4555084745762712,0.4043390920048253,0.45394736842105265,0.40740740740740733,0.306451612903226,0.33333333333333326
0.7249999999999999,0.49382716049382724,0.4166666666666665,0.17129629629629628,0.6428571428571428,0.29299363057324845,0.5190677966101694,0.4364805142627617,0.46710526315789513,0.31481481481481477,0.35483870967741926,0.33333333333333326
0.6999999999999997,0.5185185185185185,0.4166666666666665,0.17592592592592593,0.6428571428571428,0.30573248407643316,0.5360169491525424,0.4364805142627617,0.46710526315789513,0.31481481481481477,0.35483870967741926,0.33333333333333326
0.2250000000000001,0.5925925925925926,0.18749999999999992,0.037037037037037035,0.2500000000000001,0.30573248407643316,0.3580508474576271,0.22434712736038875,0.8355263157894739,0.2777777777777777,0.4838709677419355,0.5
0.5749999999999997,0.6172839506172839,0.33333333333333326,0.046296296296296294,0.2678571428571429,0.29299363057324845,0.451271186440678,0.19220570510245238,0.5460526315789482,0.2222222222222222,0.6612903225806452,0.6666666666666665
0.6249999999999998,0.6419753086419754,0.4374999999999999,0.032407407407407406,0.75,0.29299363057324845,0.6504237288135594,0.49433507432704715,0.5986842105263164,0.5370370370370369,0.17741935483870974,0.5
0.4249999999999998,0.2716049382716049,0.35416666666666663,0.21296296296296297,0.4464285714285715,0.3694267515923567,0.510593220338983,0.5071916432302217,0.5986842105263164,0.8518518518518517,0.24193548387096775,0.5
0.44999999999999973,0.37037037037037035,0.375,0.23148148148148145,0.4999999999999999,0.5222929936305732,0.6122881355932204,0.5264764965849764,0.6118421052631589,0.9999999999999997,0.24193548387096775,0.33333333333333326
0.44999999999999973,0.4691358024691358,0.4166666666666665,0.21759259259259256,0.5357142857142857,0.7006369426751593,0.7182203389830508,0.5264764965849764,0.664473684210527,0.9999999999999999,0.2903225806451615,0.33333333333333326
0.4999999999999998,0.691358024691358,0.47916666666666663,0.046296296296296294,0.4285714285714286,0.10191082802547771,0.44279661016949157,0.49433507432704715,0.6513157894736845,0.8333333333333331,0.25806451612903225,0.33333333333333326
0.5499999999999998,0.345679012345679,0.6249999999999999,0.06944444444444445,0.7142857142857142,0.4713375796178344,0.7563559322033898,0.5136199276818019,0.9407894736842111,0.5925925925925924,0.35483870967741926,0.5
0.27500000000000013,0.22222222222222227,0.4374999999999999,0.037037037037037035,0.4821428571428572,0.29299363057324845,0.4216101694915254,0.3850542386500635,0.9999999999999996,0.9259259259259257,0.403225806451613,0.5
0.6499999999999999,0.9135802469135803,0.47916666666666663,0.3009259259259259,0.5178571428571428,0.1910828025477707,0.413135593220339,0.5843310566492548,0.6776315789473686,0.35185185185185175,0.3870967741935485,0.16666666666666663
0.6749999999999998,0.8395061728395061,0.1041666666666666,0.4675925925925925,0.5535714285714285,0.20382165605095542,0.3199152542372881,0.5650462032945072,0.5460526315789482,0.20370370370370372,0.435483870967742,0.33333333333333326
0.6749999999999998,0.6172839506172839,0.47916666666666663,0.48611111111111105,0.375,0.29299363057324845,0.4216101694915254,0.5843310566492548,0.45394736842105265,0.2222222222222222,0.403225806451613,0.5
1.0,0.5432098765432098,0.47916666666666663,0.4675925925925925,0.2500000000000001,0.15286624203821658,0.3877118644067797,0.5586179188429199,0.059210526315789824,0.37037037037037024,0.4193548387096775,0.33333333333333326
0.7749999999999999,0.22222222222222227,0.47916666666666663,0.046296296296296294,0.6785714285714285,0.5732484076433121,0.5529661016949152,0.49433507432704715,0.6381578947368429,0.9999999999999997,0.25806451612903225,0.5
0.8499999999999996,0.22222222222222227,0.47916666666666663,0.04166666666666667,0.625,0.1910828025477707,0.3453389830508475,0.44290879871434896,0.44078947368421106,0.6666666666666664,0.24193548387096775,0.33333333333333326
0.875,0.22222222222222227,0.45833333333333326,0.04166666666666667,0.6071428571428571,0.5859872611464969,0.565677966101695,0.4557653676175235,0.414473684210527,0.6666666666666664,0.22580645161290325,0.5
0.9749999999999996,0.1728395061728395,0.4374999999999999,0.046296296296296294,0.5535714285714285,0.3439490445859873,0.4682203389830508,0.4557653676175235,0.5460526315789482,0.29629629629629617,0.2903225806451615,0.5
0.5999999999999999,0.41975308641975306,0.20833333333333323,0.34259259259259256,0.5178571428571428,0.624203821656051,0.646186440677966,0.5971876255524293,0.46710526315789513,0.40740740740740733,0.19354838709677402,0.33333333333333326
0.5999999999999999,0.3950617283950617,0.20833333333333323,0.32870370370370366,0.5357142857142857,0.6496815286624205,0.663135593220339,0.5586179188429199,0.4802631578947376,0.29629629629629617,0.24193548387096775,0.33333333333333326
0.125,1.0,0.0,0.09722222222222222,0.4999999999999999,0.3184713375796179,0.3114406779661017,0.39148252310165077,0.7039473684210527,0.29629629629629617,0.19354838709677402,0.33333333333333326
0.44999999999999973,0.345679012345679,0.9166666666666665,0.6712962962962963,0.6607142857142856,0.25477707006369427,0.4936440677966102,0.7386098834873494,0.17763157894736858,0.2407407407407406,0.22580645161290325,0.33333333333333326
0.8999999999999999,0.49382716049382724,0.6458333333333333,0.38425925925925924,0.5892857142857143,0.39490445859872614,0.5360169491525424,0.7514664523905239,0.7828947368421058,0.4444444444444443,0.20967741935483875,0.33333333333333326
0.4999999999999998,0.5925925925925926,0.5208333333333333,0.25,0.625,0.03821656050955414,0.4639830508474576,0.5264764965849764,0.5065789473684217,0.33333333333333326,0.17741935483870974,0.33333333333333326
0.47499999999999987,0.3950617283950617,0.4999999999999999,0.5416666666666666,0.5535714285714285,0.3694267515923567,0.5317796610169492,0.7193250301325875,0.7302631578947376,0.33333333333333326,0.24193548387096775,0.33333333333333326
0.6499999999999999,0.24691358024691357,0.5624999999999999,0.5787037037037036,0.7321428571428571,0.89171974522293,0.6080508474576272,0.8286058658095712,0.8092105263157898,0.2407407407407406,0.17741935483870974,0.5
0.2999999999999998,0.19753086419753085,0.4374999999999999,0.2824074074074074,0.4999999999999999,0.5222929936305732,0.565677966101695,0.5136199276818019,0.9999999999999996,0.4444444444444443,0.4193548387096775,0.33333333333333326
0.4999999999999998,0.49382716049382724,0.5416666666666665,0.07870370370370369,0.4821428571428572,0.178343949044586,0.2775423728813559,0.22434712736038875,0.5065789473684217,0.6296296296296297,0.709677419354839,0.5
0.34999999999999987,0.6419753086419754,0.4374999999999999,0.48611111111111105,0.5714285714285714,0.3312101910828026,0.9216101694915254,0.706468461229413,0.4934210526315792,0.4999999999999999,0.11290322580645151,0.33333333333333326
0.2999999999999998,0.4691358024691358,0.12499999999999992,0.04166666666666667,0.7321428571428571,0.42038216560509556,0.4597457627118644,0.41719566090799987,0.414473684210527,0.4259259259259258,0.12903225806451624,0.33333333333333326
0.9249999999999998,0.3950617283950617,0.7916666666666665,0.6759259259259258,0.75,0.4840764331210191,0.9088983050847458,0.8607472880675076,0.28289473684210575,0.8148148148148148,0.16129032258064524,0.33333333333333326
0.8249999999999997,0.3950617283950617,0.4999999999999999,0.44444444444444436,0.5892857142857143,0.5605095541401274,0.5148305084745762,0.6486139011651275,0.46710526315789513,0.4814814814814813,0.370967741935484,0.5
0.7249999999999999,0.37037037037037035,0.45833333333333326,0.4675925925925925,0.4107142857142857,0.7261146496815287,0.7055084745762712,0.6293290478103799,0.414473684210527,0.611111111111111,0.24193548387096775,0.5
0.4249999999999998,0.345679012345679,0.33333333333333326,0.763888888888889,0.625,0.535031847133758,0.5021186440677966,0.8350341502611585,0.6513157894736845,0.2777777777777777,0.12903225806451624,0.33333333333333326
0.2250000000000001,0.6172839506172839,0.12499999999999992,0.060185185185185175,0.625,0.22929936305732485,0.3114406779661017,0.4043390920048253,0.7565789473684217,0.7407407407407406,0.306451612903226,0.33333333333333326
0.4999999999999998,0.2962962962962963,0.375,0.027777777777777776,0.3392857142857144,0.21656050955414013,0.2055084745762712,0.19863398955403966,0.44078947368421106,0.2777777777777777,0.596774193548387,0.16666666666666663
0.7249999999999999,0.4444444444444444,0.47916666666666663,0.027777777777777776,0.4464285714285715,0.30573248407643316,0.413135593220339,0.3786259541984762,0.5328947368421058,0.6296296296296297,0.4516129032258067,0.33333333333333326
0.3999999999999999,0.2962962962962963,0.47916666666666663,0.11574074074074074,0.4642857142857143,0.20382165605095542,0.451271186440678,0.27577340297307984,0.8223684210526323,0.37037037037037024,0.6451612903225807,0.5
0.7999999999999998,0.19753086419753085,0.5624999999999999,0.04166666666666667,0.3214285714285715,0.15286624203821658,0.43432203389830504,0.44933708316593624,0.5197368421052642,0.31481481481481477,0.370967741935484,0.16666666666666663
0.4999999999999998,0.41975308641975306,0.375,0.4675925925925925,1.0,0.5732484076433121,0.5699152542372882,0.6164724789072054,0.3223684210526314,0.29629629629629617,0.16129032258064524,0.33333333333333326
0.7249999999999999,0.7654320987654321,0.39583333333333326,0.19907407407407407,0.3571428571428572,0.43312101910828027,0.3792372881355932,0.30148654077943604,0.5065789473684217,0.6666666666666664,0.6774193548387097,0.6666666666666665
0.5249999999999999,0.4444444444444444,0.4999999999999999,0.5555555555555555,0.6428571428571428,0.7261146496815287,0.6504237288135594,0.7000401767778257,0.7697368421052642,0.29629629629629617,0.306451612903226,0.33333333333333326
0.2999999999999998,0.49382716049382724,0.27083333333333326,0.5347222222222222,0.5892857142857143,0.5095541401273885,0.6080508474576272,0.5521896343913326,0.5197368421052642,0.4444444444444443,0.33870967741935476,0.33333333333333326
0.4249999999999998,0.8641975308641974,0.39583333333333326,0.5277777777777778,0.7321428571428571,0.267515923566879,0.6546610169491526,0.7386098834873494,0.664473684210527,0.611111111111111,0.20967741935483875,0.33333333333333326
1.0,0.6172839506172839,0.6041666666666665,0.050925925925925916,0.8392857142857142,0.6178343949044587,0.9999999999999999,0.5586179188429199,0.3881578947368429,0.8888888888888885,0.24193548387096775,0.33333333333333326
0.27500000000000013,1.0,0.0,0.09259259259259259,0.6964285714285714,0.43312101910828027,0.5360169491525424,0.49433507432704715,0.8223684210526323,0.5185185185185184,0.19354838709677402,0.5
0.4999999999999998,0.49382716049382724,0.6249999999999999,0.037037037037037035,0.375,0.1656050955414013,0.4046610169491525,0.30148654077943604,0.6118421052631589,0.9259259259259257,0.596774193548387,0.33333333333333326
0.5499999999999998,0.6666666666666666,0.3124999999999999,0.060185185185185175,0.4464285714285715,0.24203821656050956,0.527542372881356,0.3336279630373653,0.7171052631578951,0.29629629629629617,0.4838709677419355,0.33333333333333326
0.5749999999999997,0.345679012345679,0.47916666666666663,0.7546296296296295,0.7321428571428571,0.5987261146496816,0.586864406779661,0.8157492969063966,0.7434210526315792,0.29629629629629617,0.25806451612903225,0.5
0.875,0.3950617283950617,0.375,0.06944444444444445,0.2678571428571429,0.25477707006369427,0.6038135593220338,0.27577340297307984,0.24342105263157965,0.8518518518518517,0.6290322580645162,0.5
0.4999999999999998,0.4444444444444444,0.47916666666666663,0.2962962962962963,0.4642857142857143,0.4585987261146497,0.4173728813559322,0.4364805142627617,0.5855263157894739,0.5555555555555555,0.4516129032258067,0.5
0.5999999999999999,0.19753086419753085,0.35416666666666663,0.3009259259259259,0.6964285714285714,0.4968152866242038,0.8665254237288136,0.6100441944556181,0.7565789473684217,0.611111111111111,0.33870967741935476,0.33333333333333326
0.7749999999999999,0.24691358024691357,0.5624999999999999,0.24537037037037035,0.7678571428571428,0.3694267515923567,0.47669491525423724,0.5071916432302217,0.5855263157894739,0.5555555555555555,0.467741935483871,0.5
0.17500000000000004,0.3950617283950617,0.47916666666666663,0.37499999999999994,0.8035714285714284,0.21656050955414013,0.3495762711864407,0.44290879871434896,0.6118421052631589,0.16666666666666663,0.3870967741935485,0.33333333333333326
0.5749999999999997,0.6172839506172839,1.0,0.5833333333333333,0.7321428571428571,0.12738853503184716,0.3622881355932203,0.6486139011651275,0.3223684210526314,0.31481481481481477,0.19354838709677402,0.33333333333333326
0.7249999999999999,0.49382716049382724,0.5416666666666665,0.6805555555555556,0.7321428571428571,0.3694267515923567,0.413135593220339,0.8157492969063966,0.6118421052631589,0.5185185185185184,0.25806451612903225,0.33333333333333326
0.6749999999999998,0.4444444444444444,0.8958333333333333,0.5833333333333333,0.5714285714285714,0.7898089171974523,0.6758474576271186,0.7128967456810003,0.3881578947368429,0.4444444444444443,0.16129032258064524,0.33333333333333326
0.4249999999999998,0.1481481481481482,0.47916666666666663,0.09722222222222222,0.3928571428571429,0.20382165605095542,0.2944915254237288,0.3400562474889526,0.7828947368421058,0.9629629629629627,0.5645161290322582,0.6666666666666665
0.8499999999999996,0.32098765432098764,0.47916666666666663,0.46527777777777773,0.6785714285714285,0.6496815286624205,0.5317796610169492,0.6486139011651275,0.4802631578947376,0.4814814814814813,0.35483870967741926,0.5
0.5999999999999999,0.2962962962962963,0.45833333333333326,0.4351851851851851,0.6964285714285714,0.5987261146496816,0.6165254237288136,0.635757332261953,0.7828947368421058,0.37037037037037024,0.306451612903226,0.5
0.5999999999999999,0.08641975308641975,0.4374999999999999,0.287037037037037,0.7321428571428571,0.30573248407643316,0.3622881355932203,0.5329047810365637,0.8355263157894739,0.33333333333333326,0.25806451612903225,0.5
0.3999999999999999,0.5185185185185185,0.2291666666666666,0.6944444444444444,0.4464285714285715,0.22929936305732485,0.5190677966101694,0.5843310566492548,0.3881578947368429,0.5925925925925924,0.4193548387096775,0.33333333333333326
0.4999999999999998,0.3950617283950617,0.5208333333333333,0.20833333333333331,0.4107142857142857,0.3694267515923567,0.336864406779661,0.32077139413419076,0.5723684210526323,0.4444444444444443,0.6129032258064517,0.5
0.5499999999999998,0.3950617283950617,0.5208333333333333,0.11111111111111112,0.3571428571428572,0.43312101910828027,0.3495762711864407,0.21791884290880148,0.4934210526315792,0.38888888888888873,0.6774193548387097,0.5
0.5499999999999998,0.345679012345679,0.4999999999999999,0.06944444444444445,0.6607142857142856,0.1656050955414013,0.23940677966101692,0.3786259541984762,0.5197368421052642,0.35185185185185175,0.4193548387096775,0.5
0.6749999999999998,0.24691358024691357,0.6249999999999999,0.060185185185185175,0.6964285714285714,0.267515923566879,0.3029661016949152,0.44933708316593624,0.6118421052631589,0.4259259259259258,0.370967741935484,0.5
1.0,1.0,0.7499999999999999,0.3703703703703703,0.6607142857142856,0.40764331210191085,0.7097457627118644,0.7900361591000475,0.414473684210527,0.685185185185185,0.35483870967741926,0.16666666666666663
0.7499999999999998,0.5185185185185185,0.4999999999999999,0.37731481481481477,0.3571428571428572,0.39490445859872614,0.684322033898305,0.5843310566492548,0.4013157894736845,0.4444444444444443,0.435483870967742,0.33333333333333326
0.7749999999999999,0.49382716049382724,0.47916666666666663,0.1388888888888889,0.4107142857142857,0.089171974522293,0.23940677966101692,0.3143431096826035,0.3223684210526314,0.16666666666666663,0.596774193548387,0.16666666666666663
0.9249999999999998,0.41975308641975306,0.375,0.18981481481481483,0.2857142857142858,0.3694267515923567,0.3072033898305085,0.32719967858577803,0.2697368421052633,0.20370370370370372,0.6451612903225807,0.5
0.6499999999999999,0.24691358024691357,0.375,0.032407407407407406,0.5892857142857143,0.30573248407643316,0.3622881355932203,0.44290879871434896,0.9407894736842111,0.8148148148148148,0.4193548387096775,0.5
0.3749999999999998,0.3950617283950617,0.5833333333333333,0.05555555555555555,0.2857142857142858,0.05095541401273886,0.17584745762711862,0.1664925672961033,0.6513157894736845,0.2222222222222222,0.6774193548387097,0.16666666666666663
0.2999999999999998,0.6172839506172839,0.6041666666666665,0.4212962962962962,0.4464285714285715,0.3439490445859873,0.44279661016949157,0.5329047810365637,0.8750000000000004,0.4814814814814813,0.4838709677419355,0.5
0.4999999999999998,0.7160493827160493,0.39583333333333326,0.15740740740740738,0.2678571428571429,0.3439490445859873,0.2521186440677966,0.1857774206508651,0.5592105263157898,0.4444444444444443,0.709677419354839,0.6666666666666665
1.0,1.0,0.29166666666666663,0.08333333333333333,1.0,0.21656050955414013,0.4046610169491525,0.49433507432704715,0.0,0.40740740740740733,0.22580645161290325,0.5
0.8999999999999999,0.345679012345679,0.39583333333333326,0.8425925925925926,0.23214285714285726,0.6751592356687899,0.4682203389830508,0.7000401767778257,0.2039473684210531,0.2407407407407406,0.5806451612903225,0.33333333333333326
0.5499999999999998,0.6666666666666666,0.45833333333333326,0.05555555555555555,0.9642857142857142,0.1656050955414013,0.6038135593220338,0.46862193652069095,0.4934210526315792,0.4629629629629628,0.22580645161290325,0.33333333333333326
0.6499999999999999,0.2716049382716049,0.4374999999999999,0.5648148148148148,0.6785714285714285,0.5923566878980893,0.8877118644067796,0.7386098834873494,0.44078947368421106,0.4999999999999999,0.17741935483870974,0.6666666666666665
0.5249999999999999,0.5925925925925926,0.08333333333333329,0.3333333333333333,0.4821428571428572,0.11464968152866242,0.413135593220339,0.5714744877460944,0.5592105263157898,0.2777777777777777,0.19354838709677402,0.33333333333333326
0.6999999999999997,0.5925925925925926,1.0,0.7476851851851851,0.625,0.5222929936305732,0.6080508474576272,0.8221775813579839,0.45394736842105265,0.5925925925925924,0.19354838709677402,0.33333333333333326
0.6499999999999999,0.2716049382716049,0.4374999999999999,0.5648148148148148,0.6785714285714285,0.5923566878980893,0.815677966101695,0.7386098834873494,0.44078947368421106,0.4999999999999999,0.17741935483870974,0.6666666666666665
0.2999999999999998,0.6419753086419754,0.3124999999999999,0.2222222222222222,0.8035714285714284,0.267515923566879,0.451271186440678,0.5136199276818019,0.5855263157894739,0.40740740740740733,0.16129032258064524,0.6666666666666665
0.7249999999999999,0.3950617283950617,0.45833333333333326,0.032407407407407406,0.5714285714285714,0.39490445859872614,0.3665254237288136,0.3786259541984762,0.5460526315789482,0.611111111111111,0.4516129032258067,0.5
0.7999999999999998,0.691358024691358,0.7083333333333331,0.43981481481481477,0.6785714285714285,0.3439490445859873,0.5360169491525424,0.7128967456810003,0.7828947368421058,0.4444444444444443,0.24193548387096775,0.5
0.6499999999999999,0.5185185185185185,0.33333333333333326,0.14814814814814814,0.5178571428571428,0.356687898089172,0.4004237288135593,0.3143431096826035,0.4013157894736845,0.33333333333333326,0.4838709677419355,0.5
0.44999999999999973,0.5925925925925926,0.375,0.47685185185185186,0.4642857142857143,0.445859872611465,0.5360169491525424,0.590759341100842,0.5723684210526323,0.4629629629629628,0.3225806451612905,0.33333333333333326
0.3749999999999998,0.5432098765432098,0.3124999999999999,0.27777777777777773,0.4464285714285715,0.4585987261146497,0.5148305084745762,0.5071916432302217,0.5460526315789482,0.4629629629629628,0.24193548387096775,0.33333333333333326
0.3999999999999999,0.6172839506172839,0.3124999999999999,0.42592592592592593,0.4642857142857143,0.3439490445859873,0.3792372881355932,0.5457613499397453,0.6381578947368429,0.4629629629629628,0.33870967741935476,0.5
0.6749999999999998,0.24691358024691357,0.45833333333333326,0.5138888888888888,0.6428571428571428,0.28025477707006374,0.3156779661016949,0.635757332261953,0.5065789473684217,0.40740740740740733,0.24193548387096775,0.6666666666666665
0.4249999999999998,0.7654320987654321,1.0,0.027777777777777776,1.0,0.15286624203821658,0.2309322033898305,0.41719566090799987,0.36184210526315885,0.574074074074074,0.24193548387096775,0.33333333333333326
0.4999999999999998,0.41975308641975306,0.18749999999999992,0.037037037037037035,0.7321428571428571,0.14012738853503187,0.4978813559322034,0.4107673764564126,0.4013157894736845,0.37037037037037024,0.24193548387096775,0.33333333333333326
0.3999999999999999,0.24691358024691357,0.47916666666666663,0.41666666666666663,0.6607142857142856,0.28025477707006374,0.298728813559322,0.590759341100842,0.7171052631578951,0.4999999999999999,0.22580645161290325,0.5
0.5749999999999997,0.24691358024691357,0.47916666666666663,0.537037037037037,0.5892857142857143,0.43312101910828027,0.4470338983050848,0.6164724789072054,0.15131578947368451,0.5925925925925924,0.22580645161290325,0.5
0.6999999999999997,0.4691358024691358,0.6874999999999999,0.09259259259259259,0.5178571428571428,0.3439490445859873,0.3834745762711864,0.2629168340699053,0.664473684210527,0.5370370370370369,0.7580645161290325,0.5
1.0,0.37037037037037035,0.5416666666666665,0.4675925925925925,0.3928571428571429,0.40764331210191085,0.5317796610169492,0.706468461229413,0.37500000000000044,0.18518518518518512,0.27419354838709675,0.33333333333333326
0.7749999999999999,0.49382716049382724,0.6666666666666665,0.19907407407407407,0.7678571428571428,0.3694267515923567,0.565677966101695,0.6100441944556181,0.6118421052631589,0.5370370370370369,0.27419354838709675,0.5
0.5499999999999998,0.345679012345679,0.35416666666666663,0.023148148148148154,0.3928571428571429,0.22929936305732485,0.21822033898305082,0.19863398955403966,0.3881578947368429,0.29629629629629617,0.596774193548387,0.5
0.6249999999999998,0.24691358024691357,0.4166666666666665,0.018518518518518517,0.375,0.30573248407643316,0.3453389830508475,0.1857774206508651,0.37500000000000044,0.2777777777777777,0.596774193548387,0.5
0.5749999999999997,0.4444444444444444,0.20833333333333323,0.3518518518518518,0.6428571428571428,0.6496815286624205,0.7097457627118644,0.5714744877460944,0.46710526315789513,0.5555555555555555,0.27419354838709675,0.33333333333333326
0.44999999999999973,0.41975308641975306,0.6874999999999999,0.49537037037037035,0.6071428571428571,0.9554140127388535,0.896186440677966,0.6100441944556181,0.5723684210526323,0.5555555555555555,0.24193548387096775,0.5
0.3999999999999999,0.3950617283950617,0.29166666666666663,0.3101851851851851,0.9642857142857142,0.3694267515923567,0.5826271186440678,0.5843310566492548,0.5855263157894739,0.574074074074074,0.17741935483870974,0.33333333333333326
0.2999999999999998,0.49382716049382724,0.375,0.07870370370370369,0.6428571428571428,0.267515923566879,0.5402542372881356,0.44290879871434896,0.5592105263157898,0.8333333333333331,0.370967741935484,0.5
0.7499999999999998,0.3950617283950617,0.6041666666666665,0.06944444444444445,0.7678571428571428,0.15286624203821658,0.625,0.44290879871434896,0.5328947368421058,0.611111111111111,0.306451612903226,0.33333333333333326
0.6999999999999997,0.4691358024691358,0.4999999999999999,0.06481481481481481,0.7857142857142856,0.21656050955414013,0.6588983050847458,0.46862193652069095,0.5460526315789482,0.6296296296296297,0.306451612903226,0.33333333333333326
0.7249999999999999,0.7654320987654321,0.5208333333333333,0.4351851851851851,0.7321428571428571,0.42038216560509556,0.6716101694915254,0.6614704700683021,0.5986842105263164,0.7037037037037034,0.35483870967741926,0.33333333333333326
1.0,0.3950617283950617,0.4999999999999999,0.7013888888888888,0.3571428571428572,0.178343949044586,0.47669491525423724,0.5714744877460944,0.2565789473684217,0.2777777777777777,0.6612903225806452,0.5
0.44999999999999973,0.37037037037037035,0.3124999999999999,0.1527777777777778,0.5357142857142857,0.43312101910828027,0.5021186440677966,0.32719967858577803,0.45394736842105265,0.7777777777777776,0.5322580645161292,0.6666666666666665
0.5749999999999997,0.4444444444444444,0.4374999999999999,0.06481481481481481,0.2857142857142858,0.14012738853503187,0.4597457627118644,0.29505825632784877,0.5065789473684217,0.4999999999999999,0.5483870967741937,0.33333333333333326
0.5499999999999998,0.5925925925925926,0.5416666666666665,0.04166666666666667,0.4285714285714286,0.28025477707006374,0.4470338983050848,0.30148654077943604,0.4802631578947376,0.7777777777777776,0.6774193548387097,0.5
0.6499999999999999,0.3950617283950617,0.35416666666666663,0.046296296296296294,0.7678571428571428,0.6496815286624205,0.5529661016949152,0.41719566090799987,0.4934210526315792,0.5185185185185184,0.306451612903226,0.6666666666666665
0.5249999999999999,0.32098765432098764,0.4999999999999999,0.037037037037037035,0.7321428571428571,0.42038216560509556,0.4936440677966102,0.4300522298111744,0.9999999999999996,0.9999999999999999,0.370967741935484,0.5
0.6499999999999999,0.22222222222222227,0.4166666666666665,0.037037037037037035,0.5714285714285714,0.267515923566879,0.3707627118644068,0.4364805142627617,0.9407894736842111,0.7962962962962962,0.3870967741935485,0.5
0.9249999999999998,0.49382716049382724,0.5208333333333333,0.611111111111111,0.4642857142857143,0.3821656050955414,0.5995762711864406,0.706468461229413,0.4276315789473686,0.33333333333333326,0.306451612903226,0.5
0.7499999999999998,0.5432098765432098,0.5833333333333333,0.032407407407407406,0.6428571428571428,0.178343949044586,0.3241525423728814,0.44933708316593624,0.6776315789473686,0.7407407407407406,0.3225806451612905,0.33333333333333326
0.8249999999999997,0.41975308641975306,0.6041666666666665,0.14814814814814814,0.6428571428571428,0.20382165605095542,0.4639830508474576,0.3657693852953017,0.5328947368421058,0.29629629629629617,0.5645161290322582,0.5
0.7249999999999999,0.49382716049382724,0.4166666666666665,0.29166666666666663,0.4642857142857143,0.3439490445859873,0.6080508474576272,0.5200482121333891,0.8355263157894739,0.7037037037037034,0.403225806451613,0.5
0.4249999999999998,0.3950617283950617,0.5624999999999999,0.07407407407407408,0.2142857142857144,0.43312101910828027,0.48516949152542377,0.17292085174769056,0.6250000000000004,0.2592592592592592,0.7258064516129035,0.6666666666666665
0.5499999999999998,0.345679012345679,0.47916666666666663,0.046296296296296294,0.5357142857142857,0.4840764331210191,0.4258474576271186,0.27577340297307984,0.23026315789473717,0.40740740740740733,0.403225806451613,0.5
0.7999999999999998,0.9135802469135803,0.39583333333333326,0.4722222222222222,0.6428571428571428,0.29299363057324845,0.5826271186440678,0.5521896343913326,0.3355263157894739,0.4629629629629628,0.5483870967741937,0.6666666666666665
0.5249999999999999,0.37037037037037035,0.4999999999999999,0.5648148148148148,0.7321428571428571,0.535031847133758,0.6334745762711864,0.7000401767778257,0.8092105263157898,0.37037037037037024,0.2903225806451615,0.5
0.6999999999999997,0.37037037037037035,0.35416666666666663,0.6805555555555556,0.9285714285714284,0.3821656050955414,0.6207627118644068,0.7386098834873494,0.29605263157894735,0.40740740740740733,0.19354838709677402,0.16666666666666663
0.7249999999999999,0.49382716049382724,1.0,0.5324074074074073,0.5535714285714285,0.7388535031847134,0.6673728813559322,0.7193250301325875,0.36184210526315885,0.4444444444444443,0.14516129032258074,0.33333333333333326
0.7249999999999999,0.4691358024691358,1.0,0.5277777777777778,0.5535714285714285,0.7898089171974523,0.6758474576271186,0.7128967456810003,0.3486842105263164,0.4444444444444443,0.14516129032258074,0.33333333333333326
0.5749999999999997,0.2962962962962963,0.5624999999999999,0.5092592592592592,0.4821428571428572,0.5477707006369427,0.44279661016949157,0.635757332261953,0.15131578947368451,0.685185185185185,0.24193548387096775,0.6666666666666665
0.5249999999999999,0.41975308641975306,0.5416666666666665,0.3981481481481481,0.3392857142857144,0.5095541401273885,0.5529661016949152,0.4879067898754599,0.5328947368421058,0.2592592592592592,0.5645161290322582,0.5
0.8999999999999999,0.2962962962962963,0.45833333333333326,0.10185185185185185,0.6964285714285714,0.178343949044586,0.2944915254237288,0.4531940538368886,0.2039473684210531,0.4259259259259258,0.24193548387096775,0.5
0.4249999999999998,0.7654320987654321,0.5416666666666665,0.046296296296296294,0.6071428571428571,0.10191082802547771,0.6122881355932204,0.5174768983527613,0.7171052631578951,0.5370370370370369,0.27419354838709675,0.33333333333333326
0.5999999999999999,0.37037037037037035,0.6041666666666665,0.2546296296296296,0.9285714285714284,0.22929936305732485,0.298728813559322,0.5046203294495797,0.4802631578947376,0.9999999999999999,0.27419354838709675,0.33333333333333326
0.5249999999999999,0.8888888888888888,0.6874999999999999,0.3657407407407407,0.5892857142857143,0.10191082802547771,0.5402542372881356,0.6614704700683021,0.6776315789473686,0.4444444444444443,0.24193548387096775,0.5
0.5749999999999997,0.49382716049382724,0.20833333333333323,0.3333333333333333,0.4464285714285715,0.5859872611464969,0.6970338983050848,0.5579750903977541,0.46710526315789513,0.5185185185185184,0.22580645161290325,0.33333333333333326
0.3999999999999999,0.6419753086419754,0.2291666666666666,0.662037037037037,0.8035714285714284,0.445859872611465,0.6038135593220338,0.7193250301325875,0.4276315789473686,0.4259259259259258,0.16129032258064524,0.16666666666666663
0.32499999999999973,0.1728395061728395,0.4166666666666665,0.25925925925925924,0.5535714285714285,0.4713375796178344,0.5572033898305084,0.4885496183206115,0.9999999999999996,0.40740740740740733,0.4193548387096775,0.5
0.5999999999999999,0.5185185185185185,0.18749999999999992,0.3518518518518518,0.4821428571428572,0.4968152866242038,0.6800847457627118,0.5997589393330784,0.46710526315789513,0.4999999999999999,0.17741935483870974,0.33333333333333326
0.32499999999999973,0.37037037037037035,0.7499999999999999,0.4629629629629629,1.0,0.5987261146496816,0.6334745762711864,0.6351145038168013,0.3223684210526314,0.5925925925925924,0.12903225806451624,0.33333333333333326
0.47499999999999987,0.37037037037037035,0.6874999999999999,0.4907407407407407,0.5714285714285714,0.6369426751592357,0.6419491525423728,0.6730413820811592,0.9671052631578951,0.9629629629629627,0.3870967741935485,0.33333333333333326
0.5499999999999998,0.691358024691358,0.1041666666666666,0.5092592592592592,0.4999999999999999,0.42038216560509556,0.8834745762711864,0.6807553234230639,0.4276315789473686,0.5370370370370369,0.14516129032258074,0.33333333333333326
0.6749999999999998,0.5679012345679012,0.3124999999999999,0.3009259259259259,0.2857142857142858,0.3312101910828026,0.5148305084745762,0.4409803133788728,0.46710526315789513,0.29629629629629617,0.4193548387096775,0.6666666666666665
0.6499999999999999,0.2962962962962963,0.4166666666666665,0.050925925925925916,0.5714285714285714,0.178343949044586,0.3411016949152542,0.34198473282443587,0.6250000000000004,0.4259259259259258,0.4193548387096775,0.5
0.3749999999999998,0.4691358024691358,0.18749999999999992,0.32870370370370366,0.5892857142857143,0.5477707006369427,0.7055084745762712,0.5843310566492548,0.5592105263157898,0.4629629629629628,0.16129032258064524,0.33333333333333326
1.0,0.6419753086419754,0.9375,0.7731481481481481,0.8035714285714284,0.5605095541401274,0.913135593220339,0.9456006428284454,0.36184210526315885,0.722222222222222,0.12903225806451624,0.5
0.6499999999999999,0.24691358024691357,0.4166666666666665,0.037037037037037035,0.4821428571428572,0.40764331210191085,0.3453389830508475,0.4326235435918022,0.9671052631578951,0.7037037037037034,0.403225806451613,0.6666666666666665
0.5999999999999999,0.5185185185185185,0.2291666666666666,0.32870370370370366,0.5535714285714285,0.624203821656051,0.6546610169491526,0.5599035757332373,0.46710526315789513,0.5555555555555555,0.24193548387096775,0.33333333333333326
0.34999999999999987,0.4444444444444444,0.20833333333333323,0.1296296296296296,0.6071428571428571,0.5732484076433121,0.646186440677966,0.3400562474889526,0.44078947368421106,0.38888888888888873,0.3870967741935485,0.5
0.6249999999999998,0.32098765432098764,0.24999999999999992,0.046296296296296294,0.5535714285714285,0.42038216560509556,0.48093220338983056,0.48533547609482497,0.7565789473684217,0.4444444444444443,0.3225806451612905,0.5
0.5749999999999997,0.1481481481481482,0.5416666666666665,0.037037037037037035,0.4285714285714286,0.28025477707006374,0.4597457627118644,0.3220570510245082,0.21710526315789558,0.8518518518518517,0.3870967741935485,0.33333333333333326
0.5999999999999999,0.7654320987654321,0.9375,0.037037037037037035,1.0,0.40764331210191085,0.47669491525423724,0.4744073925271266,0.4013157894736845,0.574074074074074,0.16129032258064524,0.5
0.6999999999999997,0.9876543209876543,0.39583333333333326,0.45370370370370366,0.6071428571428571,0.7006369426751593,0.7860169491525424,0.6666130976295861,0.5723684210526323,0.4259259259259258,0.20967741935483875,0.33333333333333326
0.4249999999999998,0.691358024691358,0.45833333333333326,0.16203703703703703,0.8214285714285714,0.22929936305732485,0.48516949152542377,0.4911209321012535,0.4934210526315792,0.4259259259259258,0.16129032258064524,0.5
0.9249999999999998,0.41975308641975306,0.45833333333333326,0.10185185185185185,0.3035714285714286,0.11464968152866242,0.17584745762711862,0.3072719967858646,0.3355263157894739,0.40740740740740733,0.5645161290322582,0.5
0.5249999999999999,0.5432098765432098,0.24999999999999992,0.699074074074074,0.7321428571428571,0.5987261146496816,0.5911016949152542,0.7173965447971185,0.4013157894736845,0.4814814814814813,0.16129032258064524,0.33333333333333326
0.44999999999999973,0.2716049382716049,0.7083333333333331,0.47685185185185186,0.5357142857142857,0.6496815286624205,0.5699152542372882,0.6691844114102068,0.9407894736842111,0.9999999999999999,0.3870967741935485,0.5
1.0,0.8395061728395061,0.47916666666666663,0.27314814814814814,0.2142857142857144,0.22929936305732485,0.625,0.4936922458818813,0.36184210526315885,0.38888888888888873,0.4193548387096775,0.33333333333333326
0.3749999999999998,0.2962962962962963,0.4374999999999999,0.24537037037037035,0.3392857142857144,0.42038216560509556,0.5614406779661016,0.5984732824427468,0.8750000000000004,0.33333333333333326,0.08064516129032251,0.5
0.9249999999999998,0.2716049382716049,0.9791666666666665,0.7731481481481481,0.7142857142857142,0.5732484076433121,0.6334745762711864,0.8588188027320243,0.3486842105263164,0.8333333333333331,0.20967741935483875,0.5
0.6249999999999998,0.2716049382716049,0.33333333333333326,0.037037037037037035,0.6428571428571428,0.4968152866242038,0.3707627118644068,0.43133788670149187,0.9539473684210527,0.8148148148148148,0.403225806451613,0.6666666666666665
0.47499999999999987,0.41975308641975306,0.35416666666666663,0.5972222222222222,0.8035714285714284,0.6114649681528663,0.5783898305084746,0.6897549216552861,0.7697368421052642,0.4444444444444443,0.306451612903226,0.5
0.34999999999999987,0.41975308641975306,0.39583333333333326,0.3657407407407407,0.3571428571428572,0.3312101910828026,0.375,0.4981920449979924,0.7828947368421058,0.37037037037037024,0.3870967741935485,0.5
0.32499999999999973,0.9382716049382716,0.47916666666666663,0.25925925925925924,0.6785714285714285,0.10191082802547771,0.3156779661016949,0.5309762957010875,0.7171052631578951,0.4629629629629628,0.33870967741935476,0.33333333333333326
0.6749999999999998,0.5185185185185185,0.35416666666666663,0.6643518518518517,0.9285714285714284,0.5732484076433121,0.6716101694915254,0.7244676576938573,0.3092105263157898,0.4999999999999999,0.19354838709677402,0.16666666666666663
0.47499999999999987,0.5679012345679012,0.18749999999999992,0.32870370370370366,0.4999999999999999,0.7006369426751593,0.7648305084745762,0.5496183206106977,0.4802631578947376,0.40740740740740733,0.22580645161290325,0.5
0.6499999999999999,0.1481481481481482,0.4374999999999999,0.032407407407407406,0.3214285714285715,0.29299363057324845,0.3029661016949152,0.35805544395339695,0.9539473684210527,0.31481481481481477,0.4193548387096775,0.5
0.5749999999999997,0.7901234567901234,0.8958333333333333,0.032407407407407406,1.0,0.5477707006369427,0.548728813559322,0.4866211329851424,0.36184210526315885,0.6296296296296297,0.11290322580645151,0.33333333333333326
0.3999999999999999,0.19753086419753085,0.33333333333333326,0.032407407407407406,0.5714285714285714,0.22929936305732485,0.2436440677966102,0.39791080755323804,0.9999999999999996,0.5925925925925924,0.35483870967741926,0.5
0.3749999999999998,0.19753086419753085,0.27083333333333326,0.032407407407407406,0.5535714285714285,0.20382165605095542,0.19703389830508472,0.3831257533145873,0.9999999999999996,0.611111111111111,0.370967741935484,0.5
0.6499999999999999,0.6172839506172839,0.35416666666666663,0.6944444444444444,0.6071428571428571,0.8280254777070064,0.8072033898305084,0.7688228204098166,0.3355263157894739,0.8518518518518517,0.24193548387096775,0.33333333333333326
0.44999999999999973,0.8148148148148147,0.3124999999999999,0.19907407407407407,1.0,0.5732484076433121,0.527542372881356,0.4885496183206115,0.4802631578947376,0.4999999999999999,0.22580645161290325,0.33333333333333326
0.47499999999999987,0.8641975308641974,0.29166666666666663,0.20370370370370366,1.0,0.5987261146496816,0.5317796610169492,0.4885496183206115,0.4802631578947376,0.4999999999999999,0.22580645161290325,0.33333333333333326
0.6249999999999998,0.7901234567901234,0.39583333333333326,0.27314814814814814,0.3928571428571429,0.30573248407643316,0.3283898305084746,0.28091603053435676,0.46710526315789513,0.6666666666666664,0.741935483870968,0.6666666666666665
0.6499999999999999,0.24691358024691357,0.3124999999999999,0.037037037037037035,0.5714285714285714,0.24203821656050956,0.3665254237288136,0.4319807151466506,0.9407894736842111,0.7777777777777776,0.403225806451613,0.6666666666666665
0.9499999999999997,0.22222222222222227,0.39583333333333326,0.09722222222222222,0.5714285714285714,0.4585987261146497,0.5529661016949152,0.4204098031337935,0.3881578947368429,0.6296296296296297,0.4516129032258067,0.5
0.4249999999999998,0.5925925925925926,0.29166666666666663,0.027777777777777776,0.6964285714285714,0.4713375796178344,0.798728813559322,0.36062675773403896,0.4934210526315792,0.4444444444444443,0.306451612903226,0.5
0.5499999999999998,0.5925925925925926,0.45833333333333326,0.2685185185185185,0.2857142857142858,0.4585987261146497,0.4046610169491525,0.33684210526315894,0.7565789473684217,0.6666666666666664,0.6774193548387097,0.6666666666666665
0.6749999999999998,0.8395061728395061,0.20833333333333323,0.29166666666666663,0.4642857142857143,0.7643312101910829,0.5529661016949152,0.5123342707914844,0.5592105263157898,0.2777777777777777,0.3225806451612905,0.5
0.5249999999999999,0.49382716049382724,0.45833333333333326,0.3055555555555555,0.4464285714285715,0.5732484076433121,0.6292372881355932,0.4814785054238726,0.6381578947368429,0.6481481481481478,0.4193548387096775,0.6666666666666665
0.4249999999999998,0.5185185185185185,0.6874999999999999,0.4629629629629629,0.4821428571428572,0.8152866242038217,0.7733050847457628,0.619043792687826,0.5723684210526323,0.574074074074074,0.24193548387096775,0.5
0.3749999999999998,0.8148148148148147,0.18749999999999992,0.13425925925925924,0.2142857142857144,0.267515923566879,0.3792372881355932,0.1973483326637222,0.7039473684210527,0.5925925925925924,0.774193548387097,0.8333333333333333
0.6249999999999998,0.5432098765432098,0.4999999999999999,0.07870370370370369,0.4999999999999999,0.3312101910828026,0.4470338983050848,0.2397750100441982,0.7039473684210527,0.40740740740740733,0.741935483870968,0.6666666666666665
0.44999999999999973,0.345679012345679,0.39583333333333326,0.5300925925925926,0.7678571428571428,0.29299363057324845,0.4470338983050848,0.7360385697067144,0.8486842105263164,0.4259259259259258,0.22580645161290325,0.33333333333333326
0.2999999999999998,0.4444444444444444,0.18749999999999992,0.2962962962962963,0.7142857142857142,0.6114649681528663,0.739406779661017,0.5656890317396588,0.5328947368421058,0.38888888888888873,0.16129032258064524,0.33333333333333326
0.5249999999999999,0.8888888888888888,0.18749999999999992,0.5185185185185185,0.6428571428571428,0.30573248407643316,0.451271186440678,0.6678987545199035,0.5592105263157898,0.4814814814814813,0.17741935483870974,0.33333333333333326
0.6749999999999998,0.8395061728395061,0.2291666666666666,0.037037037037037035,0.8035714285714284,0.1656050955414013,0.6292372881355932,0.46862193652069095,0.3355263157894739,0.33333333333333326,0.22580645161290325,0.5
0.5499999999999998,0.691358024691358,0.4374999999999999,0.20370370370370366,0.4464285714285715,0.4840764331210191,0.5233050847457628,0.29698674166332495,0.6907894736842111,0.37037037037037024,0.6774193548387097,0.6666666666666665
0.19999999999999996,0.5308641975308641,0.2291666666666666,0.07407407407407408,0.6071428571428571,0.20382165605095542,0.48516949152542377,0.42876657292085696,0.5328947368421058,0.8518518518518517,0.3225806451612905,0.33333333333333326
0.4999999999999998,0.32098765432098764,0.9583333333333333,0.648148148148148,0.6785714285714285,0.40764331210191085,0.5911016949152542,0.7032543190036264,0.164473684210527,0.40740740740740733,0.19354838709677402,0.33333333333333326
1.0,0.49382716049382724,0.4374999999999999,0.046296296296296294,0.5357142857142857,0.43312101910828027,0.5063559322033898,0.5290478103656113,0.4013157894736845,0.4999999999999999,0.20967741935483875,0.33333333333333326
0.8249999999999997,0.49382716049382724,0.5208333333333333,0.032407407407407406,0.3571428571428572,0.11464968152866242,0.451271186440678,0.33491361992768276,0.44078947368421106,0.5185185185185184,0.2903225806451615,0.5
0.5499999999999998,0.345679012345679,0.35416666666666663,0.10185185185185185,0.375,0.535031847133758,0.47669491525423724,0.23591803937324585,0.7039473684210527,0.35185185185185175,0.6451612903225807,0.6666666666666665
0.4999999999999998,0.5925925925925926,0.4374999999999999,0.12499999999999999,0.2500000000000001,0.1656050955414013,0.2563559322033898,0.22498995580554748,0.6907894736842111,0.759259259259259,0.741935483870968,0.6666666666666665
0.5499999999999998,0.2716049382716049,0.4999999999999999,0.26388888888888884,0.3035714285714286,0.5095541401273885,0.4555084745762712,0.3027721976697535,0.664473684210527,0.29629629629629617,0.6774193548387097,0.5
0.7249999999999999,0.8395061728395061,0.6041666666666665,0.34722222222222215,0.8214285714285714,0.5987261146496816,0.527542372881356,0.6100441944556181,0.7828947368421058,0.6666666666666664,0.4838709677419355,0.5
0.6499999999999999,0.2962962962962963,0.45833333333333326,0.046296296296296294,0.4107142857142857,0.40764331210191085,0.4088983050847458,0.2629168340699053,0.5855263157894739,0.31481481481481477,0.6451612903225807,0.6666666666666665
0.6749999999999998,0.3950617283950617,1.0,0.4629629629629629,0.5357142857142857,0.624203821656051,0.565677966101695,0.6865407794294995,0.46710526315789513,0.40740740740740733,0.12903225806451624,0.33333333333333326
0.6749999999999998,0.4444444444444444,1.0,0.5185185185185185,0.5535714285714285,0.713375796178344,0.6122881355932204,0.7090397750100479,0.4802631578947376,0.4444444444444443,0.14516129032258074,0.16666666666666663
0.44999999999999973,0.7901234567901234,0.47916666666666663,0.050925925925925916,0.3571428571428572,0.4713375796178344,0.2733050847457627,0.24748895138609583,0.9999999999999996,0.4814814814814813,0.7580645161290325,0.6666666666666665
0.7999999999999998,0.2962962962962963,0.4374999999999999,0.34722222222222215,0.3928571428571429,0.5095541401273885,0.4682203389830508,0.4294094013660086,0.3881578947368429,0.8333333333333331,0.6129032258064517,0.5
0.0,0.9012345679012346,0.0,0.037037037037037035,0.6785714285714285,0.11464968152866242,0.6716101694915254,0.4596223382884759,0.9999999999999996,0.611111111111111,0.35483870967741926,0.33333333333333326
0.32499999999999973,0.8148148148148147,0.0,0.032407407407407406,0.375,0.267515923566879,0.43008474576271183,0.33234230614705496,0.5723684210526323,0.722222222222222,0.306451612903226,0.5
0.6999999999999997,0.2962962962962963,0.5208333333333333,0.05555555555555555,0.4642857142857143,0.5095541401273885,0.5444915254237288,0.4011249497790317,0.7171052631578951,0.8148148148148148,0.5,0.5
0.5249999999999999,0.5432098765432098,0.24999999999999992,0.3055555555555555,0.5357142857142857,0.6624203821656052,0.722457627118644,0.5682603455202937,0.5460526315789482,0.4814814814814813,0.22580645161290325,0.33333333333333326
0.5499999999999998,0.6666666666666666,0.1666666666666666,0.023148148148148154,0.6071428571428571,0.06369426751592358,0.4216101694915254,0.37669746886300004,0.4276315789473686,0.2592592592592592,0.27419354838709675,0.5
0.5249999999999999,0.6666666666666666,0.9583333333333333,0.5254629629629629,0.4107142857142857,0.25477707006369427,0.3877118644067797,0.6274005624748966,0.4013157894736845,0.12962962962962954,0.27419354838709675,0.33333333333333326
0.6999999999999997,0.5432098765432098,0.6458333333333333,0.07407407407407408,0.6964285714285714,0.3439490445859873,0.6588983050847458,0.4718360787464846,0.5065789473684217,0.574074074074074,0.2903225806451615,0.33333333333333326
0.6749999999999998,0.7407407407407407,0.4166666666666665,0.5601851851851851,0.625,0.29299363057324845,0.8029661016949152,0.7386098834873494,0.5855263157894739,0.685185185185185,0.20967741935483875,0.5
0.6749999999999998,0.5432098765432098,0.47916666666666663,0.037037037037037035,0.3035714285714286,0.3694267515923567,0.5995762711864406,0.284773001205302,0.19078947368421106,0.37037037037037024,0.403225806451613,0.33333333333333326
0.3749999999999998,0.7901234567901234,0.47916666666666663,0.4629629629629629,0.6071428571428571,0.4585987261146497,0.8029661016949152,0.706468461229413,0.8750000000000004,0.685185185185185,0.20967741935483875,0.5
0.4999999999999998,0.7160493827160493,0.39583333333333326,0.060185185185185175,0.16071428571428586,0.7898089171974523,0.3665254237288136,0.18127762153475402,0.8486842105263164,0.7037037037037034,0.741935483870968,0.8333333333333333
0.6749999999999998,0.37037037037037035,0.5416666666666665,0.7962962962962963,0.7678571428571428,1.0,0.815677966101695,0.9835275210928174,0.8355263157894739,0.38888888888888873,0.14516129032258074,0.33333333333333326
0.875,0.4691358024691358,0.5208333333333333,0.44444444444444436,0.5892857142857143,0.6114649681528663,0.4173728813559322,0.6460425873845068,0.4934210526315792,0.5370370370370369,0.370967741935484,0.33333333333333326
0.4999999999999998,0.4444444444444444,0.27083333333333326,0.19444444444444442,0.4642857142857143,1.0,0.7563559322033898,0.4666934511852219,0.6381578947368429,0.8333333333333331,0.4193548387096775,0.33333333333333326
0.4249999999999998,0.49382716049382724,0.5416666666666665,0.42592592592592593,0.9285714285714284,0.7515923566878981,0.6800847457627118,0.6486139011651275,0.45394736842105265,0.6481481481481478,0.16129032258064524,0.16666666666666663
0.5999999999999999,0.6419753086419754,0.4374999999999999,0.3611111111111111,0.6428571428571428,0.4840764331210191,0.625,0.6717557251908417,0.8881578947368429,0.7407407407407406,0.27419354838709675,0.33333333333333326
0.5499999999999998,0.37037037037037035,0.35416666666666663,0.3055555555555555,0.4642857142857143,0.24203821656050956,0.298728813559322,0.5129770992366502,0.5460526315789482,0.611111111111111,0.24193548387096775,0.5
0.7249999999999999,0.5185185185185185,0.4166666666666665,0.19444444444444442,0.8035714285714284,0.3184713375796179,0.5783898305084746,0.5534752912816501,0.9013157894736854,0.685185185185185,0.370967741935484,0.5
0.7249999999999999,0.7901234567901234,0.375,0.18055555555555552,0.3392857142857144,0.3184713375796179,0.3199152542372881,0.2982723985536424,0.5328947368421058,0.685185185185185,0.6935483870967745,0.8333333333333333
0.47499999999999987,0.22222222222222227,0.375,0.037037037037037035,0.3035714285714286,0.4713375796178344,0.548728813559322,0.34905584572117476,0.7828947368421058,0.5555555555555555,0.403225806451613,0.33333333333333326
0.8249999999999997,0.3950617283950617,0.35416666666666663,0.4814814814814814,0.4999999999999999,0.4968152866242038,0.8114406779661016,0.6203294495781435,0.4013157894736845,0.4999999999999999,0.3225806451612905,0.5
0.7249999999999999,0.49382716049382724,1.0,0.48611111111111105,0.4285714285714286,0.713375796178344,0.6758474576271186,0.6936118923262384,0.36184210526315885,0.40740740740740733,0.12903225806451624,0.16666666666666663
0.6749999999999998,0.37037037037037035,0.4166666666666665,0.09259259259259259,0.2857142857142858,0.28025477707006374,0.3326271186440678,0.3104861390116582,0.2565789473684217,0.5925925925925924,0.467741935483871,0.5
0.875,0.4444444444444444,0.45833333333333326,0.06481481481481481,0.2500000000000001,0.15286624203821658,0.5148305084745762,0.23527521092808712,0.19078947368421106,0.9999999999999999,0.6774193548387097,0.5
0.7749999999999999,0.9382716049382716,0.6458333333333333,0.43981481481481477,1.0,0.21656050955414013,0.6970338983050848,0.6884692647649828,0.3355263157894739,0.7407407407407406,0.24193548387096775,0.33333333333333326
0.7749999999999999,0.5679012345679012,0.27083333333333326,0.5879629629629629,0.5892857142857143,0.5605095541401274,0.815677966101695,0.791321815990365,0.8750000000000004,0.685185185185185,0.3225806451612905,0.33333333333333326
0.7749999999999999,0.41975308641975306,0.5208333333333333,0.5,0.4464285714285715,0.6496815286624205,0.7733050847457628,0.6408999598232228,0.4013157894736845,0.6481481481481478,0.25806451612903225,0.5
0.32499999999999973,0.49382716049382724,0.1458333333333333,0.032407407407407406,0.8035714285714284,0.43312101910828027,0.451271186440678,0.4126958617918888,0.4276315789473686,0.4444444444444443,0.11290322580645151,0.5
0.5499999999999998,0.24691358024691357,0.35416666666666663,0.037037037037037035,0.5178571428571428,0.5605095541401274,0.2944915254237288,0.3503415026114922,0.7697368421052642,0.4814814814814813,0.435483870967742,0.6666666666666665
0.4249999999999998,0.32098765432098764,0.39583333333333326,0.037037037037037035,0.5535714285714285,0.30573248407643316,0.19703389830508472,0.31370028123745186,0.8223684210526323,0.4814814814814813,0.5,0.5
0.6999999999999997,0.9876543209876543,0.4999999999999999,0.2962962962962963,0.16071428571428586,0.15286624203821658,0.4682203389830508,0.30148654077943604,0.5855263157894739,0.4259259259259258,0.7258064516129035,0.6666666666666665
0.5749999999999997,0.6419753086419754,0.47916666666666663,0.06481481481481481,0.6428571428571428,0.3439490445859873,0.4682203389830508,0.4133386902370475,0.6513157894736845,0.5185185185185184,0.3870967741935485,0.5
1.0,0.32098765432098764,0.5833333333333333,0.027777777777777776,0.23214285714285726,0.22929936305732485,0.3114406779661017,0.3426275612695875,0.5197368421052642,0.2777777777777777,0.5645161290322582,0.33333333333333326
0.6499999999999999,0.5925925925925926,0.375,0.5694444444444444,0.4464285714285715,0.7388535031847134,0.8538135593220338,0.7199678585777534,0.3223684210526314,0.8148148148148148,0.22580645161290325,0.33333333333333326
0.2999999999999998,1.0,0.375,0.20370370370370366,1.0,0.1910828025477707,0.4639830508474576,0.44033748493370695,0.29605263157894735,0.2592592592592592,0.20967741935483875,0.33333333333333326
0.8249999999999997,0.41975308641975306,0.5208333333333333,0.43981481481481477,0.625,0.356687898089172,0.43008474576271183,0.6511852149457624,0.4802631578947376,0.4999999999999999,0.33870967741935476,0.5
0.8499999999999996,0.41975308641975306,0.7708333333333333,0.14583333333333331,0.625,0.15286624203821658,0.3495762711864407,0.5226195259140312,0.6250000000000004,0.6666666666666664,0.27419354838709675,0.33333333333333326
0.4249999999999998,0.24691358024691357,0.4166666666666665,0.050925925925925916,0.3571428571428572,0.4713375796178344,0.527542372881356,0.3593411008437215,0.9013157894736854,0.5185185185185184,0.403225806451613,0.5
0.47499999999999987,0.3950617283950617,0.35416666666666663,0.5555555555555555,0.6785714285714285,0.535031847133758,0.6885593220338982,0.7013258336681432,0.8092105263157898,0.37037037037037024,0.27419354838709675,0.33333333333333326
0.44999999999999973,0.5925925925925926,0.3124999999999999,0.032407407407407406,0.8035714285714284,0.5159235668789809,0.7817796610169492,0.5149055845721264,0.9999999999999996,0.5370370370370369,0.19354838709677402,0.33333333333333326
0.6999999999999997,0.5925925925925926,0.5416666666666665,0.046296296296296294,1.0,0.28025477707006374,0.5021186440677966,0.4673362796303806,0.5065789473684217,0.40740740740740733,0.2903225806451615,0.33333333333333326
0.6499999999999999,0.6172839506172839,0.7291666666666665,0.324074074074074,0.625,0.4840764331210191,0.8792372881355932,0.6222579349136268,0.414473684210527,0.5555555555555555,0.16129032258064524,0.33333333333333326
0.5999999999999999,0.5432098765432098,0.4374999999999999,0.34722222222222215,0.625,0.4840764331210191,0.7139830508474576,0.604901566894334,0.45394736842105265,0.4999999999999999,0.17741935483870974,0.5
0.6499999999999999,0.6419753086419754,0.4374999999999999,0.662037037037037,0.3928571428571429,0.8662420382165605,0.6334745762711864,0.6344716753716355,0.5855263157894739,0.2777777777777777,0.3870967741935485,0.5
0.32499999999999973,0.19753086419753085,0.4166666666666665,0.25,0.2678571428571429,0.3439490445859873,0.527542372881356,0.4904781036560877,0.9999999999999996,0.4444444444444443,0.435483870967742,0.5
0.3749999999999998,0.04938271604938271,0.3124999999999999,0.25,0.4285714285714286,0.29299363057324845,0.3707627118644068,0.5142627561269677,0.9999999999999996,0.4999999999999999,0.403225806451613,0.6666666666666665
0.34999999999999987,0.9135802469135803,1.0,0.3055555555555555,1.0,0.5732484076433121,0.7733050847457628,0.5599035757332373,0.5328947368421058,0.38888888888888873,0.19354838709677402,0.33333333333333326
0.2999999999999998,0.6172839506172839,0.18749999999999992,0.11111111111111112,0.375,0.03821656050955414,0.2775423728813559,0.26613097629569893,0.6250000000000004,0.33333333333333326,0.5645161290322582,0.16666666666666663
0.6999999999999997,0.9876543209876543,0.5833333333333333,0.027777777777777776,0.3392857142857144,0.03821656050955414,0.15889830508474576,0.3503415026114922,0.3223684210526314,0.5925925925925924,0.3870967741935485,0.0
0.5999999999999999,0.2962962962962963,0.4374999999999999,0.06481481481481481,0.4285714285714286,0.5222929936305732,0.7139830508474576,0.2564885496183251,0.6513157894736845,0.35185185185185175,0.6451612903225807,0.5
0.5499999999999998,0.5925925925925926,0.4166666666666665,0.19907407407407407,0.375,0.4968152866242038,0.5529661016949152,0.2937725994375313,0.7565789473684217,0.38888888888888873,0.6774193548387097,0.5
0.5499999999999998,0.345679012345679,0.4166666666666665,0.38425925925925924,0.625,0.28025477707006374,0.298728813559322,0.5431900361591033,0.6381578947368429,0.4444444444444443,0.2903225806451615,0.5
1.0,0.37037037037037035,0.9791666666666665,0.7337962962962962,0.857142857142857,0.6433121019108281,0.9999999999999999,0.8916030534351265,0.3881578947368429,0.5370370370370369,0.20967741935483875,0.33333333333333326
0.3999999999999999,0.4691358024691358,0.20833333333333323,0.06481481481481481,1.0,0.24203821656050956,0.7266949152542372,0.5174768983527613,0.9013157894736854,0.759259259259259,0.25806451612903225,0.16666666666666663
0.3999999999999999,0.4691358024691358,0.20833333333333323,0.060185185185185175,1.0,0.24203821656050956,0.7478813559322034,0.5174768983527613,0.9013157894736854,0.7777777777777776,0.24193548387096775,0.16666666666666663
0.5499999999999998,0.37037037037037035,0.6874999999999999,0.20833333333333331,0.4821428571428572,0.445859872611465,0.527542372881356,0.5187625552430717,0.914473684210527,0.685185185185185,0.35483870967741926,0.5
0.5249999999999999,0.1728395061728395,0.39583333333333326,0.17592592592592593,0.2500000000000001,0.15286624203821658,0.3707627118644068,0.4088388911209364,0.5723684210526323,0.4444444444444443,0.3870967741935485,0.8333333333333333
0.47499999999999987,0.4444444444444444,0.4166666666666665,0.2407407407407407,0.17857142857142871,0.30573248407643316,0.2309322033898305,0.37219766974688895,0.6250000000000004,0.574074074074074,0.4838709677419355,0.5
0.6999999999999997,0.2962962962962963,1.0,0.5694444444444444,0.4821428571428572,0.6878980891719746,0.5953389830508474,0.7263961430293406,0.3223684210526314,0.35185185185185175,0.11290322580645151,0.33333333333333326
0.5249999999999999,0.5432098765432098,0.4166666666666665,0.032407407407407406,0.6785714285714285,0.28025477707006374,0.7182203389830508,0.4184813177983173,0.6381578947368429,0.5925925925925924,0.306451612903226,0.16666666666666663
0.5249999999999999,0.5432098765432098,0.4374999999999999,0.032407407407407406,0.6785714285714285,0.28025477707006374,0.7055084745762712,0.4178384893531586,0.6381578947368429,0.5925925925925924,0.306451612903226,0.16666666666666663
0.6999999999999997,0.32098765432098764,0.5416666666666665,0.027777777777777776,0.4642857142857143,0.06369426751592358,0.3665254237288136,0.27577340297307984,0.3355263157894739,0.4259259259259258,0.5322580645161292,0.16666666666666663
0.4999999999999998,0.9382716049382716,0.35416666666666663,0.09722222222222222,0.4821428571428572,0.3312101910828026,0.2690677966101695,0.25905986339896003,0.7565789473684217,0.5370370370370369,0.6451612903225807,0.8333333333333333
0.5499999999999998,0.49382716049382724,0.35416666666666663,0.050925925925925916,0.4821428571428572,0.40764331210191085,0.4682203389830508,0.34648453194054696,0.8223684210526323,0.5185185185185184,0.435483870967742,0.8333333333333333
0.4249999999999998,0.3950617283950617,0.4166666666666665,0.3518518518518518,0.4999999999999999,0.3821656050955414,0.5783898305084746,0.4769787063077615,0.4276315789473686,0.8888888888888885,0.33870967741935476,0.5
0.3999999999999999,0.22222222222222227,0.5208333333333333,0.04166666666666667,1.0,0.5095541401273885,0.489406779661017,0.4300522298111744,0.5855263157894739,0.4999999999999999,0.25806451612903225,0.6666666666666665
0.3999999999999999,0.22222222222222227,0.5208333333333333,0.04166666666666667,1.0,0.5222929936305732,0.4936440677966102,0.4300522298111744,0.5855263157894739,0.4999999999999999,0.25806451612903225,0.5
0.3749999999999998,1.0,0.9583333333333333,0.5694444444444444,0.7321428571428571,0.713375796178344,0.9851694915254238,0.7038971474487781,0.6381578947368429,0.4999999999999999,0.11290322580645151,0.33333333333333326
0.5499999999999998,0.4691358024691358,0.4166666666666665,0.1527777777777778,0.7857142857142856,0.3312101910828026,0.760593220338983,0.5779027721976817,0.9671052631578951,0.685185185185185,0.370967741935484,0.33333333333333326
0.8999999999999999,0.5432098765432098,0.33333333333333326,0.7939814814814814,0.5714285714285714,0.29299363057324845,0.8411016949152542,0.8388911209321108,0.23026315789473717,0.8148148148148148,0.17741935483870974,0.33333333333333326
0.4249999999999998,0.2716049382716049,0.375,0.19907407407407407,0.3928571428571429,0.14012738853503187,0.3453389830508475,0.2886299718762615,0.4802631578947376,0.35185185185185175,0.6129032258064517,0.5
0.7999999999999998,0.691358024691358,0.6249999999999999,0.046296296296296294,0.16071428571428586,0.30573248407643316,0.3114406779661017,0.2603455202892775,0.45394736842105265,0.4999999999999999,0.6290322580645162,0.5
0.32499999999999973,0.19753086419753085,0.3124999999999999,0.037037037037037035,0.5535714285714285,0.1910828025477707,0.2436440677966102,0.39083969465649204,0.9999999999999996,0.6481481481481478,0.370967741935484,0.5
1.0,0.2716049382716049,0.6874999999999999,0.06481481481481481,0.5714285714285714,0.178343949044586,0.3580508474576271,0.518119726797913,0.37500000000000044,0.8148148148148148,0.3225806451612905,0.16666666666666663
1.0,0.19753086419753085,0.8333333333333333,0.06481481481481481,0.5178571428571428,0.20382165605095542,0.3707627118644068,0.5161912414624439,0.3881578947368429,0.574074074074074,0.35483870967741926,0.16666666666666663
0.7999999999999998,0.4444444444444444,0.39583333333333326,0.3518518518518518,0.4107142857142857,0.89171974522293,0.7733050847457628,0.5496183206106977,0.414473684210527,0.6296296296296297,0.3225806451612905,0.5
1.0,0.6172839506172839,0.5624999999999999,0.06944444444444445,0.3392857142857144,0.21656050955414013,0.4470338983050848,0.29248694254720675,0.2039473684210531,0.9999999999999999,0.7580645161290325,0.5
1.0,0.19753086419753085,0.7708333333333333,0.05555555555555555,0.5535714285714285,0.267515923566879,0.4682203389830508,0.5631177179590239,0.3092105263157898,0.8333333333333331,0.25806451612903225,0.33333333333333326
0.44999999999999973,0.37037037037037035,0.18749999999999992,0.3657407407407407,0.5178571428571428,0.7261146496815287,0.7139830508474576,0.5444756930494279,0.46710526315789513,0.4999999999999999,0.24193548387096775,0.33333333333333326
0.7749999999999999,0.8888888888888888,0.35416666666666663,0.17824074074074076,0.3214285714285715,0.267515923566879,0.3411016949152542,0.2609883487344362,0.4802631578947376,0.5555555555555555,0.7580645161290325,0.5
0.6999999999999997,0.5679012345679012,0.375,0.2407407407407407,0.375,0.267515923566879,0.3792372881355932,0.44226597026919023,0.7039473684210527,0.5925925925925924,0.4838709677419355,0.5
0.6749999999999998,1.0,0.020833333333333287,0.5740740740740741,0.5178571428571428,0.535031847133758,0.8241525423728814,0.6621132985134679,0.3881578947368429,0.5185185185185184,0.17741935483870974,0.33333333333333326
0.5749999999999997,0.32098765432098764,0.39583333333333326,0.09722222222222222,0.3392857142857144,0.267515923566879,0.3877118644067797,0.4461229409401426,0.7171052631578951,0.7777777777777776,0.35483870967741926,0.16666666666666663
0.5499999999999998,0.19753086419753085,0.35416666666666663,0.3101851851851851,0.5714285714285714,0.356687898089172,0.8495762711864406,0.5856167135395864,0.7565789473684217,0.6666666666666664,0.33870967741935476,0.5
0.7999999999999998,0.4691358024691358,0.33333333333333326,0.8564814814814815,0.5357142857142857,0.6114649681528663,0.798728813559322,0.8613901165126592,0.3223684210526314,0.5185185185185184,0.19354838709677402,0.5
0.3749999999999998,0.7407407407407407,0.1666666666666666,0.37962962962962965,1.0,0.6114649681528663,0.815677966101695,0.701968662113309,0.8750000000000004,0.8148148148148148,0.22580645161290325,0.16666666666666663
0.34999999999999987,0.7407407407407407,0.18749999999999992,0.3148148148148148,1.0,0.3312101910828026,0.7436440677966102,0.6826838087585472,0.9539473684210527,0.9074074074074071,0.19354838709677402,0.16666666666666663
0.8499999999999996,0.3950617283950617,0.4374999999999999,0.07870370370370369,0.625,0.267515923566879,0.3665254237288136,0.4409803133788728,0.23026315789473717,0.5185185185185184,0.3225806451612905,0.33333333333333326
0.5499999999999998,0.19753086419753085,0.35416666666666663,0.2893518518518518,0.5714285714285714,0.356687898089172,0.8495762711864406,0.5856167135395864,0.7565789473684217,0.6666666666666664,0.33870967741935476,0.5
0.6249999999999998,1.0,0.0,0.5,0.5178571428571428,0.5477707006369427,0.7817796610169492,0.6441141020490235,0.45394736842105265,0.4444444444444443,0.16129032258064524,0.33333333333333326
0.3749999999999998,0.8148148148148147,0.1458333333333333,0.013888888888888888,0.3035714285714286,0.29299363057324845,0.3326271186440678,0.3619124146243493,0.46710526315789513,0.37037037037037024,0.24193548387096775,0.33333333333333326
0.32499999999999973,0.691358024691358,0.6666666666666665,0.8680555555555556,0.982142857142857,0.8280254777070064,0.7944915254237288,0.904459622338301,0.7697368421052642,0.574074074074074,0.17741935483870974,0.33333333333333326
0.8249999999999997,0.7901234567901234,0.47916666666666663,0.33796296296296297,0.2857142857142858,0.267515923566879,0.4173728813559322,0.298915226998794,0.3223684210526314,0.4444444444444443,0.8548387096774195,0.6666666666666665
0.4999999999999998,0.4444444444444444,0.7083333333333331,0.5162037037037036,0.5357142857142857,0.6496815286624205,0.7563559322033898,0.6293290478103799,0.5986842105263164,0.611111111111111,0.24193548387096775,0.33333333333333326
0.34999999999999987,0.8888888888888888,0.18749999999999992,0.32870370370370366,1.0,0.3312101910828026,0.8072033898305084,0.6813981518682297,0.9934210526315792,0.9259259259259257,0.19354838709677402,0.33333333333333326
0.5999999999999999,0.3950617283950617,0.4166666666666665,0.11111111111111112,0.375,0.1910828025477707,0.413135593220339,0.44997991161109496,0.7302631578947376,0.8518518518518517,0.33870967741935476,0.5
0.6249999999999998,0.345679012345679,0.35416666666666663,0.04166666666666667,0.4464285714285715,0.3821656050955414,0.646186440677966,0.3104861390116582,0.6118421052631589,0.4814814814814813,0.5161290322580645,0.5
0.8249999999999997,0.6419753086419754,0.39583333333333326,0.3194444444444444,0.4464285714285715,0.8662420382165605,0.8919491525423728,0.5444756930494279,0.44078947368421106,0.611111111111111,0.2903225806451615,0.5
0.3999999999999999,0.49382716049382724,0.1666666666666666,0.35648148148148145,0.4821428571428572,0.7515923566878981,0.7436440677966102,0.5566894335074366,0.5460526315789482,0.4444444444444443,0.22580645161290325,0.33333333333333326
0.3749999999999998,0.5185185185185185,0.1041666666666666,0.29861111111111105,0.5357142857142857,0.6114649681528663,0.6673728813559322,0.5483326637203803,0.5592105263157898,0.37037037037037024,0.16129032258064524,0.33333333333333326
0.3999999999999999,0.4691358024691358,0.1666666666666666,0.3611111111111111,0.5178571428571428,0.7388535031847134,0.7563559322033898,0.5573322619526024,0.5328947368421058,0.4629629629629628,0.22580645161290325,0.33333333333333326
0.6499999999999999,0.6666666666666666,0.2291666666666666,0.6157407407407407,0.6964285714285714,0.7770700636942676,0.8877118644067796,0.7566090799517937,0.4013157894736845,0.5185185185185184,0.14516129032258074,0.5
0.875,0.49382716049382724,0.375,0.7824074074074073,0.5357142857142857,0.5859872611464969,0.989406779661017,0.8376054640417934,0.28289473684210575,0.6296296296296297,0.17741935483870974,0.5
0.3999999999999999,0.6666666666666666,0.5416666666666665,0.23148148148148145,0.3392857142857144,0.089171974522293,0.5444915254237288,0.4692647649658568,0.4802631578947376,0.5185185185185184,0.2903225806451615,0.16666666666666663
0.5249999999999999,0.8641975308641974,0.39583333333333326,0.4074074074074074,0.7321428571428571,0.3439490445859873,0.6927966101694916,0.5676175170751421,0.4802631578947376,0.38888888888888873,0.22580645161290325,0.33333333333333326
0.7999999999999998,0.4444444444444444,0.39583333333333326,0.19444444444444442,0.625,0.40764331210191085,0.5529661016949152,0.4666934511852219,0.4276315789473686,0.5185185185185184,0.3225806451612905,0.5
0.6249999999999998,0.4691358024691358,0.5833333333333333,0.4212962962962962,0.4821428571428572,0.43312101910828027,0.4682203389830508,0.6936118923262384,0.8881578947368429,0.9814814814814813,0.306451612903226,0.5
0.4999999999999998,0.9382716049382716,0.35416666666666663,0.26388888888888884,1.0,0.5987261146496816,0.5911016949152542,0.4647649658497457,0.44078947368421106,0.4629629629629628,0.3225806451612905,0.33333333333333326
0.5999999999999999,0.2962962962962963,0.39583333333333326,0.046296296296296294,0.23214285714285726,0.14012738853503187,0.6292372881355932,0.31627159501807967,0.4802631578947376,0.9999999999999999,0.5645161290322582,0.5
0.6999999999999997,0.5061728395061728,0.47916666666666663,0.648148148148148,0.857142857142857,0.3821656050955414,0.7690677966101694,0.7000401767778257,0.2565789473684217,0.4259259259259258,0.19354838709677402,0.33333333333333326
0.44999999999999973,0.5925925925925926,0.4999999999999999,0.08796296296296295,0.6607142857142856,0.4840764331210191,0.847457627118644,0.38891120932102297,0.45394736842105265,0.7037037037037034,0.3225806451612905,0.33333333333333326
0.44999999999999973,0.6419753086419754,0.5208333333333333,0.09259259259259259,0.6428571428571428,0.49044585987261147,0.8072033898305084,0.3876255524306984,0.45394736842105265,0.722222222222222,0.3225806451612905,0.33333333333333326
0.44999999999999973,0.5925925925925926,0.4999999999999999,0.08796296296296295,0.6607142857142856,0.4840764331210191,0.8072033898305084,0.38891120932102297,0.45394736842105265,0.7037037037037034,0.3225806451612905,0.33333333333333326
0.4249999999999998,0.4691358024691358,0.35416666666666663,0.3518518518518518,0.4821428571428572,0.24203821656050956,0.48093220338983056,0.5791884290879992,0.8223684210526323,0.7777777777777776,0.2903225806451615,0.5
0.44999999999999973,0.4444444444444444,0.375,0.04166666666666667,0.4464285714285715,0.21656050955414013,0.4004237288135593,0.3754118119726826,0.7302631578947376,0.7407407407407406,0.403225806451613,0.5
0.47499999999999987,0.4691358024691358,0.35416666666666663,0.07870370370370369,0.4999999999999999,0.7515923566878981,0.684322033898305,0.4390518280433966,0.8486842105263164,0.759259259259259,0.4193548387096775,0.5
0.44999999999999973,1.0,0.12499999999999992,0.4351851851851851,0.3928571428571429,0.4585987261146497,0.5826271186440678,0.5984732824427468,0.6250000000000004,0.5555555555555555,0.22580645161290325,0.33333333333333326
0.6249999999999998,0.2716049382716049,0.375,0.046296296296296294,0.2142857142857144,0.42038216560509556,0.4936440677966102,0.3451988750502295,0.7565789473684217,0.5925925925925924,0.4838709677419355,0.6666666666666665
0.3749999999999998,0.2962962962962963,0.35416666666666663,0.046296296296296294,0.2142857142857144,0.43312101910828027,0.5148305084745762,0.35805544395339695,0.9539473684210527,0.6296296296296297,0.4516129032258067,0.5
0.5749999999999997,0.5185185185185185,0.4374999999999999,0.7129629629629629,0.375,0.713375796178344,0.7690677966101694,0.7990357573322697,0.6513157894736845,0.8333333333333331,0.16129032258064524,0.33333333333333326
0.7499999999999998,0.5925925925925926,0.4999999999999999,0.45370370370370366,0.2857142857142858,0.5732484076433121,0.739406779661017,0.6306147047006974,0.3486842105263164,0.6666666666666664,0.25806451612903225,0.5
0.8249999999999997,0.6172839506172839,0.5624999999999999,0.3148148148148148,0.3928571428571429,0.43312101910828027,0.5783898305084746,0.5663318601848246,0.5065789473684217,0.5925925925925924,0.4193548387096775,0.5
0.44999999999999973,0.6172839506172839,0.3124999999999999,0.7152777777777778,0.5357142857142857,0.3694267515923567,0.5402542372881356,0.7141824025713177,0.36184210526315885,0.5555555555555555,0.19354838709677402,0.33333333333333326
0.8499999999999996,0.4444444444444444,0.4999999999999999,0.09259259259259259,0.6785714285714285,0.11464968152866242,0.21822033898305082,0.4441944556046664,0.11184210526315841,0.4999999999999999,0.24193548387096775,0.33333333333333326
0.875,0.41975308641975306,0.4999999999999999,0.08796296296296295,0.6785714285714285,0.12738853503184716,0.22245762711864409,0.44548011249498387,0.11184210526315841,0.4814814814814813,0.24193548387096775,0.33333333333333326
0.5499999999999998,0.4444444444444444,0.35416666666666663,0.4722222222222222,0.4285714285714286,0.445859872611465,0.6970338983050848,0.6916834069907694,0.8750000000000004,0.6666666666666664,0.370967741935484,0.6666666666666665
0.2999999999999998,0.4444444444444444,0.12499999999999992,0.027777777777777776,0.6785714285714285,0.42038216560509556,0.44279661016949157,0.4088388911209364,0.36184210526315885,0.4444444444444443,0.12903225806451624,0.33333333333333326
0.6749999999999998,0.49382716049382724,1.0,0.5324074074074073,0.4642857142857143,0.6496815286624205,0.5995762711864406,0.7244676576938573,0.23026315789473717,0.40740740740740733,0.11290322580645151,0.33333333333333326
0.6749999999999998,0.4691358024691358,1.0,0.5254629629629629,0.4464285714285715,0.624203821656051,0.5911016949152542,0.7251104861390232,0.23026315789473717,0.40740740740740733,0.11290322580645151,0.33333333333333326
0.5499999999999998,0.49382716049382724,0.47916666666666663,0.050925925925925916,0.4107142857142857,0.3184713375796179,0.4597457627118644,0.4268380875853808,0.5197368421052642,0.7407407407407406,0.35483870967741926,0.5
0.10000000000000009,0.19753086419753085,0.5208333333333333,0.009259259259259259,0.2500000000000001,0.30573248407643316,0.2436440677966102,0.28541582965046786,0.5855263157894739,0.5370370370370369,0.33870967741935476,0.5
0.4999999999999998,0.6419753086419754,0.020833333333333287,0.037037037037037035,0.6071428571428571,0.3439490445859873,0.4173728813559322,0.41719566090799987,0.5328947368421058,0.35185185185185175,0.24193548387096775,0.33333333333333326
0.6999999999999997,0.41975308641975306,0.5208333333333333,0.032407407407407406,0.7321428571428571,0.40764331210191085,0.663135593220339,0.4647649658497457,0.3881578947368429,0.5370370370370369,0.24193548387096775,0.33333333333333326
0.19999999999999996,0.6666666666666666,0.6458333333333333,0.26388888888888884,0.1250000000000001,0.267515923566879,0.6546610169491526,0.32719967858577803,0.9671052631578951,0.5185185185185184,0.5806451612903225,0.6666666666666665
1.0,0.3950617283950617,0.29166666666666663,0.44907407407407407,0.3035714285714286,0.12738853503184716,0.3283898305084746,0.5528324628364842,0.4276315789473686,0.33333333333333326,0.435483870967742,0.5
0.2999999999999998,0.5185185185185185,0.24999999999999992,0.6921296296296297,0.4999999999999999,0.22929936305732485,0.5190677966101694,0.6087585375653006,0.4013157894736845,0.5925925925925924,0.33870967741935476,0.5
0.32499999999999973,0.4691358024691358,0.45833333333333326,0.04166666666666667,0.3571428571428572,0.1910828025477707,0.2690677966101695,0.2346323824829284,0.6776315789473686,0.40740740740740733,0.5,0.6666666666666665
0.6499999999999999,1.0,0.0,0.04166666666666667,0.9999999999999998,0.21656050955414013,0.413135593220339,0.5046203294495797,0.5460526315789482,0.574074074074074,0.2903225806451615,0.33333333333333326
0.4999999999999998,0.5185185185185185,0.8333333333333333,0.037037037037037035,1.0,0.6369426751592357,0.5444915254237288,0.42362394535958714,0.36184210526315885,0.4999999999999999,0.16129032258064524,0.5
0.3749999999999998,0.4691358024691358,0.5833333333333333,0.33796296296296297,0.5714285714285714,0.713375796178344,0.8283898305084746,0.5341904379268811,0.5065789473684217,0.4814814814814813,0.24193548387096775,0.5
0.44999999999999973,0.3950617283950617,0.4374999999999999,0.5740740740740741,0.6607142857142856,0.20382165605095542,0.5233050847457628,0.716110887906801,0.7434210526315792,0.4999999999999999,0.22580645161290325,0.5
0.4999999999999998,0.5925925925925926,0.4374999999999999,0.018518518518518517,0.6071428571428571,0.25477707006369427,0.3961864406779661,0.3715548413017373,0.5723684210526323,0.722222222222222,0.35483870967741926,0.33333333333333326
0.3999999999999999,0.7160493827160493,0.5833333333333333,0.19675925925925924,0.4642857142857143,0.47770700636942676,0.8347457627118644,0.46347930895942824,0.3881578947368429,0.5185185185185184,0.2903225806451615,0.5
0.34999999999999987,0.4444444444444444,0.5833333333333333,0.3009259259259259,0.5714285714285714,0.6624203821656052,0.7690677966101694,0.5219766974688653,0.5065789473684217,0.4814814814814813,0.24193548387096775,0.5
0.3999999999999999,0.5432098765432098,0.1458333333333333,0.3194444444444444,0.625,0.6751592356687899,0.7266949152542372,0.5650462032945072,0.4802631578947376,0.4999999999999999,0.16129032258064524,0.33333333333333326
0.7999999999999998,0.49382716049382724,0.47916666666666663,0.324074074074074,0.5357142857142857,0.7515923566878981,0.7817796610169492,0.534833266372047,0.3881578947368429,0.611111111111111,0.33870967741935476,0.5
0.47499999999999987,0.3950617283950617,0.47916666666666663,0.44907407407407407,1.0,0.445859872611465,0.43432203389830504,0.6113298513459213,0.28289473684210575,0.4259259259259258,0.12903225806451624,0.33333333333333326
0.7749999999999999,0.4691358024691358,0.375,0.050925925925925916,0.3392857142857144,0.29299363057324845,0.43432203389830504,0.24234632382483312,0.21710526315789558,0.5370370370370369,0.6290322580645162,0.5
0.32499999999999973,0.49382716049382724,0.3124999999999999,0.8958333333333333,1.0,0.3821656050955414,0.6546610169491526,0.7784652470871904,0.5065789473684217,0.40740740740740733,0.20967741935483875,0.5
0.7249999999999999,0.7654320987654321,0.8333333333333333,0.32870370370370366,0.375,0.11464968152866242,0.3834745762711864,0.6100441944556181,0.6907894736842111,0.9999999999999997,0.3225806451612905,0.5
0.2999999999999998,0.2962962962962963,0.3124999999999999,0.21759259259259256,1.0,0.5987261146496816,0.7690677966101694,0.48533547609482497,0.5328947368421058,0.38888888888888873,0.24193548387096775,0.33333333333333326
0.6999999999999997,0.5679012345679012,0.29166666666666663,0.5601851851851851,0.6964285714285714,0.22929936305732485,0.5063559322033898,0.7231820008035399,0.46710526315789513,0.5185185185185184,0.27419354838709675,0.16666666666666663
0.3749999999999998,0.24691358024691357,0.27083333333333326,0.04166666666666667,0.4999999999999999,0.5477707006369427,0.5741525423728814,0.33877059059864223,0.5065789473684217,0.4814814814814813,0.35483870967741926,0.33333333333333326
0.9499999999999997,0.37037037037037035,0.33333333333333326,0.49537037037037035,0.2857142857142858,0.14012738853503187,0.3241525423728814,0.6004017677782301,0.4013157894736845,0.33333333333333326,0.4516129032258067,0.33333333333333326
0.4999999999999998,0.32098765432098764,0.5624999999999999,0.8101851851851852,0.5535714285714285,0.3821656050955414,0.48093220338983056,0.8286058658095712,0.6118421052631589,0.4814814814814813,0.12903225806451624,0.33333333333333326
0.5249999999999999,0.4444444444444444,0.45833333333333326,0.2962962962962963,0.4285714285714286,0.445859872611465,0.6588983050847458,0.4274809160305395,0.6776315789473686,0.4999999999999999,0.5483870967741937,0.5
0.3999999999999999,0.5679012345679012,0.6458333333333333,0.2685185185185185,0.4285714285714286,0.4713375796178344,0.7266949152542372,0.515548413017278,0.44078947368421106,0.5555555555555555,0.2903225806451615,0.33333333333333326
0.9499999999999997,0.6419753086419754,0.5624999999999999,0.037037037037037035,0.5357142857142857,0.11464968152866242,0.4216101694915254,0.5431900361591033,0.4802631578947376,0.4629629629629628,0.22580645161290325,0.16666666666666663
0.9249999999999998,0.5432098765432098,0.39583333333333326,0.11574074074074074,0.6964285714285714,0.6624203821656052,0.6546610169491526,0.534833266372047,0.5328947368421058,0.38888888888888873,0.22580645161290325,0.5
0.6499999999999999,0.7901234567901234,0.6666666666666665,0.6249999999999999,0.6785714285714285,0.445859872611465,0.739406779661017,0.7553234230614763,0.5197368421052642,0.759259259259259,0.22580645161290325,0.5
0.44999999999999973,0.5925925925925926,0.5208333333333333,0.32870370370370366,0.5178571428571428,0.7770700636942676,0.815677966101695,0.5239051828043486,0.5460526315789482,0.4814814814814813,0.27419354838709675,0.5
0.5749999999999997,0.6419753086419754,0.45833333333333326,0.21296296296296297,0.3035714285714286,0.43312101910828027,0.510593220338983,0.29248694254720675,0.7171052631578951,0.4629629629629628,0.6935483870967745,0.6666666666666665
0.44999999999999973,0.4444444444444444,0.33333333333333326,0.5092592592592592,0.5357142857142857,0.5477707006369427,0.6716101694915254,0.6299718762555315,0.6907894736842111,0.38888888888888873,0.2903225806451615,0.5
0.7999999999999998,0.4691358024691358,0.9999999999999998,0.45370370370370366,0.6785714285714285,0.20382165605095542,0.48516949152542377,0.6563278425070322,0.414473684210527,0.8518518518518517,0.16129032258064524,0.33333333333333326
0.34999999999999987,0.49382716049382724,0.7499999999999999,0.3194444444444444,0.5357142857142857,0.5605095541401274,0.777542372881356,0.5541181197268017,0.5986842105263164,0.4444444444444443,0.19354838709677402,0.5
0.34999999999999987,0.5432098765432098,0.8333333333333333,0.4907407407407407,0.7678571428571428,0.8407643312101911,0.8283898305084746,0.6074728806749832,0.5065789473684217,0.7037037037037034,0.22580645161290325,0.5
0.19999999999999996,0.2345679012345679,0.4166666666666665,0.009259259259259259,0.4999999999999999,0.22929936305732485,0.20127118644067798,0.2577742065086426,0.6250000000000004,0.4814814814814813,0.306451612903226,0.5
0.5249999999999999,0.6419753086419754,0.5624999999999999,0.037037037037037035,0.3035714285714286,0.14012738853503187,0.5317796610169492,0.32334270791483277,0.3486842105263164,0.5555555555555555,0.2903225806451615,0.33333333333333326
0.5249999999999999,0.6419753086419754,0.4374999999999999,0.18981481481481483,0.2500000000000001,0.40764331210191085,0.5444915254237288,0.29184411410205513,0.7302631578947376,0.4999999999999999,0.6935483870967745,0.6666666666666665
0.5749999999999997,0.09876543209876543,0.4374999999999999,0.11574074074074074,0.053571428571428714,0.1656050955414013,0.07415254237288135,0.18834873443150002,0.28289473684210575,0.5555555555555555,0.6290322580645162,0.6666666666666665
0.5749999999999997,0.5925925925925926,0.4166666666666665,0.15740740740740738,0.4107142857142857,0.39490445859872614,0.6377118644067796,0.4834069907593488,0.6118421052631589,0.7777777777777776,0.35483870967741926,0.5
0.6249999999999998,1.0,0.4166666666666665,0.49537037037037035,0.3392857142857144,0.7515923566878981,0.8665254237288136,0.6248292486942617,0.44078947368421106,0.6296296296296297,0.24193548387096775,0.5
0.3749999999999998,0.3950617283950617,0.9583333333333333,0.34722222222222215,0.4464285714285715,0.8280254777070064,0.8326271186440678,0.5689031739654453,0.5723684210526323,0.5185185185185184,0.19354838709677402,0.33333333333333326
0.6749999999999998,0.8148148148148147,0.29166666666666663,0.6574074074074074,0.6964285714285714,0.3312101910828026,0.6546610169491526,0.763037364403381,0.4934210526315792,0.4999999999999999,0.27419354838709675,0.33333333333333326
0.4249999999999998,0.24691358024691357,0.4999999999999999,0.037037037037037035,0.2500000000000001,0.42038216560509556,0.5021186440677966,0.25905986339896003,0.7302631578947376,0.7037037037037034,0.5645161290322582,0.6666666666666665
0.6249999999999998,0.22222222222222227,0.3124999999999999,0.34722222222222215,1.0,0.3821656050955414,0.6038135593220338,0.5123342707914844,0.4802631578947376,0.29629629629629617,0.3870967741935485,0.8333333333333333
0.8499999999999996,0.2962962962962963,0.6041666666666665,0.13425925925925924,0.6785714285714285,0.4968152866242038,0.6546610169491526,0.3824829248694357,0.5460526315789482,0.35185185185185175,0.5806451612903225,0.33333333333333326
0.6249999999999998,0.19753086419753085,0.5416666666666665,0.04166666666666667,0.375,0.3439490445859873,0.375,0.4056247488951428,0.6118421052631589,0.5370370370370369,0.35483870967741926,0.5
0.3999999999999999,0.19753086419753085,0.5833333333333333,0.04166666666666667,0.3928571428571429,0.3184713375796179,0.3792372881355932,0.40755323423062606,0.7565789473684217,0.5185185185185184,0.2903225806451615,0.5
0.44999999999999973,0.8395061728395061,0.08333333333333329,0.5648148148148148,0.5178571428571428,0.30573248407643316,0.586864406779661,0.6820409803133956,0.5723684210526323,0.4629629629629628,0.16129032258064524,0.33333333333333326
0.25,0.5432098765432098,0.06249999999999992,0.046296296296296294,0.375,0.7006369426751593,0.6080508474576272,0.33941341904379385,0.7565789473684217,0.685185185185185,0.403225806451613,0.5
0.47499999999999987,1.0,0.375,0.3009259259259259,0.6071428571428571,0.07643312101910829,0.6716101694915254,0.5084773001205392,0.46710526315789513,0.29629629629629617,0.22580645161290325,0.16666666666666663
0.3999999999999999,0.345679012345679,0.4374999999999999,0.4907407407407407,0.5535714285714285,0.6496815286624205,0.548728813559322,0.4936922458818813,0.5328947368421058,0.2222222222222222,0.4516129032258067,0.33333333333333326
0.4999999999999998,0.37037037037037035,0.4374999999999999,0.050925925925925916,0.4999999999999999,0.21656050955414013,0.3199152542372881,0.3188429087987217,0.4802631578947376,0.4444444444444443,0.435483870967742,0.6666666666666665
1.0,0.4444444444444444,0.5208333333333333,0.2824074074074074,0.2500000000000001,0.24203821656050956,0.6038135593220338,0.5052631578947455,0.36184210526315885,0.5185185185185184,0.4193548387096775,0.5
0.4249999999999998,0.37037037037037035,0.33333333333333326,0.7731481481481481,0.5535714285714285,0.1656050955414013,0.3834745762711864,0.7180393732422701,0.45394736842105265,0.37037037037037024,0.19354838709677402,0.5
0.27500000000000013,0.49382716049382724,0.1041666666666666,0.3703703703703703,0.3035714285714286,0.356687898089172,0.5190677966101694,0.5341904379268811,0.6250000000000004,0.40740740740740733,0.24193548387096775,0.5
0.34999999999999987,0.4691358024691358,0.18749999999999992,0.04166666666666667,0.23214285714285726,0.22929936305732485,0.3877118644067797,0.33234230614705496,0.7960526315789482,0.5185185185185184,0.3225806451612905,0.33333333333333326
1.0,0.5185185185185185,0.5208333333333333,0.5324074074074073,0.2678571428571429,0.40764331210191085,0.6673728813559322,0.6396143029329053,0.4276315789473686,0.4629629629629628,0.4193548387096775,0.33333333333333326
1.0,0.4691358024691358,0.5208333333333333,0.4675925925925925,0.2500000000000001,0.2229299363057325,0.6207627118644068,0.6158296504620395,0.4276315789473686,0.4814814814814813,0.4193548387096775,0.33333333333333326
0.5249999999999999,0.5925925925925926,0.4374999999999999,0.05555555555555555,0.375,0.3312101910828026,0.413135593220339,0.3586982723985557,0.5723684210526323,0.4814814814814813,0.4838709677419355,0.5
0.5999999999999999,0.345679012345679,0.3124999999999999,0.037037037037037035,0.4642857142857143,0.1910828025477707,0.5911016949152542,0.3117717959019686,0.5855263157894739,0.574074074074074,0.5161290322580645,0.5
0.47499999999999987,1.0,0.6041666666666665,0.3194444444444444,0.5535714285714285,0.30573248407643316,0.6588983050847458,0.6113298513459213,0.6776315789473686,0.5925925925925924,0.25806451612903225,0.33333333333333326
0.34999999999999987,0.6172839506172839,0.1041666666666666,0.19444444444444442,0.6607142857142856,0.3184713375796179,0.4597457627118644,0.4911209321012535,0.5328947368421058,0.4814814814814813,0.22580645161290325,0.33333333333333326
0.3749999999999998,0.4444444444444444,0.6874999999999999,0.3009259259259259,0.5357142857142857,0.7643312101910829,0.8029661016949152,0.5354760948171986,0.5197368421052642,0.574074074074074,0.24193548387096775,0.5
0.6749999999999998,0.2962962962962963,0.7916666666666665,0.7546296296296295,0.6607142857142856,0.624203821656051,0.7139830508474576,0.7926074728806825,0.37500000000000044,0.7407407407407406,0.20967741935483875,0.33333333333333326
0.44999999999999973,0.691358024691358,0.8958333333333333,0.49537037037037035,0.5535714285714285,0.07643312101910829,0.3834745762711864,0.6100441944556181,0.3486842105263164,0.4444444444444443,0.22580645161290325,0.33333333333333326
0.3749999999999998,0.12345679012345678,0.6874999999999999,0.023148148148148154,0.4999999999999999,0.7770700636942676,0.5360169491525424,0.22820409803134112,0.4276315789473686,0.9259259259259257,0.5161290322580645,0.6666666666666665
0.3999999999999999,0.1728395061728395,0.7291666666666665,0.027777777777777776,0.4999999999999999,0.8280254777070064,0.5529661016949152,0.23077541181197603,0.44078947368421106,0.9444444444444441,0.5161290322580645,0.6666666666666665
0.6999999999999997,0.37037037037037035,1.0,0.5694444444444444,0.3214285714285715,0.6624203821656052,0.6377118644067796,0.7000401767778257,0.2565789473684217,0.574074074074074,0.12903225806451624,0.33333333333333326
0.2250000000000001,0.4320987654320988,1.0,0.027777777777777776,1.0,0.1910828025477707,0.4978813559322034,0.3831257533145873,0.5197368421052642,0.37037037037037024,0.22580645161290325,0.33333333333333326
0.5249999999999999,0.5925925925925926,0.35416666666666663,0.07870370370370369,0.2678571428571429,0.11464968152866242,0.3538135593220339,0.2539172358376902,0.3355263157894739,0.37037037037037024,0.5,0.5
0.5249999999999999,0.49382716049382724,0.27083333333333326,0.4351851851851851,0.6607142857142856,0.43312101910828027,0.47245762711864403,0.6331860184813181,0.36184210526315885,0.4444444444444443,0.25806451612903225,0.33333333333333326
0.44999999999999973,0.8148148148148147,0.1458333333333333,0.037037037037037035,0.3928571428571429,0.3312101910828026,0.5953389830508474,0.2931297709923726,0.19078947368421106,0.4259259259259258,0.4193548387096775,0.5
0.6249999999999998,0.7160493827160493,0.1458333333333333,0.662037037037037,0.5892857142857143,0.7261146496815287,0.934322033898305,0.7656086781840159,0.4276315789473686,0.4259259259259258,0.14516129032258074,0.33333333333333326
0.5249999999999999,0.32098765432098764,0.3124999999999999,0.05555555555555555,0.10714285714285732,0.1910828025477707,0.2563559322033898,0.1806347930895953,0.45394736842105265,0.4444444444444443,0.6935483870967745,0.6666666666666665
0.44999999999999973,0.3950617283950617,0.39583333333333326,0.05555555555555555,0.23214285714285726,0.4713375796178344,0.47669491525423724,0.3027721976697535,0.7039473684210527,0.4444444444444443,0.5483870967741937,0.33333333333333326
0.4999999999999998,0.49382716049382724,0.5624999999999999,0.2962962962962963,0.4999999999999999,0.7388535031847134,0.7944915254237288,0.5431900361591033,0.46710526315789513,0.4999999999999999,0.25806451612903225,0.5
0.44999999999999973,0.3950617283950617,0.3124999999999999,0.3703703703703703,0.3392857142857144,0.29299363057324845,0.489406779661017,0.5599035757332373,0.6907894736842111,0.685185185185185,0.370967741935484,0.5
0.5499999999999998,0.19753086419753085,0.47916666666666663,0.023148148148148154,0.3035714285714286,0.3439490445859873,0.2563559322033898,0.16777822418642785,0.5592105263157898,0.2592592592592592,0.6612903225806452,0.5
0.5499999999999998,0.1481481481481482,0.39583333333333326,0.032407407407407406,0.1964285714285715,0.10191082802547771,0.15466101694915255,0.41205303334673005,0.861842105263158,0.4259259259259258,0.306451612903226,0.33333333333333326
0.3749999999999998,0.6419753086419754,0.5624999999999999,0.19907407407407407,0.3571428571428572,0.3694267515923567,0.701271186440678,0.4814785054238726,0.45394736842105265,0.4999999999999999,0.27419354838709675,0.33333333333333326
0.4999999999999998,0.4444444444444444,0.3124999999999999,0.060185185185185175,0.4999999999999999,0.8662420382165605,0.5699152542372882,0.3612695861791906,0.4934210526315792,0.5555555555555555,0.403225806451613,0.33333333333333326
0.47499999999999987,0.22222222222222227,0.6874999999999999,0.45370370370370366,0.4107142857142857,1.0,0.6885593220338982,0.5894736842105388,0.3092105263157898,0.40740740740740733,0.14516129032258074,0.5
0.4249999999999998,0.4691358024691358,0.6458333333333333,0.4351851851851851,0.4285714285714286,0.9171974522292994,0.8792372881355932,0.5599035757332373,0.4934210526315792,0.5185185185185184,0.22580645161290325,0.33333333333333326
0.47499999999999987,0.41975308641975306,0.5624999999999999,0.3703703703703703,0.3928571428571429,0.7770700636942676,0.7902542372881356,0.5412615508236343,0.4934210526315792,0.5185185185185184,0.25806451612903225,0.33333333333333326
0.25,0.5432098765432098,0.375,0.050925925925925916,0.0,0.5477707006369427,0.3580508474576271,0.13049417436722166,0.7828947368421058,0.6296296296296297,0.741935483870968,0.6666666666666665
0.3999999999999999,0.49382716049382724,0.9791666666666665,0.050925925925925916,1.0,0.5987261146496816,0.3665254237288136,0.4133386902370475,0.3881578947368429,0.2777777777777777,0.19354838709677402,0.5
0.7249999999999999,0.5432098765432098,0.35416666666666663,0.849537037037037,0.6785714285714285,0.43312101910828027,0.6546610169491526,0.8131779831257617,0.5197368421052642,0.5185185185185184,0.3870967741935485,0.33333333333333326
0.4999999999999998,0.24691358024691357,0.4374999999999999,0.5648148148148148,0.8392857142857142,0.21656050955414013,0.6419491525423728,0.7051828043390955,0.2565789473684217,0.5555555555555555,0.16129032258064524,0.6666666666666665
0.07499999999999996,0.1481481481481482,0.33333333333333326,0.004629629629629629,0.4285714285714286,0.1656050955414013,0.2944915254237288,0.3079148252310233,0.5460526315789482,0.38888888888888873,0.19354838709677402,0.5
0.5999999999999999,1.0,0.020833333333333287,0.037037037037037035,0.9464285714285714,0.29299363057324845,0.5699152542372882,0.506548814785063,0.5197368421052642,0.4814814814814813,0.27419354838709675,0.16666666666666663
0.5249999999999999,0.12345679012345678,0.39583333333333326,0.5879629629629629,0.625,0.5732484076433121,0.47669491525423724,0.6068300522298173,0.7039473684210527,0.37037037037037024,0.33870967741935476,0.5
0.47499999999999987,0.6419753086419754,0.4374999999999999,0.3657407407407407,0.7857142857142856,0.28025477707006374,0.5614406779661016,0.5811169144234682,0.861842105263158,0.7777777777777776,0.4838709677419355,0.6666666666666665
0.6249999999999998,0.5925925925925926,0.4166666666666665,0.04166666666666667,0.4107142857142857,0.3821656050955414,0.527542372881356,0.3760546404178413,0.5197368421052642,0.611111111111111,0.4516129032258067,0.33333333333333326
0.3749999999999998,0.32098765432098764,0.4166666666666665,0.5138888888888888,0.5892857142857143,0.5987261146496816,0.5402542372881356,0.4956207312173646,0.5460526315789482,0.29629629629629617,0.4516129032258067,0.33333333333333326
0.15000000000000013,1.0,0.08333333333333329,0.20370370370370366,0.23214285714285726,0.12738853503184716,0.3707627118644068,0.23656086781839747,0.8881578947368429,0.9999999999999999,0.8870967741935485,0.6666666666666665
0.8499999999999996,1.0,0.5208333333333333,0.027777777777777776,0.4821428571428572,0.20382165605095542,0.625,0.42105263157895223,0.5723684210526323,0.31481481481481477,0.4193548387096775,0.33333333333333326
0.7499999999999998,0.49382716049382724,0.45833333333333326,0.06944444444444445,0.5535714285714285,0.3312101910828026,0.798728813559322,0.4647649658497457,0.5592105263157898,0.7777777777777776,0.2903225806451615,0.33333333333333326
0.3999999999999999,0.345679012345679,0.5208333333333333,0.037037037037037035,0.14285714285714296,0.6878980891719746,0.4046610169491525,0.15877862595419856,0.4934210526315792,0.8888888888888885,0.596774193548387,0.5
0.5249999999999999,0.5925925925925926,0.375,0.7129629629629629,0.3392857142857144,0.713375796178344,0.701271186440678,0.7887505022097301,0.7039473684210527,0.7037037037037034,0.16129032258064524,0.5
0.4999999999999998,0.07407407407407407,0.6874999999999999,0.023148148148148154,0.4821428571428572,0.624203821656051,0.47669491525423724,0.22370429891523003,0.4934210526315792,0.9629629629629627,0.5322580645161292,0.6666666666666665
0.34999999999999987,0.4444444444444444,0.47916666666666663,0.6805555555555556,0.2857142857142858,0.7898089171974523,0.701271186440678,0.7225391723583883,0.664473684210527,0.722222222222222,0.22580645161290325,0.33333333333333326
0.47499999999999987,0.5432098765432098,0.4166666666666665,0.10185185185185185,0.17857142857142871,0.445859872611465,0.3707627118644068,0.28798714343109566,0.664473684210527,0.759259259259259,0.5322580645161292,0.6666666666666665
0.5749999999999997,0.2962962962962963,0.4374999999999999,0.013888888888888888,0.07142857142857156,0.025477707006369428,0.036016949152542374,0.14142225793492003,0.5197368421052642,0.2592592592592592,0.6451612903225807,0.5
0.5999999999999999,0.2962962962962963,0.5624999999999999,0.08796296296296295,0.23214285714285726,0.25477707006369427,0.5826271186440678,0.4300522298111744,0.8881578947368429,0.4999999999999999,0.4193548387096775,0.5
1.0,0.4444444444444444,0.4999999999999999,0.34722222222222215,0.16071428571428586,0.5732484076433121,0.7733050847457628,0.5444756930494279,0.4276315789473686,0.4444444444444443,0.4516129032258067,0.5
0.6749999999999998,0.41975308641975306,0.47916666666666663,0.3518518518518518,0.16071428571428586,0.6496815286624205,0.8029661016949152,0.5476898352752144,0.414473684210527,0.4444444444444443,0.4516129032258067,0.5
0.3749999999999998,0.4691358024691358,0.7708333333333333,0.48611111111111105,0.6785714285714285,0.535031847133758,0.6673728813559322,0.6299718762555315,0.4934210526315792,0.8333333333333331,0.22580645161290325,0.33333333333333326
0.4249999999999998,0.5432098765432098,0.6249999999999999,0.3333333333333333,0.4107142857142857,0.7515923566878981,0.8453389830508474,0.5650462032945072,0.5065789473684217,0.5185185185185184,0.22580645161290325,0.33333333333333326
0.44999999999999973,0.691358024691358,0.8958333333333333,0.43981481481481477,0.625,0.3439490445859873,0.510593220338983,0.5894736842105388,0.3486842105263164,0.33333333333333326,0.22580645161290325,0.33333333333333326
0.3374999999999999,0.32098765432098764,0.5833333333333333,0.12037037037037036,0.10714285714285732,0.22929936305732485,0.2563559322033898,0.2346323824829284,0.7697368421052642,0.4629629629629628,0.6451612903225807,0.33333333333333326
0.4249999999999998,0.24691358024691357,0.6666666666666665,0.6296296296296295,0.4285714285714286,0.5732484076433121,0.4639830508474576,0.621615106468461,0.6250000000000004,0.9259259259259257,0.370967741935484,0.6666666666666665
0.44999999999999973,0.4444444444444444,0.24999999999999992,0.10648148148148147,0.1964285714285715,0.5859872611464969,0.451271186440678,0.24298915226999185,0.5460526315789482,0.29629629629629617,0.5322580645161292,0.6666666666666665
0.44999999999999973,0.6666666666666666,0.5416666666666665,0.25,0.857142857142857,0.3694267515923567,0.5529661016949152,0.5309762957010875,0.3881578947368429,0.4629629629629628,0.22580645161290325,0.5
0.4249999999999998,0.49382716049382724,0.39583333333333326,0.9166666666666665,0.4642857142857143,0.4840764331210191,0.527542372881356,0.8414624347127457,0.44078947368421106,0.29629629629629617,0.11290322580645151,0.33333333333333326
0.0,0.2716049382716049,0.24999999999999992,0.0162037037037037,0.3214285714285715,1.0,0.5911016949152542,0.3991964644435555,0.7039473684210527,0.37037037037037024,0.0,0.33333333333333326
0.7999999999999998,0.3950617283950617,0.35416666666666663,0.050925925925925916,0.3214285714285715,0.43312101910828027,0.4936440677966102,0.38891120932102297,0.8355263157894739,0.5370370370370369,0.3870967741935485,0.6666666666666665
0.7499999999999998,0.22222222222222227,0.29166666666666663,0.050925925925925916,0.2500000000000001,0.4713375796178344,0.4597457627118644,0.36062675773403896,0.7434210526315792,0.35185185185185175,0.435483870967742,0.6666666666666665
0.5499999999999998,0.3950617283950617,0.3124999999999999,0.38888888888888884,0.2678571428571429,0.5095541401273885,0.8453389830508474,0.5946163117718086,0.8750000000000004,0.4444444444444443,0.35483870967741926,0.5
0.25,1.0,0.0,0.032407407407407406,0.5178571428571428,0.89171974522293,0.7521186440677966,0.31562876657292804,0.9934210526315792,0.38888888888888873,0.467741935483871,0.33333333333333326
0.27500000000000013,0.9012345679012346,0.35416666666666663,0.037037037037037035,0.2142857142857144,0.267515923566879,0.3792372881355932,0.28091603053435676,0.6513157894736845,0.2592592592592592,0.403225806451613,0.5
0.47499999999999987,0.49382716049382724,0.39583333333333326,0.08333333333333333,0.0,0.43312101910828027,0.3411016949152542,0.22691844114102366,0.5986842105263164,0.31481481481481477,0.596774193548387,0.6666666666666665
0.4999999999999998,0.8888888888888888,0.2291666666666666,0.7129629629629629,0.8928571428571428,0.7515923566878981,0.7055084745762712,0.7540377661711588,0.4276315789473686,0.4259259259259258,0.09677419354838701,0.33333333333333326
0.5999999999999999,0.3950617283950617,0.375,0.5,0.3392857142857144,0.4840764331210191,0.6546610169491526,0.6826838087585472,0.5197368421052642,0.40740740740740733,0.16129032258064524,0.33333333333333326
0.9749999999999996,0.5679012345679012,1.0,0.636574074074074,0.5178571428571428,0.3184713375796179,0.7266949152542372,0.8369626355966275,0.2039473684210531,0.9999999999999999,0.11290322580645151,0.33333333333333326
0.8499999999999996,0.5925925925925926,0.35416666666666663,0.06944444444444445,0.8392857142857142,0.30573248407643316,0.2860169491525424,0.1690638810767382,0.3881578947368429,0.4629629629629628,0.774193548387097,0.5
0.6749999999999998,0.12345679012345678,0.6041666666666665,0.023148148148148154,0.14285714285714296,0.5095541401273885,0.3580508474576271,0.2577742065086426,0.6250000000000004,0.574074074074074,0.6129032258064517,0.5
1.0,0.1481481481481482,0.5833333333333333,0.023148148148148154,0.3392857142857144,0.43312101910828027,0.2733050847457627,0.27320208919245204,0.3223684210526314,0.611111111111111,0.5806451612903225,0.5
0.6499999999999999,0.2962962962962963,0.5833333333333333,0.027777777777777776,0.23214285714285726,0.3312101910828026,0.2944915254237288,0.2706307754118171,0.44078947368421106,0.722222222222222,0.6129032258064517,0.5
0.32499999999999973,0.1728395061728395,0.5416666666666665,0.7037037037037037,0.4821428571428572,0.6751592356687899,0.586864406779661,0.5984732824427468,0.5723684210526323,0.2777777777777777,0.4193548387096775,0.33333333333333326
0.6999999999999997,0.37037037037037035,0.6458333333333333,0.21296296296296297,0.9107142857142856,0.15286624203821658,0.3029661016949152,0.49947770188830987,0.4802631578947376,0.9999999999999999,0.27419354838709675,0.33333333333333326
0.8249999999999997,0.6172839506172839,0.27083333333333326,0.21296296296296297,0.5714285714285714,0.28025477707006374,0.5572033898305084,0.5245480112495002,0.5460526315789482,0.4629629629629628,0.370967741935484,0.33333333333333326
0.5874999999999999,0.22222222222222227,0.3124999999999999,0.41666666666666663,1.0,0.6878980891719746,0.6716101694915254,0.5573322619526024,0.45394736842105265,0.40740740740740733,0.35483870967741926,0.5
0.47499999999999987,0.09876543209876543,0.4374999999999999,0.21296296296296297,0.5892857142857143,0.4585987261146497,0.3961864406779661,0.41205303334673005,0.6907894736842111,0.40740740740740733,0.33870967741935476,0.6666666666666665
0.2250000000000001,0.24691358024691357,0.5624999999999999,0.027777777777777776,0.5535714285714285,0.089171974522293,0.21822033898305082,0.31370028123745186,0.9999999999999996,0.8518518518518517,0.467741935483871,0.6666666666666665
0.25,0.1728395061728395,0.39583333333333326,0.009259259259259259,0.3928571428571429,0.5222929936305732,0.4555084745762712,0.31305745279228603,0.5723684210526323,0.5370370370370369,0.20967741935483875,0.33333333333333326
0.44999999999999973,0.37037037037037035,0.4166666666666665,0.6412037037037036,0.75,0.3439490445859873,0.527542372881356,0.6717557251908417,0.6907894736842111,0.5925925925925924,0.35483870967741926,0.5
0.5499999999999998,0.6419753086419754,0.6249999999999999,0.29166666666666663,0.9107142857142856,0.5222929936305732,0.6038135593220338,0.546404178384897,0.4013157894736845,0.574074074074074,0.24193548387096775,0.33333333333333326
0.3999999999999999,1.0,0.35416666666666663,0.1296296296296296,0.9642857142857142,0.29299363057324845,0.5360169491525424,0.4088388911209364,0.4934210526315792,0.33333333333333326,0.20967741935483875,0.33333333333333326
0.6249999999999998,0.345679012345679,0.45833333333333326,0.07870370370370369,0.053571428571428714,0.5477707006369427,0.2563559322033898,0.14463640016070656,0.3355263157894739,0.2222222222222222,0.7903225806451615,0.6666666666666665
0.3999999999999999,0.49382716049382724,0.375,0.4814814814814814,0.4821428571428572,0.5477707006369427,0.5444915254237288,0.6910405785456035,0.44078947368421106,0.4444444444444443,0.11290322580645151,0.33333333333333326
0.5249999999999999,0.7901234567901234,0.27083333333333326,0.24768518518518517,1.0,0.9426751592356688,0.9999999999999999,0.6389714744877537,0.7828947368421058,0.6481481481481478,0.22580645161290325,0.33333333333333326
0.4999999999999998,0.2716049382716049,0.29166666666666663,0.20833333333333331,0.3392857142857144,0.8789808917197452,0.7817796610169492,0.4557653676175235,0.5592105263157898,0.8703703703703701,0.33870967741935476,0.33333333333333326
0.5749999999999997,0.37037037037037035,0.3124999999999999,0.2222222222222222,0.4285714285714286,0.7388535031847134,0.7478813559322034,0.49433507432704715,0.5065789473684217,0.9999999999999999,0.3225806451612905,0.16666666666666663
0.41249999999999987,0.1481481481481482,0.6874999999999999,0.027777777777777776,0.625,0.624203821656051,0.4639830508474576,0.2603455202892775,0.6118421052631589,0.8703703703703701,0.5,0.6666666666666665
0.4249999999999998,0.1728395061728395,0.7291666666666665,0.5555555555555555,0.6607142857142856,0.802547770700637,0.586864406779661,0.6280433909200482,0.5986842105263164,0.8888888888888885,0.370967741935484,0.6666666666666665
0.5749999999999997,0.1728395061728395,0.5208333333333333,0.018518518518518517,0.3214285714285715,0.3184713375796179,0.2266949152542373,0.1690638810767382,0.5723684210526323,0.35185185185185175,0.6774193548387097,0.5
0.47499999999999987,0.6172839506172839,0.5208333333333333,0.27777777777777773,0.9285714285714284,0.42038216560509556,0.5783898305084746,0.5341904379268811,0.4013157894736845,0.4814814814814813,0.20967741935483875,0.5
0.5999999999999999,0.5432098765432098,0.35416666666666663,0.04166666666666667,0.4642857142857143,0.5605095541401274,0.6716101694915254,0.284773001205302,0.5065789473684217,0.6296296296296297,0.5322580645161292,0.5
0.5499999999999998,0.37037037037037035,0.4999999999999999,0.018518518518518517,0.4999999999999999,0.5605095541401274,0.3834745762711864,0.26163117717958784,0.3092105263157898,0.7962962962962962,0.4516129032258067,0.5
0.7999999999999998,0.12345679012345678,0.33333333333333326,0.023148148148148154,0.3214285714285715,0.1656050955414013,0.2817796610169491,0.21406187223784912,0.23026315789473717,0.31481481481481477,0.5161290322580645,0.8333333333333333
0.34999999999999987,0.32098765432098764,0.5208333333333333,0.27777777777777773,0.2678571428571429,0.43312101910828027,0.3029661016949152,0.27577340297307984,0.6776315789473686,0.4259259259259258,0.7258064516129035,0.6666666666666665
0.875,0.7901234567901234,0.6666666666666665,0.3518518518518518,0.625,0.1656050955414013,0.43432203389830504,0.6936118923262384,0.7697368421052642,0.4999999999999999,0.20967741935483875,0.33333333333333326
0.27500000000000013,0.6419753086419754,0.45833333333333326,0.06481481481481481,0.2678571428571429,0.4585987261146497,0.5190677966101694,0.11635194857372966,0.7828947368421058,0.35185185185185175,0.7903225806451615,0.6666666666666665
0.44999999999999973,0.09876543209876543,0.33333333333333326,0.037037037037037035,0.4285714285714286,0.24203821656050956,0.47245762711864403,0.25905986339896003,0.5197368421052642,0.4259259259259258,0.5161290322580645,0.6666666666666665
1.0,1.0,0.24999999999999992,0.06481481481481481,0.4285714285714286,0.24203821656050956,0.4258474576271186,0.30662916834069875,0.2565789473684217,0.9999999999999999,0.741935483870968,0.5
0.4999999999999998,0.4444444444444444,0.6458333333333333,0.3194444444444444,0.5535714285714285,0.5477707006369427,0.6758474576271186,0.560546404178389,0.5197368421052642,0.4999999999999999,0.20967741935483875,0.33333333333333326
0.27500000000000013,0.5432098765432098,0.4374999999999999,0.06481481481481481,0.2678571428571429,0.4585987261146497,0.5190677966101694,0.11635194857372966,0.7960526315789482,0.35185185185185175,0.7903225806451615,0.6666666666666665
0.5499999999999998,0.1728395061728395,0.4374999999999999,0.5879629629629629,0.6071428571428571,0.5605095541401274,0.4258474576271186,0.6383286460426021,0.5197368421052642,0.2592592592592592,0.24193548387096775,0.6666666666666665
0.7749999999999999,0.7160493827160493,0.45833333333333326,0.10416666666666667,0.3928571428571429,0.03821656050955414,0.019067796610169496,0.2564885496183251,0.5065789473684217,0.2592592592592592,0.6290322580645162,0.5
0.5999999999999999,0.6666666666666666,0.33333333333333326,0.23148148148148145,0.3035714285714286,0.267515923566879,0.4258474576271186,0.40048212133387295,0.164473684210527,0.8148148148148148,0.370967741935484,0.6666666666666665
0.5999999999999999,0.5925925925925926,0.3124999999999999,0.23148148148148145,0.3214285714285715,0.267515923566879,0.4258474576271186,0.40048212133387295,0.15131578947368451,0.8148148148148148,0.370967741935484,0.6666666666666665
0.6999999999999997,0.04938271604938271,0.4999999999999999,0.018518518518518517,0.2857142857142858,0.39490445859872614,0.3114406779661017,0.24620329449578549,0.3355263157894739,0.8518518518518517,0.5161290322580645,0.5
0.34999999999999987,0.41975308641975306,0.45833333333333326,0.12037037037037036,0.2678571428571429,0.3821656050955414,0.5529661016949152,0.1947770188830873,0.4934210526315792,0.16666666666666663,0.6451612903225807,0.5
0.5749999999999997,0.5679012345679012,0.1666666666666666,0.018518518518518517,0.4821428571428572,0.24203821656050956,0.527542372881356,0.38119726797911113,0.4276315789473686,0.33333333333333326,0.25806451612903225,0.33333333333333326
0.6999999999999997,0.24691358024691357,0.39583333333333326,0.3009259259259259,0.4642857142857143,0.3439490445859873,0.3834745762711864,0.604901566894334,0.5197368421052642,0.37037037037037024,0.19354838709677402,0.5
0.7999999999999998,0.22222222222222227,0.4166666666666665,0.08333333333333333,0.2500000000000001,0.6369426751592357,0.4216101694915254,0.14977902772197638,0.29605263157894735,0.20370370370370372,0.7903225806451615,0.5
0.5999999999999999,0.2716049382716049,0.375,0.4907407407407407,0.8214285714285714,0.5605095541401274,0.548728813559322,0.6820409803133956,0.24342105263157965,0.685185185185185,0.20967741935483875,0.5
0.6999999999999997,0.5925925925925926,0.33333333333333326,0.412037037037037,0.2678571428571429,0.1656050955414013,0.4936440677966102,0.42169546002411096,0.3881578947368429,0.40740740740740733,0.6612903225806452,0.5
0.44999999999999973,0.32098765432098764,0.4166666666666665,0.05555555555555555,0.1964285714285715,0.42038216560509556,0.4597457627118644,0.3034150261149051,0.7434210526315792,0.4814814814814813,0.5161290322580645,0.5
0.5499999999999998,0.19753086419753085,0.5624999999999999,0.09259259259259259,0.2500000000000001,0.3312101910828026,0.3326271186440678,0.26677380474086476,0.4013157894736845,0.2777777777777777,0.5161290322580645,0.6666666666666665
0.44999999999999973,0.3950617283950617,0.6041666666666665,0.34259259259259256,0.4821428571428572,0.6878980891719746,0.7097457627118644,0.5566894335074366,0.5328947368421058,0.4444444444444443,0.19354838709677402,0.33333333333333326
0.5249999999999999,0.5432098765432098,0.33333333333333326,0.12499999999999999,0.4642857142857143,0.30573248407643316,0.44279661016949157,0.46090799517879333,0.4934210526315792,0.5185185185185184,0.20967741935483875,0.5
0.34999999999999987,0.49382716049382724,0.375,0.44907407407407407,0.2678571428571429,0.30573248407643316,0.375,0.43519485737244423,0.5197368421052642,0.2592592592592592,0.435483870967742,0.5
0.5249999999999999,0.5679012345679012,0.47916666666666663,0.027777777777777776,0.16071428571428586,0.22929936305732485,0.6207627118644068,0.3194857372438733,0.3223684210526314,0.5925925925925924,0.2903225806451615,0.5
0.47499999999999987,0.37037037037037035,0.33333333333333326,0.046296296296296294,0.375,0.3312101910828026,0.5233050847457628,0.3503415026114922,0.6513157894736845,0.5925925925925924,0.370967741935484,0.5
0.2250000000000001,0.37037037037037035,0.39583333333333326,0.41898148148148145,0.17857142857142871,0.30573248407643316,0.43008474576271183,0.34648453194054696,0.6250000000000004,0.29629629629629617,0.5322580645161292,0.5
0.4249999999999998,0.345679012345679,0.8541666666666665,0.7314814814814814,0.5892857142857143,0.43312101910828027,0.6885593220338982,0.7668943350743334,0.28289473684210575,0.4999999999999999,0.12903225806451624,0.5
0.5499999999999998,0.24691358024691357,0.5833333333333333,0.04166666666666667,0.4999999999999999,0.178343949044586,0.3580508474576271,0.3246283648051502,0.4934210526315792,0.5185185185185184,0.4516129032258067,0.33333333333333326
0.4249999999999998,0.9382716049382716,0.45833333333333326,0.20370370370370366,0.2142857142857144,0.1656050955414013,0.22245762711864409,0.29184411410205513,0.5986842105263164,0.7037037037037034,0.5645161290322582,0.6666666666666665
0.4249999999999998,0.37037037037037035,0.5624999999999999,0.7268518518518519,0.4107142857142857,0.5222929936305732,0.48093220338983056,0.7797509039775079,0.5986842105263164,0.35185185185185175,0.12903225806451624,0.33333333333333326
0.44999999999999973,0.4444444444444444,0.6041666666666665,0.27314814814814814,1.0,0.8407643312101911,0.7690677966101694,0.5457613499397453,0.5065789473684217,0.29629629629629617,0.22580645161290325,0.5
0.47499999999999987,0.4444444444444444,0.6249999999999999,0.2685185185185185,1.0,0.7898089171974523,0.7648305084745762,0.5470470068300486,0.5065789473684217,0.29629629629629617,0.22580645161290325,0.5
0.6749999999999998,0.49382716049382724,0.6249999999999999,0.44444444444444436,0.5357142857142857,0.7261146496815287,0.8029661016949152,0.6486139011651275,0.46710526315789513,0.759259259259259,0.25806451612903225,0.5
0.4999999999999998,0.37037037037037035,0.6874999999999999,0.3148148148148148,0.5178571428571428,0.6878980891719746,0.7182203389830508,0.5586179188429199,0.5460526315789482,0.4814814814814813,0.20967741935483875,0.5
0.7499999999999998,0.41975308641975306,0.5208333333333333,0.6064814814814814,0.5178571428571428,0.8152866242038217,0.6970338983050848,0.8131779831257617,0.5460526315789482,0.9814814814814813,0.14516129032258074,0.33333333333333326
0.19999999999999996,0.2962962962962963,0.27083333333333326,0.032407407407407406,0.6071428571428571,0.29299363057324845,0.5741525423728814,0.3760546404178413,0.9999999999999996,0.38888888888888873,0.3225806451612905,0.33333333333333326
0.3999999999999999,0.32098765432098764,0.7291666666666665,0.3148148148148148,0.5357142857142857,0.5732484076433121,0.6885593220338982,0.5521896343913326,0.5723684210526323,0.4444444444444443,0.17741935483870974,0.33333333333333326
0.4999999999999998,0.3950617283950617,0.5833333333333333,0.3171296296296296,0.4999999999999999,0.7261146496815287,0.7139830508474576,0.5579750903977541,0.5197368421052642,0.5185185185185184,0.22580645161290325,0.5
0.7499999999999998,0.41975308641975306,0.39583333333333326,0.3055555555555555,0.4464285714285715,0.5605095541401274,0.6758474576271186,0.5335476094817295,0.44078947368421106,0.7037037037037034,0.33870967741935476,0.5
0.4999999999999998,0.19753086419753085,0.4166666666666665,0.45370370370370366,0.5535714285714285,0.7261146496815287,0.5233050847457628,0.5187625552430717,0.5197368421052642,0.33333333333333326,0.4516129032258067,0.5
0.10000000000000009,0.49382716049382724,0.4166666666666665,0.023148148148148154,0.23214285714285726,0.20382165605095542,0.2097457627118644,0.2937725994375313,0.5723684210526323,0.5925925925925924,0.3225806451612905,0.5
0.6749999999999998,0.24691358024691357,0.45833333333333326,0.27314814814814814,0.2500000000000001,0.6496815286624205,0.5953389830508474,0.36319807151466676,0.29605263157894735,0.29629629629629617,0.467741935483871,0.5
0.6749999999999998,0.4444444444444444,0.4374999999999999,0.18518518518518517,0.2142857142857144,0.3439490445859873,0.3072033898305085,0.24041783848935694,0.45394736842105265,0.29629629629629617,0.6451612903225807,0.6666666666666665
0.8499999999999996,0.7160493827160493,1.0,0.6157407407407407,0.4999999999999999,0.25477707006369427,0.6419491525423728,0.7469666532744199,0.24342105263157965,0.9999999999999999,0.20967741935483875,0.33333333333333326
0.6999999999999997,0.7901234567901234,0.375,0.21296296296296297,0.2678571428571429,0.3821656050955414,0.3453389830508475,0.2963439132181662,0.5460526315789482,0.7407407407407406,0.6935483870967745,0.6666666666666665
0.6749999999999998,0.4444444444444444,0.33333333333333326,0.050925925925925916,0.4107142857142857,0.3439490445859873,0.4639830508474576,0.38633989554038095,0.8486842105263164,0.6296296296296297,0.3870967741935485,0.5
0.5249999999999999,0.37037037037037035,0.47916666666666663,0.7314814814814814,0.5357142857142857,0.7643312101910829,0.565677966101695,0.6486139011651275,0.5460526315789482,0.37037037037037024,0.403225806451613,0.33333333333333326
0.125,0.2962962962962963,0.45833333333333326,0.1388888888888889,0.375,0.25477707006369427,0.3029661016949152,0.3644837284049842,0.7960526315789482,0.5185185185185184,0.2903225806451615,0.5
0.4249999999999998,0.22222222222222227,0.45833333333333326,0.04166666666666667,0.4642857142857143,0.40764331210191085,0.43008474576271183,0.24491763760546803,0.3355263157894739,0.4444444444444443,0.403225806451613,0.5
0.4249999999999998,0.6666666666666666,0.39583333333333326,0.5462962962962963,0.6428571428571428,1.0,0.8199152542372882,0.5843310566492548,0.46710526315789513,0.5370370370370369,0.306451612903226,0.5
0.4249999999999998,0.5185185185185185,0.45833333333333326,0.050925925925925916,0.3571428571428572,0.28025477707006374,0.2521186440677966,0.21984732824427766,0.6118421052631589,0.8703703703703701,0.5483870967741937,0.6666666666666665
0.4999999999999998,0.5432098765432098,0.27083333333333326,0.25925925925925924,0.8035714285714284,0.4968152866242038,0.722457627118644,0.7373242265970319,0.4934210526315792,0.5370370370370369,0.19354838709677402,0.33333333333333326
0.7749999999999999,1.0,0.5624999999999999,0.25925925925925924,0.6428571428571428,0.356687898089172,0.6504237288135594,0.7257533145841748,0.37500000000000044,0.574074074074074,0.27419354838709675,0.33333333333333326
0.7749999999999999,1.0,0.5208333333333333,0.09259259259259259,0.6071428571428571,0.14012738853503187,0.489406779661017,0.4011249497790317,0.37500000000000044,0.5370370370370369,0.3225806451612905,0.33333333333333326
0.5749999999999997,0.5185185185185185,0.39583333333333326,0.4027777777777778,0.5892857142857143,0.6114649681528663,0.5148305084745762,0.5007633587786344,0.4276315789473686,0.4999999999999999,0.370967741935484,0.5
0.6499999999999999,0.2962962962962963,0.39583333333333326,0.3935185185185185,0.5714285714285714,0.3439490445859873,0.3199152542372881,0.5277621534752939,0.46710526315789513,0.4629629629629628,0.2903225806451615,0.6666666666666665
0.5249999999999999,1.0,0.6874999999999999,0.5277777777777778,0.9285714285714284,0.28025477707006374,0.47245762711864403,0.6531137002812457,0.5065789473684217,0.2222222222222222,0.20967741935483875,0.33333333333333326
0.4999999999999998,0.5925925925925926,0.39583333333333326,0.19444444444444442,0.3392857142857144,0.29299363057324845,0.3411016949152542,0.20249096022499202,0.36184210526315885,0.4629629629629628,0.709677419354839,0.6666666666666665
0.3749999999999998,0.2962962962962963,0.20833333333333323,0.5416666666666666,0.5892857142857143,0.6624203821656052,0.5317796610169492,0.6151868220168879,0.46710526315789513,0.37037037037037024,0.20967741935483875,0.5
0.7999999999999998,0.37037037037037035,0.39583333333333326,0.09722222222222222,0.5892857142857143,0.5987261146496816,0.6165254237288136,0.5200482121333891,0.5986842105263164,0.9259259259259257,0.24193548387096775,0.5
0.47499999999999987,0.4691358024691358,0.4999999999999999,0.1388888888888889,0.3392857142857144,0.089171974522293,0.10805084745762711,0.27834471675372185,0.36184210526315885,0.33333333333333326,0.403225806451613,0.5
0.47499999999999987,0.8888888888888888,0.27083333333333326,0.17129629629629628,0.3035714285714286,0.21656050955414013,0.336864406779661,0.19541984732824602,0.5986842105263164,0.574074074074074,0.774193548387097,0.6666666666666665
0.5499999999999998,0.6419753086419754,0.4374999999999999,0.05555555555555555,0.5357142857142857,0.535031847133758,0.5190677966101694,0.27577340297307984,0.24342105263157965,0.4259259259259258,0.4516129032258067,0.5
0.6249999999999998,0.4444444444444444,0.4999999999999999,0.5185185185185185,0.75,0.5859872611464969,0.4555084745762712,0.631257533145849,0.3881578947368429,0.611111111111111,0.3225806451612905,0.5
0.25,0.22222222222222227,0.5208333333333333,0.05555555555555555,0.5357142857142857,1.0,0.6377118644067796,0.20827641623142057,0.7565789473684217,0.9999999999999999,0.6129032258064517,0.8333333333333333
0.4999999999999998,0.22222222222222227,0.5624999999999999,0.037037037037037035,0.375,0.4585987261146497,0.375,0.18963439132182458,0.5065789473684217,0.8148148148148148,0.6451612903225807,0.5
0.5749999999999997,0.8641975308641974,0.4374999999999999,0.27777777777777773,0.17857142857142871,0.1656050955414013,0.5021186440677966,0.26677380474086476,0.4934210526315792,0.4444444444444443,0.741935483870968,0.5
0.25,0.5802469135802469,0.375,0.04398148148148148,0.1964285714285715,0.1656050955414013,0.2139830508474576,0.18192044997991275,0.7434210526315792,0.33333333333333326,0.6290322580645162,0.8333333333333333
0.27500000000000013,0.22222222222222227,0.39583333333333326,0.004629629629629629,0.2142857142857144,0.03821656050955414,0.036016949152542374,0.1761349939734842,0.4276315789473686,0.18518518518518512,0.4193548387096775,0.33333333333333326
0.44999999999999973,0.6419753086419754,0.18749999999999992,0.2685185185185185,1.0,0.5732484076433121,0.934322033898305,0.6421856167135402,0.8092105263157898,0.4814814814814813,0.19354838709677402,0.33333333333333326
0.9499999999999997,0.6172839506172839,0.5208333333333333,0.5185185185185185,0.7857142857142856,0.5095541401273885,0.934322033898305,0.7527521092808414,0.4802631578947376,0.5555555555555555,0.3225806451612905,0.5
0.19999999999999996,0.09876543209876543,0.35416666666666663,0.17129629629629628,0.4107142857142857,0.20382165605095542,0.3283898305084746,0.49240658899157097,0.7302631578947376,0.4444444444444443,0.19354838709677402,0.33333333333333326
0.25,0.12345679012345678,0.35416666666666663,0.20833333333333331,0.4285714285714286,0.21656050955414013,0.3538135593220339,0.4930494174367297,0.7302631578947376,0.4629629629629628,0.20967741935483875,0.5
0.7249999999999999,0.24691358024691357,0.5416666666666665,0.2407407407407407,0.7142857142857142,0.29299363057324845,0.527542372881356,0.556046605062285,0.5723684210526323,0.5925925925925924,0.35483870967741926,0.5
0.7249999999999999,0.19753086419753085,0.5624999999999999,0.24537037037037035,0.6964285714285714,0.29299363057324845,0.5444915254237288,0.5573322619526024,0.5855263157894739,0.5925925925925924,0.35483870967741926,0.5
0.2999999999999998,0.4444444444444444,0.12499999999999992,0.032407407407407406,0.8035714285714284,0.624203821656051,0.5699152542372882,0.4133386902370475,0.44078947368421106,0.5370370370370369,0.11290322580645151,0.33333333333333326
0.6249999999999998,0.5925925925925926,0.5416666666666665,0.037037037037037035,0.625,0.07643312101910829,0.6080508474576272,0.3426275612695875,0.5723684210526323,0.37037037037037024,0.435483870967742,0.33333333333333326
0.7249999999999999,0.5432098765432098,0.5208333333333333,0.027777777777777776,0.5892857142857143,0.025477707006369428,0.4216101694915254,0.2397750100441982,0.4934210526315792,0.2222222222222222,0.6612903225806452,0.5
0.7749999999999999,0.19753086419753085,0.4374999999999999,0.3148148148148148,0.625,0.713375796178344,0.5614406779661016,0.5791884290879992,0.414473684210527,0.2777777777777777,0.24193548387096775,0.5
0.3999999999999999,0.4691358024691358,0.4166666666666665,0.4722222222222222,0.23214285714285726,0.1910828025477707,0.4173728813559322,0.41462434712736496,0.4934210526315792,0.2777777777777777,0.5161290322580645,0.5
0.5249999999999999,0.19753086419753085,0.5833333333333333,0.05555555555555555,0.3392857142857144,0.43312101910828027,0.3199152542372881,0.1549216552832462,0.164473684210527,0.685185185185185,0.6451612903225807,0.5
0.3999999999999999,0.8888888888888888,0.7291666666666665,0.6388888888888888,0.5892857142857143,0.3439490445859873,0.8834745762711864,0.7996785857774356,0.5986842105263164,0.5925925925925924,0.12903225806451624,0.6666666666666665
0.3749999999999998,0.2962962962962963,0.3124999999999999,0.050925925925925916,0.6607142857142856,0.43312101910828027,0.489406779661017,0.42619525914022205,0.9999999999999996,0.8148148148148148,0.4516129032258067,0.5
0.34999999999999987,0.5185185185185185,0.47916666666666663,0.1388888888888889,0.1964285714285715,0.4713375796178344,0.5021186440677966,0.13435114503816692,0.664473684210527,0.2777777777777777,0.8225806451612905,0.6666666666666665
0.6999999999999997,0.7654320987654321,0.47916666666666663,0.1388888888888889,0.3571428571428572,0.25477707006369427,0.3114406779661017,0.27834471675372185,0.36184210526315885,0.7037037037037034,0.7258064516129035,0.6666666666666665
0.5499999999999998,0.691358024691358,0.47916666666666663,0.4375,0.5357142857142857,0.445859872611465,0.47245762711864403,0.41205303334673005,0.37500000000000044,0.20370370370370372,0.596774193548387,0.8333333333333333
0.5499999999999998,0.691358024691358,0.47916666666666663,0.4583333333333333,0.5357142857142857,0.42038216560509556,0.489406779661017,0.4107673764564126,0.37500000000000044,0.20370370370370372,0.5806451612903225,0.8333333333333333
0.6999999999999997,0.2962962962962963,0.5624999999999999,0.060185185185185175,0.4999999999999999,0.28025477707006374,0.3877118644067797,0.3381277621534764,0.6381578947368429,0.5925925925925924,0.5322580645161292,0.5
0.47499999999999987,0.2962962962962963,0.5833333333333333,0.048611111111111105,0.17857142857142871,0.5095541401273885,0.3538135593220339,0.1999196464443571,0.4013157894736845,0.4259259259259258,0.5483870967741937,0.33333333333333326
0.34999999999999987,0.382716049382716,0.5208333333333333,0.060185185185185175,0.375,0.025477707006369428,0.413135593220339,0.2063479308959444,0.7828947368421058,0.40740740740740733,0.6774193548387097,0.33333333333333326
0.7499999999999998,1.0,1.0,1.0000000000000002,1.0,0.07643312101910829,0.5953389830508474,1.000000000000007,0.7697368421052642,0.8703703703703701,0.596774193548387,0.5
0.5749999999999997,0.2962962962962963,0.45833333333333326,0.2893518518518518,0.6785714285714285,0.3821656050955414,0.8114406779661016,0.5631177179590239,0.664473684210527,0.685185185185185,0.3870967741935485,0.5
0.5749999999999997,0.2962962962962963,0.45833333333333326,0.3148148148148148,0.6785714285714285,0.3821656050955414,0.8114406779661016,0.5631177179590239,0.664473684210527,0.685185185185185,0.3870967741935485,0.5
0.3999999999999999,0.3950617283950617,0.33333333333333326,0.9074074074074073,1.0,0.42038216560509556,0.5826271186440678,0.8131779831257617,0.4802631578947376,0.5185185185185184,0.17741935483870974,0.33333333333333326
0.7999999999999998,0.5432098765432098,0.5624999999999999,0.4814814814814814,0.3392857142857144,0.07643312101910829,0.2139830508474576,0.4133386902370475,0.3223684210526314,0.35185185185185175,0.6774193548387097,0.5
0.5249999999999999,0.7901234567901234,0.6874999999999999,0.25925925925925924,0.9107142857142856,0.4968152866242038,0.663135593220339,0.5406187223784684,0.414473684210527,0.5925925925925924,0.22580645161290325,0.33333333333333326
0.5249999999999999,0.7901234567901234,0.7083333333333331,0.25925925925925924,0.8928571428571428,0.5095541401273885,0.6716101694915254,0.5406187223784684,0.4013157894736845,0.574074074074074,0.22580645161290325,0.33333333333333326
0.44999999999999973,0.41975308641975306,0.8749999999999998,0.34259259259259256,0.5714285714285714,0.7515923566878981,0.7182203389830508,0.5740458015267293,0.5460526315789482,0.4999999999999999,0.19354838709677402,0.33333333333333326
0.4999999999999998,0.4444444444444444,0.7291666666666665,0.3518518518518518,0.5535714285714285,0.6369426751592357,0.6927966101694916,0.5611892326235406,0.5197368421052642,0.5370370370370369,0.22580645161290325,0.33333333333333326
0.4249999999999998,0.7160493827160493,0.4374999999999999,0.07407407407407408,0.3214285714285715,0.4713375796178344,0.3707627118644068,0.11763760546404711,0.5460526315789482,0.574074074074074,0.8870967741935485,0.6666666666666665
0.4999999999999998,0.6666666666666666,0.9166666666666665,0.43981481481481477,0.6785714285714285,0.445859872611465,0.5572033898305084,0.590759341100842,0.3486842105263164,0.33333333333333326,0.22580645161290325,0.33333333333333326
0.3999999999999999,0.345679012345679,0.47916666666666663,0.3055555555555555,0.23214285714285726,0.1656050955414013,0.2690677966101695,0.3786259541984762,0.4276315789473686,0.611111111111111,0.467741935483871,0.8333333333333333
0.5249999999999999,0.5679012345679012,0.47916666666666663,0.046296296296296294,0.375,0.40764331210191085,0.4004237288135593,0.22948975492165857,0.5065789473684217,0.4259259259259258,0.5483870967741937,0.6666666666666665
0.47499999999999987,0.19753086419753085,0.5833333333333333,0.032407407407407406,0.375,0.5477707006369427,0.4470338983050848,0.16263559662515092,0.5065789473684217,0.5370370370370369,0.709677419354839,0.6666666666666665
0.19999999999999996,0.1728395061728395,0.45833333333333326,0.21759259259259256,0.4107142857142857,0.07643312101910829,0.2521186440677966,0.3336279630373653,0.6513157894736845,0.31481481481481477,0.403225806451613,0.5
0.17500000000000004,0.1728395061728395,0.47916666666666663,0.6203703703703703,0.2857142857142858,0.178343949044586,0.336864406779661,0.4666934511852219,0.5986842105263164,0.29629629629629617,0.5645161290322582,0.8333333333333333
0.6249999999999998,0.2962962962962963,0.35416666666666663,0.046296296296296294,0.4464285714285715,0.43312101910828027,0.43855932203389825,0.33877059059864223,0.7039473684210527,0.40740740740740733,0.4516129032258067,0.5
0.6749999999999998,0.22222222222222227,1.0,0.5185185185185185,0.4107142857142857,0.6369426751592357,0.5444915254237288,0.7006830052229915,0.29605263157894735,0.4444444444444443,0.14516129032258074,0.33333333333333326
0.6749999999999998,0.24691358024691357,1.0,0.41666666666666663,0.4285714285714286,0.6496815286624205,0.5572033898305084,0.7013258336681432,0.29605263157894735,0.4444444444444443,0.14516129032258074,0.33333333333333326
0.5499999999999998,0.4691358024691358,0.8124999999999998,0.2546296296296296,0.4821428571428572,0.7388535031847134,0.6970338983050848,0.5496183206106977,0.5197368421052642,0.5185185185185184,0.22580645161290325,0.5
0.25,0.5925925925925926,0.45833333333333326,0.09722222222222222,0.6071428571428571,0.29299363057324845,0.565677966101695,0.22884692647649985,0.8355263157894739,0.9444444444444441,0.6774193548387097,0.6666666666666665
0.7499999999999998,0.4444444444444444,0.45833333333333326,0.1388888888888889,0.17857142857142871,0.25477707006369427,0.3411016949152542,0.22820409803134112,0.24342105263157965,0.4629629629629628,0.6612903225806452,0.6666666666666665
0.6499999999999999,0.5432098765432098,0.47916666666666663,0.050925925925925916,0.2678571428571429,0.267515923566879,0.4597457627118644,0.37219766974688895,0.4802631578947376,0.8148148148148148,0.467741935483871,0.33333333333333326
0.47499999999999987,0.19753086419753085,0.5208333333333333,0.046296296296296294,0.1964285714285715,0.3184713375796179,0.3792372881355932,0.4043390920048253,0.7039473684210527,0.6666666666666664,0.33870967741935476,0.5
0.47499999999999987,0.2716049382716049,0.6249999999999999,0.018518518518518517,0.3035714285714286,0.15286624203821658,0.21822033898305082,0.1292085174768971,0.664473684210527,0.29629629629629617,0.806451612903226,0.6666666666666665
0.44999999999999973,0.691358024691358,0.3124999999999999,0.013888888888888888,0.4107142857142857,0.1656050955414013,0.22245762711864409,0.22820409803134112,0.5592105263157898,0.31481481481481477,0.4838709677419355,0.33333333333333326
0.5999999999999999,0.22222222222222227,0.6666666666666665,0.046296296296296294,0.6607142857142856,0.28025477707006374,0.451271186440678,0.33234230614705496,0.5065789473684217,0.4999999999999999,0.4516129032258067,0.33333333333333326
0.2999999999999998,0.07407407407407407,0.7916666666666665,0.4629629629629629,0.6607142857142856,0.8535031847133758,0.5444915254237288,0.5586179188429199,0.13815789473684248,0.2222222222222222,0.20967741935483875,0.16666666666666663
0.2999999999999998,0.32098765432098764,0.5208333333333333,0.06481481481481481,0.4821428571428572,0.7770700636942676,0.43855932203389825,0.21920449979911893,0.8355263157894739,0.37037037037037024,0.5483870967741937,0.5
0.47499999999999987,0.6049382716049383,1.0,0.027777777777777776,1.0,0.5987261146496816,0.4258474576271186,0.38633989554038095,0.24342105263157965,0.29629629629629617,0.19354838709677402,0.33333333333333326
0.44999999999999973,0.7901234567901234,0.7708333333333333,0.25925925925925924,0.7321428571428571,0.5095541401273885,0.9385593220338982,0.6229007633587926,0.914473684210527,0.7037037037037034,0.306451612903226,0.33333333333333326
0.4249999999999998,0.2962962962962963,0.3124999999999999,0.3981481481481481,0.5178571428571428,0.29299363057324845,0.5529661016949152,0.5084773001205392,0.5460526315789482,0.40740740740740733,0.403225806451613,0.33333333333333326
0.6999999999999997,0.4691358024691358,0.5208333333333333,0.20370370370370366,0.4464285714285715,0.20382165605095542,0.15466101694915255,0.2397750100441982,0.3355263157894739,0.4814814814814813,0.709677419354839,0.5
0.5999999999999999,0.4444444444444444,0.6458333333333333,0.26388888888888884,0.5714285714285714,0.6369426751592357,0.646186440677966,0.5541181197268017,0.4934210526315792,0.574074074074074,0.24193548387096775,0.5
0.3749999999999998,0.41975308641975306,0.27083333333333326,0.12499999999999999,0.5892857142857143,0.4968152866242038,0.5995762711864406,0.3503415026114922,0.46710526315789513,0.5185185185185184,0.403225806451613,0.5
0.4249999999999998,0.345679012345679,0.7499999999999999,0.34259259259259256,0.6785714285714285,0.6369426751592357,0.7478813559322034,0.5650462032945072,0.5592105263157898,0.4814814814814813,0.17741935483870974,0.5
0.3999999999999999,0.1481481481481482,0.45833333333333326,0.027777777777777776,0.3392857142857144,0.6496815286624205,0.5021186440677966,0.2397750100441982,0.7565789473684217,0.2407407407407406,0.5645161290322582,0.6666666666666665
0.5749999999999997,0.4444444444444444,0.47916666666666663,0.7222222222222221,0.5178571428571428,0.3694267515923567,0.6377118644067796,0.5997589393330784,0.4802631578947376,0.2777777777777777,0.5161290322580645,0.33333333333333326
0.44999999999999973,0.345679012345679,0.5208333333333333,0.5092592592592592,0.625,0.7261146496815287,0.510593220338983,0.5239051828043486,0.5460526315789482,0.33333333333333326,0.4516129032258067,0.33333333333333326
0.44999999999999973,0.9135802469135803,0.7083333333333331,0.3055555555555555,0.8749999999999998,0.3694267515923567,0.7055084745762712,0.5329047810365637,0.414473684210527,0.40740740740740733,0.22580645161290325,0.33333333333333326
0.44999999999999973,0.22222222222222227,0.4374999999999999,0.023148148148148154,0.2857142857142858,0.14012738853503187,0.2266949152542373,0.2468461229409442,0.4802631578947376,0.6666666666666664,0.4838709677419355,0.5
0.5999999999999999,0.8888888888888888,0.39583333333333326,0.1296296296296296,0.5892857142857143,0.25477707006369427,0.3919491525423729,0.30662916834069875,0.5328947368421058,0.2777777777777777,0.5322580645161292,0.6666666666666665
0.34999999999999987,0.1728395061728395,0.375,0.037037037037037035,0.4642857142857143,0.624203821656051,0.413135593220339,0.24363198071515058,0.6250000000000004,0.29629629629629617,0.5161290322580645,0.5
0.6249999999999998,0.4444444444444444,0.4374999999999999,0.4027777777777778,0.625,0.42038216560509556,0.5699152542372882,0.5592607472880715,0.5328947368421058,0.5185185185185184,0.3870967741935485,0.5
0.5249999999999999,0.1728395061728395,0.4166666666666665,0.07870370370370369,0.3214285714285715,0.15286624203821658,0.2648305084745763,0.2706307754118171,0.3881578947368429,0.6666666666666664,0.5161290322580645,0.6666666666666665
0.25,0.345679012345679,0.4166666666666665,0.013888888888888888,0.3392857142857144,0.40764331210191085,0.2944915254237288,0.14463640016070656,0.44078947368421106,0.2592592592592592,0.5,0.6666666666666665
0.4249999999999998,0.7160493827160493,0.4999999999999999,0.13425925925925924,0.375,0.267515923566879,0.3072033898305085,0.27320208919245204,0.4934210526315792,0.29629629629629617,0.5161290322580645,0.5
0.17500000000000004,0.728395061728395,0.6041666666666665,0.050925925925925916,0.375,0.1910828025477707,0.3326271186440678,0.2770590598633973,0.6381578947368429,0.31481481481481477,0.403225806451613,0.5
0.27500000000000013,0.2962962962962963,0.6458333333333333,0.032407407407407406,0.5714285714285714,0.267515923566879,0.3072033898305085,0.33491361992768276,0.5197368421052642,0.4259259259259258,0.3225806451612905,0.5
0.27500000000000013,0.345679012345679,0.6041666666666665,0.032407407407407406,0.5535714285714285,0.28025477707006374,0.298728813559322,0.33491361992768276,0.5197368421052642,0.4629629629629628,0.3225806451612905,0.5
0.7999999999999998,0.345679012345679,0.45833333333333326,0.23148148148148145,0.6071428571428571,0.28025477707006374,0.3283898305084746,0.3786259541984762,0.3881578947368429,0.37037037037037024,0.467741935483871,0.33333333333333326
0.4249999999999998,0.345679012345679,0.4166666666666665,0.3148148148148148,0.23214285714285726,0.178343949044586,0.2860169491525424,0.38569706709522933,0.45394736842105265,0.6296296296296297,0.467741935483871,0.6666666666666665
0.25,0.2962962962962963,0.5208333333333333,0.018518518518518517,0.3571428571428572,0.4840764331210191,0.2817796610169491,0.18127762153475402,0.914473684210527,0.37037037037037024,0.596774193548387,0.33333333333333326
0.44999999999999973,0.5679012345679012,0.0,0.04166666666666667,0.3214285714285715,0.6751592356687899,0.527542372881356,0.3194857372438733,0.46710526315789513,0.37037037037037024,0.3225806451612905,0.33333333333333326
0.7249999999999999,0.8641975308641974,0.5833333333333333,0.4351851851851851,1.0,0.25477707006369427,0.8072033898305084,0.6846122940940162,0.28289473684210575,0.7777777777777776,0.24193548387096775,0.33333333333333326
0.47499999999999987,0.3950617283950617,0.4166666666666665,0.662037037037037,0.6785714285714285,0.6751592356687899,0.4936440677966102,0.7251104861390232,0.29605263157894735,0.5555555555555555,0.16129032258064524,0.33333333333333326
0.6249999999999998,0.37037037037037035,0.5208333333333333,0.4027777777777778,0.6607142857142856,0.21656050955414013,0.2817796610169491,0.5547609481719533,0.3092105263157898,0.6296296296296297,0.3225806451612905,0.33333333333333326
0.7749999999999999,0.2962962962962963,0.6249999999999999,0.018518518518518517,0.4642857142857143,0.445859872611465,0.5699152542372882,0.24556046605062676,0.36184210526315885,0.38888888888888873,0.6290322580645162,0.33333333333333326
0.125,0.19753086419753085,0.6249999999999999,0.018518518518518517,0.23214285714285726,0.4840764331210191,0.3453389830508475,0.2860586580956266,0.9999999999999996,0.685185185185185,0.4193548387096775,0.5
0.3999999999999999,0.32098765432098764,0.39583333333333326,0.24537037037037035,0.5714285714285714,0.3439490445859873,0.3453389830508475,0.3644837284049842,0.45394736842105265,0.33333333333333326,0.4838709677419355,0.5
0.5249999999999999,0.6172839506172839,0.35416666666666663,0.20370370370370366,0.2142857142857144,0.5605095541401274,0.5233050847457628,0.3400562474889526,0.5855263157894739,0.38888888888888873,0.5161290322580645,0.6666666666666665
0.19999999999999996,0.24691358024691357,1.0,0.030092592592592587,0.3392857142857144,0.3439490445859873,0.4639830508474576,0.17549216552833258,0.9276315789473686,0.7037037037037034,0.6451612903225807,0.6666666666666665
0.44999999999999973,0.5185185185185185,0.45833333333333326,0.1527777777777778,0.2142857142857144,0.4713375796178344,0.3241525423728814,0.20827641623142057,0.5723684210526323,0.7037037037037034,0.741935483870968,0.8333333333333333
0.44999999999999973,0.32098765432098764,0.5624999999999999,0.009259259259259259,0.3392857142857144,0.5859872611464969,0.3961864406779661,0.29184411410205513,0.5723684210526323,0.8518518518518517,0.403225806451613,0.5
0.6249999999999998,0.32098765432098764,0.4999999999999999,0.018518518518518517,0.3928571428571429,0.8152866242038217,0.527542372881356,0.3336279630373653,0.4013157894736845,0.5555555555555555,0.35483870967741926,0.5
0.07499999999999996,0.07407407407407407,0.47916666666666663,0.046296296296296294,0.23214285714285726,0.12738853503184716,0.298728813559322,0.19092004821213493,0.9999999999999996,0.5555555555555555,0.6774193548387097,0.5
0.4249999999999998,0.1728395061728395,0.47916666666666663,0.032407407407407406,0.375,0.21656050955414013,0.23940677966101692,0.16263559662515092,0.4934210526315792,0.35185185185185175,0.6935483870967745,0.5
0.19999999999999996,0.2716049382716049,0.7708333333333333,0.023148148148148154,0.3035714285714286,0.39490445859872614,0.4046610169491525,0.24363198071515058,0.7302631578947376,0.5185185185185184,0.3870967741935485,0.5
0.47499999999999987,0.9876543209876543,0.47916666666666663,0.037037037037037035,0.10714285714285732,0.25477707006369427,0.43008474576271183,0.1150662916834051,0.45394736842105265,0.574074074074074,0.7580645161290325,0.6666666666666665
0.34999999999999987,0.37037037037037035,0.29166666666666663,0.027777777777777776,0.053571428571428714,0.20382165605095542,0.4597457627118644,0.3002008838891186,0.3223684210526314,0.11111111111111116,0.4193548387096775,0.33333333333333326
0.2999999999999998,0.22222222222222227,0.4166666666666665,0.20370370370370366,0.23214285714285726,0.29299363057324845,0.375,0.2346323824829284,0.44078947368421106,0.2222222222222222,0.6935483870967745,0.5
0.47499999999999987,0.1728395061728395,0.6041666666666665,0.050925925925925916,0.3928571428571429,0.22929936305732485,0.2733050847457627,0.21534752912816657,0.37500000000000044,0.574074074074074,0.5483870967741937,0.5
0.0,0.22222222222222227,0.5624999999999999,0.05555555555555555,0.2500000000000001,1.0,0.5995762711864406,0.18513459220570638,0.9999999999999996,0.9999999999999999,0.6451612903225807,0.6666666666666665
0.25,0.32098765432098764,0.47916666666666663,0.046296296296296294,0.5357142857142857,0.4585987261146497,0.3199152542372881,0.15106468461229383,0.5592105263157898,0.9999999999999999,0.709677419354839,0.8333333333333333
0.15000000000000013,0.37037037037037035,0.5624999999999999,0.04166666666666667,0.2678571428571429,0.9171974522292994,0.43008474576271183,0.17034953796705565,0.5723684210526323,0.9999999999999999,0.6612903225806452,0.6666666666666665
0.3999999999999999,0.345679012345679,0.45833333333333326,0.6157407407407407,0.4464285714285715,0.7006369426751593,0.489406779661017,0.6177581357975228,0.5328947368421058,0.29629629629629617,0.435483870967742,0.33333333333333326
0.4249999999999998,0.1728395061728395,0.9583333333333333,0.24537037037037035,0.5357142857142857,0.9299363057324841,0.6038135593220338,0.4956207312173646,0.21710526315789558,0.33333333333333326,0.20967741935483875,0.33333333333333326
0.27500000000000013,0.5925925925925926,0.4999999999999999,0.06944444444444445,0.2142857142857144,0.42038216560509556,0.5021186440677966,0.1504218561671422,0.7434210526315792,0.37037037037037024,0.7580645161290325,0.5
0.2250000000000001,0.7160493827160493,0.4374999999999999,0.023148148148148154,0.2500000000000001,0.28025477707006374,0.2902542372881356,0.110566492567294,0.4934210526315792,0.31481481481481477,0.596774193548387,0.5
0.7749999999999999,0.41975308641975306,0.5416666666666665,0.2824074074074074,0.4285714285714286,0.25477707006369427,0.1885593220338983,0.4184813177983173,0.164473684210527,0.4999999999999999,0.435483870967742,0.33333333333333326
0.5999999999999999,0.32098765432098764,0.39583333333333326,0.09722222222222222,0.3214285714285715,0.4585987261146497,0.3156779661016949,0.23398955403776966,0.24342105263157965,0.38888888888888873,0.6129032258064517,0.6666666666666665
0.5499999999999998,0.3950617283950617,0.4374999999999999,0.2824074074074074,0.4285714285714286,0.445859872611465,0.4470338983050848,0.46605062274006315,0.5197368421052642,0.31481481481481477,0.306451612903226,0.33333333333333326
0.4999999999999998,0.9753086419753085,0.4999999999999999,0.15509259259259262,0.5714285714285714,0.178343949044586,0.260593220338983,0.17806347930896038,0.5592105263157898,0.574074074074074,0.870967741935484,0.6666666666666665
0.5499999999999998,0.49382716049382724,0.47916666666666663,0.3310185185185185,0.3035714285714286,0.356687898089172,0.4004237288135593,0.28734431498594404,0.414473684210527,0.7777777777777776,0.774193548387097,0.6666666666666665
0.5249999999999999,0.7901234567901234,0.4374999999999999,0.4629629629629629,0.3214285714285715,0.28025477707006374,0.2860169491525424,0.35612695861792787,0.45394736842105265,0.4259259259259258,0.774193548387097,0.5
0.44999999999999973,0.8148148148148147,0.45833333333333326,0.046296296296296294,0.4821428571428572,0.20382165605095542,0.3453389830508475,0.31112896745680985,0.4276315789473686,0.35185185185185175,0.403225806451613,0.33333333333333326
0.3999999999999999,0.2962962962962963,0.39583333333333326,0.08796296296296295,0.3035714285714286,0.28025477707006374,0.2733050847457627,0.2937725994375313,0.664473684210527,0.611111111111111,0.5645161290322582,0.33333333333333326
0.9249999999999998,0.345679012345679,0.5208333333333333,0.004629629629629629,0.4464285714285715,0.03821656050955414,0.023305084745762705,0.30148654077943604,0.3092105263157898,0.2777777777777777,0.403225806451613,0.16666666666666663
0.8999999999999999,0.691358024691358,0.5624999999999999,0.48611111111111105,0.3035714285714286,0.24203821656050956,0.47669491525423724,0.3869827239855397,0.19078947368421106,0.31481481481481477,0.806451612903226,0.5
0.10000000000000009,0.5061728395061728,0.4166666666666665,0.21064814814814814,0.3571428571428572,0.7898089171974523,0.5021186440677966,0.15363599839293585,0.5065789473684217,0.2222222222222222,0.709677419354839,0.8333333333333333
0.5249999999999999,0.2962962962962963,0.4374999999999999,0.18981481481481483,0.4642857142857143,0.4840764331210191,0.5444915254237288,0.39148252310165077,0.46710526315789513,0.2407407407407406,0.35483870967741926,0.5
0.47499999999999987,0.8395061728395061,0.7708333333333333,0.4212962962962962,0.6964285714285714,0.8280254777070064,0.9088983050847458,0.7308959421454446,0.5592105263157898,0.5185185185185184,0.16129032258064524,0.33333333333333326
0.34999999999999987,0.19753086419753085,0.5208333333333333,0.050925925925925916,0.4107142857142857,1.0,0.565677966101695,0.24363198071515058,0.6907894736842111,0.9999999999999999,0.6451612903225807,0.6666666666666665
0.3999999999999999,0.1111111111111111,0.5624999999999999,0.037037037037037035,0.5178571428571428,0.25477707006369427,0.2055084745762712,0.1947770188830873,0.45394736842105265,0.5185185185185184,0.596774193548387,0.6666666666666665
0.3999999999999999,0.8888888888888888,0.35416666666666663,0.06481481481481481,0.6964285714285714,0.22929936305732485,0.6800847457627118,0.5200482121333891,0.9999999999999996,0.6481481481481478,0.3225806451612905,0.33333333333333326
0.5499999999999998,0.5679012345679012,0.6249999999999999,0.3194444444444444,0.7142857142857142,0.5095541401273885,0.8411016949152542,0.604901566894334,0.7434210526315792,0.5925925925925924,0.370967741935484,0.33333333333333326
0.9499999999999997,0.24691358024691357,0.39583333333333326,0.009259259259259259,0.3035714285714286,0.29299363057324845,0.2478813559322034,0.25263157894737276,0.24342105263157965,0.29629629629629617,0.5,0.33333333333333326
0.34999999999999987,0.32098765432098764,0.35416666666666663,0.5787037037037036,0.625,0.7261146496815287,0.5529661016949152,0.6820409803133956,0.664473684210527,0.4444444444444443,0.16129032258064524,0.33333333333333326
0.32499999999999973,0.19753086419753085,0.5833333333333333,0.023148148148148154,0.2857142857142858,0.445859872611465,0.3283898305084746,0.32719967858577803,0.7828947368421058,0.6666666666666664,0.403225806451613,0.5
0.4249999999999998,0.345679012345679,0.47916666666666663,0.07407407407407408,0.23214285714285726,0.43312101910828027,0.3072033898305085,0.2346323824829284,0.6118421052631589,0.685185185185185,0.6290322580645162,0.6666666666666665
0.34999999999999987,0.691358024691358,0.1041666666666666,0.38425925925925924,0.375,0.4585987261146497,0.5741525423728814,0.5856167135395864,0.6118421052631589,0.5185185185185184,0.22580645161290325,0.33333333333333326
0.2250000000000001,0.32098765432098764,0.33333333333333326,0.023148148148148154,0.3571428571428572,0.30573248407643316,0.260593220338983,0.19863398955403966,0.664473684210527,0.5555555555555555,0.5483870967741937,0.5
0.3999999999999999,0.41975308641975306,0.47916666666666663,0.013888888888888888,0.3392857142857144,0.4840764331210191,0.4004237288135593,0.25905986339896003,0.664473684210527,0.6666666666666664,0.4516129032258067,0.6666666666666665
0.6999999999999997,0.5679012345679012,0.35416666666666663,0.050925925925925916,1.0,0.4840764331210191,0.5826271186440678,0.4300522298111744,0.3881578947368429,0.4444444444444443,0.2903225806451615,0.33333333333333326
0.44999999999999973,0.4444444444444444,0.7708333333333333,0.29166666666666663,0.5714285714285714,0.7261146496815287,0.6927966101694916,0.5676175170751421,0.5197368421052642,0.4259259259259258,0.20967741935483875,0.33333333333333326
0.34999999999999987,0.2962962962962963,0.45833333333333326,0.018518518518518517,0.2857142857142858,0.25477707006369427,0.2266949152542373,0.20827641623142057,0.5723684210526323,0.5555555555555555,0.5322580645161292,0.5
0.34999999999999987,0.24691358024691357,0.4374999999999999,0.018518518518518517,0.2857142857142858,0.267515923566879,0.2266949152542373,0.2063479308959444,0.5592105263157898,0.5555555555555555,0.5322580645161292,0.5
0.32499999999999973,0.7160493827160493,0.2291666666666666,0.324074074074074,0.2857142857142858,0.5987261146496816,0.6377118644067796,0.5444756930494279,0.5460526315789482,0.4814814814814813,0.24193548387096775,0.33333333333333326
0.7249999999999999,0.24691358024691357,0.4374999999999999,0.027777777777777776,0.5535714285714285,0.5987261146496816,0.760593220338983,0.4512655685014053,0.29605263157894735,0.29629629629629617,0.20967741935483875,0.33333333333333326
0.5249999999999999,0.1481481481481482,0.6041666666666665,0.018518518518518517,0.4642857142857143,0.25477707006369427,0.260593220338983,0.2134190437926904,0.29605263157894735,0.5925925925925924,0.5483870967741937,0.5
0.2999999999999998,0.8888888888888888,0.35416666666666663,0.11574074074074074,0.6785714285714285,0.7006369426751593,0.4597457627118644,0.17420650863800802,0.5460526315789482,0.31481481481481477,0.7580645161290325,0.5
0.5749999999999997,0.691358024691358,0.6458333333333333,0.0625,0.3214285714285715,0.30573248407643316,0.4173728813559322,0.1433507432703891,0.5197368421052642,0.4259259259259258,0.8870967741935485,0.6666666666666665
0.2250000000000001,0.49382716049382724,0.39583333333333326,0.07407407407407408,0.07142857142857156,0.1656050955414013,0.1927966101694915,0.19863398955403966,0.3355263157894739,0.5555555555555555,0.5161290322580645,0.5
0.3999999999999999,0.19753086419753085,0.47916666666666663,0.37731481481481477,0.4107142857142857,0.4585987261146497,0.4173728813559322,0.4744073925271266,0.5065789473684217,0.35185185185185175,0.435483870967742,0.33333333333333326
0.6499999999999999,0.49382716049382724,0.6458333333333333,0.5231481481481481,0.3035714285714286,0.14012738853503187,0.3072033898305085,0.5901165126556904,0.2697368421052633,0.4444444444444443,0.4516129032258067,0.16666666666666663
0.47499999999999987,0.7654320987654321,0.45833333333333326,0.09722222222222222,0.6964285714285714,0.3184713375796179,0.7733050847457628,0.49433507432704715,0.861842105263158,0.6481481481481478,0.403225806451613,0.5
0.4249999999999998,0.8888888888888888,0.7916666666666665,0.22453703703703703,0.0,0.535031847133758,0.4978813559322034,0.17549216552833258,0.4276315789473686,0.18518518518518512,0.806451612903226,0.8333333333333333
0.5249999999999999,0.345679012345679,0.45833333333333326,0.26388888888888884,0.2500000000000001,0.4968152866242038,0.47245762711864403,0.39533949377260313,0.36184210526315885,0.4999999999999999,0.4516129032258067,0.5
0.44999999999999973,0.345679012345679,0.4166666666666665,0.6388888888888888,0.5535714285714285,0.4713375796178344,0.4173728813559322,0.7218963439132224,0.3223684210526314,0.5185185185185184,0.17741935483870974,0.5
0.7249999999999999,0.41975308641975306,0.4374999999999999,0.3333333333333333,0.4107142857142857,0.8280254777070064,0.7478813559322034,0.5425472077139517,0.3881578947368429,0.5185185185185184,0.33870967741935476,0.33333333333333326
0.10000000000000009,0.18518518518518517,0.4999999999999999,0.046296296296296294,0.23214285714285726,0.14012738853503187,0.1673728813559322,0.16970670952189693,0.6513157894736845,0.9999999999999999,0.6290322580645162,0.8333333333333333
0.5499999999999998,0.5679012345679012,0.45833333333333326,0.3935185185185185,0.375,0.5477707006369427,0.510593220338983,0.3246283648051502,0.23026315789473717,0.16666666666666663,0.6451612903225807,0.6666666666666665
0.19999999999999996,0.32098765432098764,0.6458333333333333,0.032407407407407406,0.4642857142857143,1.0,0.5402542372881356,0.19220570510245238,0.5460526315789482,0.9999999999999999,0.5806451612903225,0.8333333333333333
0.3999999999999999,0.41975308641975306,0.47916666666666663,0.49537037037037035,0.4107142857142857,0.8535031847133758,0.7309322033898306,0.5541181197268017,0.44078947368421106,0.5185185185185184,0.35483870967741926,0.5
0.125,0.32098765432098764,0.4166666666666665,0.004629629629629629,0.23214285714285726,0.11464968152866242,0.19703389830508472,0.3239855363599844,0.6513157894736845,0.33333333333333326,0.2903225806451615,0.33333333333333326
0.5749999999999997,0.4691358024691358,0.39583333333333326,0.030092592592592587,0.14285714285714296,0.012738853503184717,0.2944915254237288,0.18127762153475402,0.19078947368421106,0.14814814814814803,0.5483870967741937,0.16666666666666663
0.10000000000000009,0.22222222222222227,0.375,0.004629629629629629,0.2678571428571429,0.11464968152866242,0.2055084745762712,0.3259140216954606,0.6513157894736845,0.35185185185185175,0.2903225806451615,0.33333333333333326
0.5499999999999998,0.09876543209876543,0.4166666666666665,0.44907407407407407,0.4285714285714286,0.4968152866242038,0.3326271186440678,0.5483326637203803,0.5065789473684217,0.29629629629629617,0.2903225806451615,0.8333333333333333
0.5749999999999997,0.5185185185185185,0.5208333333333333,0.3333333333333333,0.375,0.5987261146496816,0.4597457627118644,0.4409803133788728,0.5328947368421058,0.33333333333333326,0.435483870967742,0.5
0.5999999999999999,0.5432098765432098,0.4374999999999999,0.37499999999999994,0.1250000000000001,0.15286624203821658,0.3877118644067797,0.556046605062285,0.4013157894736845,0.722222222222222,0.4193548387096775,0.33333333333333326
0.4999999999999998,0.4444444444444444,0.7708333333333333,0.35648148148148145,0.3928571428571429,0.5987261146496816,0.6504237288135594,0.5721173161912461,0.4802631578947376,0.4629629629629628,0.20967741935483875,0.33333333333333326
0.025000000000000133,0.6172839506172839,0.45833333333333326,0.027777777777777776,0.017857142857143016,0.4713375796178344,0.5529661016949152,0.0012856568903174548,0.6907894736842111,0.685185185185185,0.967741935483871,0.8333333333333333
0.07499999999999996,0.5185185185185185,0.39583333333333326,0.35648148148148145,0.1964285714285715,0.3184713375796179,0.3707627118644068,0.38376858175974604,0.7302631578947376,0.2777777777777777,0.4838709677419355,0.5
0.4999999999999998,0.4444444444444444,0.8124999999999998,0.25925925925925924,0.6071428571428571,0.6751592356687899,0.6885593220338982,0.5599035757332373,0.5328947368421058,0.4259259259259258,0.22580645161290325,0.5
0.2999999999999998,0.49382716049382724,0.8958333333333333,0.20370370370370366,1.0,0.356687898089172,0.5063559322033898,0.5033346725592693,0.3881578947368429,0.2592592592592592,0.16129032258064524,0.5
0.2999999999999998,0.49382716049382724,0.33333333333333326,0.05555555555555555,0.4821428571428572,0.07643312101910829,0.375,0.37219766974688895,0.36184210526315885,0.611111111111111,0.16129032258064524,0.33333333333333326
0.5999999999999999,0.2962962962962963,0.27083333333333326,0.046296296296296294,0.5178571428571428,0.1910828025477707,0.3453389830508475,0.4885496183206115,0.7434210526315792,0.574074074074074,0.3225806451612905,0.33333333333333326
0.32499999999999973,0.4691358024691358,0.33333333333333326,0.05555555555555555,0.4642857142857143,0.089171974522293,0.3792372881355932,0.37219766974688895,0.36184210526315885,0.5925925925925924,0.16129032258064524,0.33333333333333326
0.3999999999999999,0.5185185185185185,0.4374999999999999,0.10648148148148147,0.375,0.29299363057324845,0.2521186440677966,0.20956207312173802,0.6381578947368429,0.7037037037037034,0.709677419354839,0.6666666666666665
0.6499999999999999,0.6666666666666666,0.3124999999999999,0.25,0.4821428571428572,0.3312101910828026,0.43855932203389825,0.38119726797911113,0.44078947368421106,0.40740740740740733,0.5322580645161292,0.33333333333333326
0.8249999999999997,0.09876543209876543,0.6041666666666665,0.013888888888888888,0.3392857142857144,0.43312101910828027,0.2817796610169491,0.20249096022499202,0.0,0.611111111111111,0.6451612903225807,0.5
0.3999999999999999,0.09876543209876543,0.4374999999999999,0.023148148148148154,0.2857142857142858,0.445859872611465,0.3156779661016949,0.17677782241864293,0.2697368421052633,0.6296296296296297,0.596774193548387,0.5
0.6249999999999998,0.7901234567901234,0.35416666666666663,0.22453703703703703,0.017857142857143016,0.30573248407643316,0.298728813559322,0.15427882683808747,0.046052631578947345,0.5925925925925924,0.838709677419355,0.6666666666666665
0.7249999999999999,0.07407407407407407,0.5208333333333333,0.6226851851851851,0.4464285714285715,0.4968152866242038,0.4004237288135593,0.5933306548814912,0.3486842105263164,0.685185185185185,0.4838709677419355,0.6666666666666665
0.5249999999999999,0.37037037037037035,0.6666666666666665,0.34259259259259256,0.2678571428571429,0.356687898089172,0.4004237288135593,0.4223382884692697,0.5460526315789482,0.5925925925925924,0.4838709677419355,0.5
0.5249999999999999,0.7407407407407407,0.6041666666666665,0.5787037037037036,1.0,0.15286624203821658,0.3156779661016949,0.6948975492165559,0.28289473684210575,0.4814814814814813,0.19354838709677402,0.33333333333333326
0.6749999999999998,0.7407407407407407,0.4166666666666665,0.19907407407407407,0.10714285714285732,0.4585987261146497,0.3961864406779661,0.20249096022499202,0.36184210526315885,0.4814814814814813,0.806451612903226,0.6666666666666665
0.25,0.2716049382716049,0.3124999999999999,0.032407407407407406,0.5178571428571428,0.4585987261146497,0.4597457627118644,0.4184813177983173,0.9999999999999996,0.7037037037037034,0.4193548387096775,0.33333333333333326
0.17500000000000004,0.6419753086419754,0.35416666666666663,0.07407407407407408,0.10714285714285732,0.3694267515923567,0.4216101694915254,0.1337083165930082,0.9802631578947376,0.4999999999999999,0.806451612903226,0.8333333333333333
0.44999999999999973,0.37037037037037035,0.4374999999999999,0.662037037037037,0.6428571428571428,0.39490445859872614,0.4173728813559322,0.7225391723583883,0.3092105263157898,0.5925925925925924,0.16129032258064524,0.5
0.8999999999999999,0.5679012345679012,0.45833333333333326,0.0162037037037037,0.10714285714285732,0.6369426751592357,0.5444915254237288,0.21020490156689675,0.164473684210527,0.18518518518518512,0.5645161290322582,0.33333333333333326
0.47499999999999987,0.2962962962962963,0.4374999999999999,0.037037037037037035,0.17857142857142871,0.1910828025477707,0.23940677966101692,0.25263157894737276,0.4013157894736845,0.40740740740740733,0.4838709677419355,0.5
0.6249999999999998,0.4444444444444444,0.3124999999999999,0.050925925925925916,0.625,0.10191082802547771,0.3919491525423729,0.36962635596625404,0.4013157894736845,0.38888888888888873,0.306451612903226,0.33333333333333326
0.3749999999999998,0.345679012345679,0.27083333333333326,0.23148148148148145,0.4285714285714286,0.3694267515923567,0.4597457627118644,0.3760546404178413,0.414473684210527,0.4444444444444443,0.3870967741935485,0.5
0.6749999999999998,0.2716049382716049,0.6458333333333333,0.3009259259259259,0.7321428571428571,0.6114649681528663,0.3834745762711864,0.5329047810365637,0.3355263157894739,0.5555555555555555,0.306451612903226,0.5
0.7999999999999998,0.1481481481481482,0.4999999999999999,0.027777777777777776,0.5357142857142857,0.8789808917197452,0.6038135593220338,0.27577340297307984,0.3486842105263164,0.4629629629629628,0.4838709677419355,0.5
0.4999999999999998,0.5925925925925926,0.6249999999999999,0.41666666666666663,0.1964285714285715,0.40764331210191085,0.44279661016949157,0.36962635596625404,0.4934210526315792,0.2407407407407406,0.6612903225806452,0.5
0.44999999999999973,0.37037037037037035,0.2291666666666666,0.5,0.5178571428571428,0.5477707006369427,0.47245762711864403,0.5740458015267293,0.2039473684210531,0.5370370370370369,0.27419354838709675,0.5
0.47499999999999987,0.691358024691358,0.35416666666666663,0.33796296296296297,0.3392857142857144,0.4713375796178344,0.43855932203389825,0.26227400562475367,0.24342105263157965,0.14814814814814803,0.6774193548387097,0.6666666666666665
0.32499999999999973,0.7407407407407407,0.6874999999999999,0.20370370370370366,0.017857142857143016,0.3694267515923567,0.3961864406779661,0.1902772197669762,0.45394736842105265,0.16666666666666663,0.709677419354839,0.6666666666666665
0.9249999999999998,0.37037037037037035,0.39583333333333326,0.48611111111111105,0.3214285714285715,0.356687898089172,0.3283898305084746,0.5116914423463328,0.29605263157894735,0.31481481481481477,0.403225806451613,0.6666666666666665
0.5499999999999998,0.2962962962962963,0.45833333333333326,0.34259259259259256,0.625,0.3439490445859873,0.8199152542372882,0.5689031739654453,0.6250000000000004,0.6481481481481478,0.3870967741935485,0.5
0.2999999999999998,0.4444444444444444,0.47916666666666663,0.14814814814814814,0.2500000000000001,0.5859872611464969,0.6800847457627118,0.1928485335476111,0.45394736842105265,0.2222222222222222,0.6451612903225807,0.5
0.5249999999999999,0.5432098765432098,0.4374999999999999,0.46064814814814814,0.3928571428571429,0.025477707006369428,0.036016949152542374,0.30405785456007095,0.3486842105263164,0.18518518518518512,0.7580645161290325,0.5
0.47499999999999987,0.24691358024691357,0.39583333333333326,0.44444444444444436,0.4285714285714286,0.3439490445859873,0.4046610169491525,0.48726396143029405,0.4013157894736845,0.4259259259259258,0.467741935483871,0.6666666666666665
0.4999999999999998,0.24691358024691357,0.39583333333333326,0.42592592592592593,0.4285714285714286,0.3439490445859873,0.3961864406779661,0.4467657693853013,0.4013157894736845,0.4259259259259258,0.467741935483871,0.6666666666666665
0.5999999999999999,0.2716049382716049,0.45833333333333326,0.26388888888888884,0.3392857142857144,0.1910828025477707,0.3538135593220339,0.38184009642426986,0.45394736842105265,0.5555555555555555,0.5483870967741937,0.6666666666666665
0.34999999999999987,0.19753086419753085,0.47916666666666663,0.023148148148148154,0.375,0.9171974522292994,0.6970338983050848,0.24748895138609583,0.5460526315789482,0.35185185185185175,0.4838709677419355,0.5
0.050000000000000044,0.4691358024691358,0.47916666666666663,0.18055555555555552,0.3035714285714286,0.713375796178344,0.6716101694915254,0.1574929690638811,0.8486842105263164,0.16666666666666663,0.741935483870968,0.6666666666666665
0.3749999999999998,0.7160493827160493,0.39583333333333326,0.26388888888888884,0.3392857142857144,0.5477707006369427,0.5614406779661016,0.32077139413419076,0.6381578947368429,0.4444444444444443,0.5806451612903225,0.6666666666666665
0.44999999999999973,0.2962962962962963,0.375,0.47685185185185186,0.4107142857142857,0.3439490445859873,0.4682203389830508,0.5046203294495797,0.4013157894736845,0.40740740740740733,0.403225806451613,0.6666666666666665
0.44999999999999973,0.49382716049382724,0.5208333333333333,0.009259259259259259,0.3928571428571429,0.5095541401273885,0.4216101694915254,0.10863800723182493,0.29605263157894735,0.2777777777777777,0.7258064516129035,0.5
0.4249999999999998,0.6666666666666666,0.5624999999999999,0.009259259259259259,0.3392857142857144,0.3821656050955414,0.3877118644067797,0.14849337083165892,0.4013157894736845,0.5185185185185184,0.6612903225806452,0.8333333333333333
0.5249999999999999,0.41975308641975306,0.4999999999999999,0.027777777777777776,0.3571428571428572,0.42038216560509556,0.586864406779661,0.23848935315388076,0.28289473684210575,0.6666666666666664,0.5322580645161292,0.5
0.2999999999999998,0.5925925925925926,0.4374999999999999,0.032407407407407406,0.17857142857142871,0.20382165605095542,0.3919491525423729,0.05849738850944419,0.3486842105263164,0.7777777777777776,0.8548387096774195,0.6666666666666665
0.3749999999999998,0.24691358024691357,0.5624999999999999,0.027777777777777776,0.3392857142857144,0.30573248407643316,0.3877118644067797,0.23334672559260383,0.46710526315789513,0.5370370370370369,0.4838709677419355,0.5
0.5249999999999999,0.5432098765432098,0.5624999999999999,0.013888888888888888,0.3928571428571429,0.4840764331210191,0.5783898305084746,0.16520691040578583,0.36184210526315885,0.2592592592592592,0.6612903225806452,0.5
0.050000000000000044,0.5432098765432098,0.4999999999999999,0.14351851851851855,0.2678571428571429,0.6624203821656052,0.6504237288135594,0.10220972278023766,0.7302631578947376,0.14814814814814803,0.806451612903226,0.6666666666666665
0.4249999999999998,0.2962962962962963,0.8541666666666665,0.8101851851851852,0.6964285714285714,0.6114649681528663,0.8538135593220338,0.7906789875452134,0.17763157894736858,0.7777777777777776,0.12903225806451624,0.5
0.47499999999999987,0.41975308641975306,0.45833333333333326,0.034722222222222224,0.8214285714285714,0.36305732484076436,0.8411016949152542,0.43519485737244423,0.46710526315789513,0.574074074074074,0.24193548387096775,0.33333333333333326
0.44999999999999973,0.345679012345679,0.5624999999999999,0.2268518518518518,0.2500000000000001,0.356687898089172,0.3622881355932203,0.31820008035356295,0.5197368421052642,0.4629629629629628,0.6129032258064517,0.5
0.4999999999999998,0.41975308641975306,0.5833333333333333,0.11574074074074074,0.1964285714285715,0.3439490445859873,0.3114406779661017,0.20827641623142057,0.44078947368421106,0.4259259259259258,0.6774193548387097,0.5
0.5499999999999998,0.12345679012345678,0.5833333333333333,0.5671296296296295,0.4821428571428572,0.43312101910828027,0.3622881355932203,0.5592607472880715,0.3223684210526314,0.611111111111111,0.435483870967742,0.5
0.5499999999999998,0.9135802469135803,0.5208333333333333,0.8888888888888888,0.4464285714285715,0.12738853503184716,0.20127118644067798,0.6743270389714908,0.3486842105263164,0.29629629629629617,0.4838709677419355,0.5
0.5999999999999999,0.5925925925925926,0.4374999999999999,0.35416666666666663,0.08928571428571447,0.15286624203821658,0.3580508474576271,0.4184813177983173,0.24342105263157965,0.40740740740740733,0.5483870967741937,0.5
0.27500000000000013,0.6419753086419754,0.4374999999999999,0.14814814814814814,0.3571428571428572,0.7006369426751593,0.489406779661017,0.19606267577340475,0.37500000000000044,0.2222222222222222,0.6451612903225807,0.5
0.4999999999999998,0.345679012345679,0.45833333333333326,0.29166666666666663,0.3928571428571429,0.39490445859872614,0.43008474576271183,0.298915226998794,0.28289473684210575,0.31481481481481477,0.6290322580645162,0.8333333333333333
0.8999999999999999,0.5925925925925926,0.5416666666666665,0.5138888888888888,0.2500000000000001,0.012738853503184717,0.11228813559322035,0.46797910807553933,0.28289473684210575,0.2222222222222222,0.6129032258064517,0.5
0.4999999999999998,0.4691358024691358,0.4166666666666665,0.18518518518518517,0.5535714285714285,0.05095541401273886,0.2902542372881356,0.48019284853355515,0.7039473684210527,0.4814814814814813,0.4193548387096775,0.16666666666666663
0.7999999999999998,1.0,0.24999999999999992,0.15740740740740738,0.625,0.28025477707006374,0.48093220338983056,0.45447971072719895,0.3355263157894739,0.29629629629629617,0.27419354838709675,0.33333333333333326
0.15000000000000013,0.345679012345679,0.4166666666666665,0.027777777777777776,0.5357142857142857,0.8535031847133758,0.5614406779661016,0.3002008838891186,0.9999999999999996,0.759259259259259,0.4838709677419355,0.6666666666666665
0.8999999999999999,0.345679012345679,0.4374999999999999,0.38425925925925924,0.16071428571428586,0.1910828025477707,0.4173728813559322,0.4789071916432377,0.24342105263157965,0.2222222222222222,0.403225806451613,0.5
0.6499999999999999,0.5925925925925926,0.27083333333333326,0.5138888888888888,0.3571428571428572,0.535031847133758,0.5529661016949152,0.5573322619526024,0.3881578947368429,0.4259259259259258,0.3870967741935485,0.33333333333333326
0.6749999999999998,0.24691358024691357,0.5833333333333333,0.25925925925925924,0.625,0.24203821656050956,0.5021186440677966,0.5367617517075232,0.5197368421052642,0.611111111111111,0.403225806451613,0.5
0.5749999999999997,0.9629629629629628,0.4166666666666665,0.6574074074074074,0.16071428571428586,0.25477707006369427,0.5190677966101694,0.5187625552430717,0.414473684210527,0.4814814814814813,0.6451612903225807,0.8333333333333333
0.25,0.2716049382716049,0.33333333333333326,0.4722222222222222,0.4821428571428572,0.39490445859872614,0.44279661016949157,0.6010445962233959,0.5460526315789482,0.35185185185185175,0.19354838709677402,0.5
0.47499999999999987,0.1481481481481482,0.7708333333333333,0.046296296296296294,0.375,0.1656050955414013,0.3072033898305085,0.35548413017276204,0.7434210526315792,0.4999999999999999,0.467741935483871,0.33333333333333326
0.4999999999999998,0.3950617283950617,0.6041666666666665,0.35648148148148145,0.5357142857142857,0.6114649681528663,0.701271186440678,0.5573322619526024,0.45394736842105265,0.5185185185185184,0.24193548387096775,0.5
0.5249999999999999,0.41975308641975306,0.7916666666666665,0.3611111111111111,0.4821428571428572,0.43312101910828027,0.5783898305084746,0.5740458015267293,0.45394736842105265,0.611111111111111,0.22580645161290325,0.5
0.2999999999999998,0.3950617283950617,0.4999999999999999,0.08796296296296295,0.1964285714285715,0.3694267515923567,0.2775423728813559,0.1947770188830873,0.4276315789473686,0.5185185185185184,0.5322580645161292,0.6666666666666665
0.4999999999999998,0.5185185185185185,0.5208333333333333,0.13425925925925924,0.6964285714285714,0.30573248407643316,0.7182203389830508,0.5001205303334757,0.8092105263157898,0.6666666666666664,0.3870967741935485,0.33333333333333326
0.3749999999999998,0.6172839506172839,0.6874999999999999,0.7685185185185184,0.3928571428571429,0.7006369426751593,0.6377118644067796,0.7540377661711588,0.5986842105263164,0.6481481481481478,0.22580645161290325,0.5
0.4249999999999998,0.37037037037037035,0.7499999999999999,0.06944444444444445,0.2142857142857144,0.5222929936305732,0.3580508474576271,0.2204901566894364,0.28289473684210575,0.5555555555555555,0.5322580645161292,0.5
0.3749999999999998,0.4691358024691358,0.4166666666666665,0.537037037037037,0.5178571428571428,0.7261146496815287,0.7478813559322034,0.6884692647649828,0.44078947368421106,0.33333333333333326,0.12903225806451624,0.5
0.3749999999999998,0.2962962962962963,0.5833333333333333,0.5185185185185185,0.5357142857142857,0.713375796178344,0.4682203389830508,0.5194053836882375,0.5197368421052642,0.2407407407407406,0.4516129032258067,0.33333333333333326
0.34999999999999987,0.6172839506172839,0.6666666666666665,0.75,0.3928571428571429,0.713375796178344,0.6504237288135594,0.7527521092808414,0.5855263157894739,0.6481481481481478,0.22580645161290325,0.5
0.5999999999999999,0.32098765432098764,1.0,0.023148148148148154,1.0,0.5605095541401274,0.4004237288135593,0.3850542386500635,0.19078947368421106,0.38888888888888873,0.19354838709677402,0.5
0.2999999999999998,0.4691358024691358,0.4374999999999999,0.6527777777777777,0.5178571428571428,0.1656050955414013,0.527542372881356,0.6139011651265562,0.414473684210527,0.574074074074074,0.370967741935484,0.5
0.2250000000000001,0.09876543209876543,0.35416666666666663,0.2268518518518518,0.3392857142857144,0.24203821656050956,0.336864406779661,0.3940538368822857,0.37500000000000044,0.6481481481481478,0.306451612903226,0.5
0.5249999999999999,0.3950617283950617,0.5833333333333333,0.2546296296296296,0.2142857142857144,0.4585987261146497,0.3919491525423729,0.24106066693450856,0.5065789473684217,0.2222222222222222,0.709677419354839,0.5
0.7249999999999999,0.24691358024691357,0.9166666666666665,0.027777777777777776,0.4642857142857143,0.5095541401273885,0.625,0.2372036962635633,0.4013157894736845,0.40740740740740733,0.6290322580645162,0.33333333333333326
0.5749999999999997,0.22222222222222227,0.7083333333333331,0.032407407407407406,0.14285714285714296,0.39490445859872614,0.47669491525423724,0.22884692647649985,0.4013157894736845,0.6296296296296297,0.596774193548387,0.5
0.6749999999999998,0.6172839506172839,0.6041666666666665,0.37499999999999994,1.0,0.5987261146496816,0.760593220338983,0.6428284451587061,0.23026315789473717,0.6481481481481478,0.22580645161290325,0.33333333333333326
0.34999999999999987,0.4320987654320988,0.3124999999999999,0.050925925925925916,0.4285714285714286,1.0,0.9999999999999999,0.4763358778625957,0.9539473684210527,0.574074074074074,0.25806451612903225,0.16666666666666663
0.19999999999999996,0.2962962962962963,1.0,0.44444444444444436,0.4999999999999999,0.9681528662420382,0.6588983050847458,0.47505022097228533,0.23026315789473717,0.38888888888888873,0.3870967741935485,0.6666666666666665
0.6999999999999997,0.22222222222222227,0.5624999999999999,0.18055555555555552,0.4821428571428572,0.30573248407643316,0.3495762711864407,0.4602651667336346,0.37500000000000044,0.4629629629629628,0.24193548387096775,0.33333333333333326
0.25,0.1728395061728395,0.45833333333333326,0.24537037037037035,0.375,0.06369426751592358,0.2266949152542373,0.28348734431498457,0.5197368421052642,0.38888888888888873,0.6290322580645162,0.5
0.3749999999999998,0.41975308641975306,0.7291666666666665,0.050925925925925916,0.16071428571428586,0.43312101910828027,0.4088983050847458,0.14399357171554783,0.4934210526315792,0.33333333333333326,0.7258064516129035,0.5
0.5249999999999999,0.49382716049382724,0.6666666666666665,0.037037037037037035,0.017857142857143016,0.05095541401273886,0.1504237288135593,0.10606669345118291,0.46710526315789513,0.33333333333333326,0.870967741935484,0.33333333333333326
0.5999999999999999,0.4691358024691358,0.5833333333333333,0.2222222222222222,0.1964285714285715,0.3184713375796179,0.4004237288135593,0.29762957010847657,0.4276315789473686,0.9999999999999999,0.7580645161290325,0.33333333333333326
0.34999999999999987,0.41975308641975306,0.6041666666666665,0.33796296296296297,0.5357142857142857,0.6624203821656052,0.798728813559322,0.5534752912816501,0.4802631578947376,0.4444444444444443,0.17741935483870974,0.33333333333333326
0.9249999999999998,0.2716049382716049,0.8124999999999998,0.023148148148148154,0.1964285714285715,0.267515923566879,0.163135593220339,0.30405785456007095,0.12500000000000044,0.5185185185185184,0.403225806451613,0.5
0.34999999999999987,0.41975308641975306,0.9375,0.2962962962962963,0.5535714285714285,0.713375796178344,0.663135593220339,0.47762153475292024,0.5065789473684217,0.8888888888888885,0.3870967741935485,0.33333333333333326
0.4999999999999998,0.49382716049382724,0.7083333333333331,0.324074074074074,0.2678571428571429,0.356687898089172,0.3834745762711864,0.2912012856568893,0.36184210526315885,0.685185185185185,0.7258064516129035,0.8333333333333333
0.6499999999999999,0.32098765432098764,1.0,0.5416666666666666,0.4107142857142857,0.9554140127388535,0.6927966101694916,0.6858979509843337,0.19078947368421106,0.4814814814814813,0.16129032258064524,0.33333333333333326
0.5499999999999998,0.1728395061728395,0.6041666666666665,0.6805555555555556,0.5357142857142857,0.6624203821656052,0.4258474576271186,0.6678987545199035,0.4934210526315792,0.37037037037037024,0.2903225806451615,0.5
0.6249999999999998,0.49382716049382724,0.6874999999999999,0.027777777777777776,0.3214285714285715,0.3439490445859873,0.5190677966101694,0.3175572519083971,0.4802631578947376,0.38888888888888873,0.435483870967742,0.16666666666666663
0.32499999999999973,0.24691358024691357,0.6041666666666665,0.07870370370370369,0.3214285714285715,0.3312101910828026,0.3877118644067797,0.16134993973484058,0.46710526315789513,0.4999999999999999,0.709677419354839,0.5
0.5499999999999998,1.0,0.7083333333333331,0.2546296296296296,0.2500000000000001,0.05095541401273886,0.23940677966101692,0.26163117717958784,0.36184210526315885,0.5185185185185184,0.7258064516129035,0.8333333333333333
0.4249999999999998,0.691358024691358,0.6041666666666665,0.44444444444444436,0.23214285714285726,0.22929936305732485,0.2648305084745763,0.3619124146243493,0.3881578947368429,0.38888888888888873,0.6612903225806452,0.6666666666666665
0.6749999999999998,0.41975308641975306,0.7916666666666665,0.16203703703703703,0.4642857142857143,1.0,0.6080508474576272,0.30405785456007095,0.15131578947368451,0.685185185185185,0.5322580645161292,0.5
0.47499999999999987,0.3950617283950617,0.6666666666666665,0.10648148148148147,0.4285714285714286,0.5859872611464969,0.43432203389830504,0.21920449979911893,0.5855263157894739,0.38888888888888873,0.6451612903225807,0.33333333333333326
0.44999999999999973,0.41975308641975306,0.4999999999999999,0.3657407407407407,0.4821428571428572,0.3439490445859873,0.5148305084745762,0.5367617517075232,0.6250000000000004,0.7037037037037034,0.3870967741935485,0.33333333333333326
0.3999999999999999,0.1728395061728395,0.6458333333333333,0.04166666666666667,0.4821428571428572,0.267515923566879,0.2860169491525424,0.16777822418642785,0.4013157894736845,0.4444444444444443,0.6774193548387097,0.6666666666666665
0.3749999999999998,0.49382716049382724,0.4374999999999999,0.11574074074074074,0.4285714285714286,0.28025477707006374,0.4046610169491525,0.4557653676175235,0.3223684210526314,0.38888888888888873,0.09677419354838701,0.33333333333333326
0.5749999999999997,0.49382716049382724,0.5416666666666665,0.13425925925925924,0.23214285714285726,0.42038216560509556,0.3029661016949152,0.1999196464443571,0.2039473684210531,0.20370370370370372,0.6612903225806452,0.33333333333333326
0.44999999999999973,0.6666666666666666,0.5208333333333333,0.19907407407407407,0.3035714285714286,0.089171974522293,0.4470338983050848,0.34841301727602314,0.6776315789473686,0.9999999999999999,0.6451612903225807,0.33333333333333326
0.2999999999999998,0.6666666666666666,0.8749999999999998,0.027777777777777776,0.2500000000000001,0.10191082802547771,0.3495762711864407,0.20506227400562693,0.861842105263158,0.37037037037037024,0.6290322580645162,0.5
0.25,0.5679012345679012,0.47916666666666663,0.18055555555555552,0.16071428571428586,0.3312101910828026,0.3156779661016949,0.12535154680595184,0.5855263157894739,0.5555555555555555,0.9193548387096775,0.6666666666666665
0.44999999999999973,0.22222222222222227,0.5416666666666665,0.09259259259259259,0.2678571428571429,0.39490445859872614,0.2478813559322034,0.2796303736440393,0.5460526315789482,0.9259259259259257,0.5322580645161292,0.5
0.9249999999999998,0.37037037037037035,0.6458333333333333,0.4305555555555555,0.375,0.28025477707006374,0.2902542372881356,0.5136199276818019,0.28289473684210575,0.37037037037037024,0.403225806451613,0.5
0.32499999999999973,0.2962962962962963,0.5208333333333333,0.412037037037037,0.4642857142857143,0.4585987261146497,0.7690677966101694,0.5071916432302217,0.44078947368421106,0.40740740740740733,0.33870967741935476,0.0
0.3749999999999998,0.7160493827160493,0.5833333333333333,0.04166666666666667,0.16071428571428586,0.12738853503184716,0.23940677966101692,0.10606669345118291,0.17763157894736858,0.31481481481481477,0.6935483870967745,0.5
0.34999999999999987,0.691358024691358,0.6041666666666665,0.12037037037037036,0.2857142857142858,0.22929936305732485,0.2944915254237288,0.1574929690638811,0.3355263157894739,0.20370370370370372,0.6451612903225807,0.6666666666666665
0.3749999999999998,0.49382716049382724,0.7916666666666665,0.4907407407407407,0.4464285714285715,0.7515923566878981,0.6927966101694916,0.5663318601848246,0.414473684210527,0.5370370370370369,0.24193548387096775,0.5
0.6999999999999997,0.4691358024691358,0.8958333333333333,0.12037037037037036,0.4999999999999999,0.3312101910828026,0.5614406779661016,0.26870229007634094,0.28289473684210575,0.574074074074074,0.5483870967741937,0.5
0.5499999999999998,0.41975308641975306,0.7499999999999999,0.07870370370370369,0.5357142857142857,0.4840764331210191,0.4173728813559322,0.22691844114102366,0.46710526315789513,0.4814814814814813,0.6290322580645162,0.6666666666666665
1.0,0.3950617283950617,0.8333333333333333,0.19907407407407407,0.3035714285714286,0.012738853503184717,0.0,0.4223382884692697,0.059210526315789824,0.5925925925925924,0.3225806451612905,0.5
0.4999999999999998,0.12345679012345678,0.6249999999999999,0.037037037037037035,0.3392857142857144,0.21656050955414013,0.3495762711864407,0.2635596625150711,0.5592105263157898,0.7037037037037034,0.5322580645161292,0.6666666666666665
0.44999999999999973,1.0,0.8541666666666665,0.04166666666666667,0.5357142857142857,0.356687898089172,0.48093220338983056,0.25263157894737276,0.5855263157894739,0.4814814814814813,0.596774193548387,0.33333333333333326
0.07499999999999996,0.6172839506172839,0.375,0.2824074074074074,0.1250000000000001,0.535031847133758,0.4639830508474576,0.32784250703094386,0.7302631578947376,0.31481481481481477,0.4838709677419355,0.6666666666666665
0.47499999999999987,0.6419753086419754,0.6458333333333333,0.06944444444444445,0.3214285714285715,0.40764331210191085,0.3877118644067797,0.13692245881880183,0.21710526315789558,0.4814814814814813,0.6774193548387097,0.6666666666666665
0.47499999999999987,0.1481481481481482,0.8749999999999998,0.17129629629629628,0.23214285714285726,0.7006369426751593,0.44279661016949157,0.298915226998794,0.13815789473684248,0.5925925925925924,0.435483870967742,0.6666666666666665
0.5499999999999998,0.4444444444444444,0.5208333333333333,0.47685185185185186,0.4107142857142857,0.29299363057324845,0.2733050847457627,0.46347930895942824,0.4013157894736845,0.2222222222222222,0.467741935483871,0.5
0.4249999999999998,0.5185185185185185,0.35416666666666663,0.2962962962962963,0.4464285714285715,0.20382165605095542,0.3961864406779661,0.42105263157895223,0.4802631578947376,0.29629629629629617,0.35483870967741926,0.5
0.6999999999999997,0.32098765432098764,0.8333333333333333,0.08796296296296295,0.5714285714285714,0.22929936305732485,0.4682203389830508,0.3002008838891186,0.45394736842105265,0.4814814814814813,0.5,0.33333333333333326
0.7249999999999999,0.4444444444444444,0.8749999999999998,0.09259259259259259,0.5357142857142857,0.30573248407643316,0.5911016949152542,0.26677380474086476,0.2565789473684217,0.5185185185185184,0.5161290322580645,0.5
0.7249999999999999,0.41975308641975306,0.8333333333333333,0.08796296296296295,0.5714285714285714,0.3694267515923567,0.6334745762711864,0.3477701888308573,0.3486842105263164,0.6481481481481478,0.4193548387096775,0.5
0.6999999999999997,0.6666666666666666,0.7708333333333333,0.6527777777777777,0.5714285714285714,0.39490445859872614,0.5572033898305084,0.6415427882683886,0.29605263157894735,0.574074074074074,0.370967741935484,0.33333333333333326
0.5249999999999999,0.5432098765432098,0.5624999999999999,0.18055555555555552,0.6964285714285714,0.3694267515923567,0.777542372881356,0.515548413017278,0.7828947368421058,0.6481481481481478,0.3870967741935485,0.16666666666666663
0.47499999999999987,0.3950617283950617,0.7708333333333333,0.07407407407407408,0.3214285714285715,0.21656050955414013,0.3877118644067797,0.21470470068300784,0.3881578947368429,0.7407407407407406,0.6290322580645162,0.5
0.4249999999999998,0.37037037037037035,0.6249999999999999,0.060185185185185175,0.375,0.4968152866242038,0.3326271186440678,0.1857774206508651,0.5065789473684217,0.38888888888888873,0.6290322580645162,0.6666666666666665
0.6999999999999997,0.37037037037037035,0.5208333333333333,0.046296296296296294,0.4999999999999999,0.28025477707006374,0.4639830508474576,0.38184009642426986,0.414473684210527,0.8888888888888885,0.3870967741935485,0.33333333333333326
0.4249999999999998,0.3950617283950617,0.6249999999999999,0.7731481481481481,0.6607142857142856,0.25477707006369427,0.451271186440678,0.7566090799517937,0.4013157894736845,0.4629629629629628,0.19354838709677402,0.5
0.3749999999999998,0.22222222222222227,0.47916666666666663,0.16666666666666669,0.4464285714285715,0.445859872611465,0.413135593220339,0.3027721976697535,0.5723684210526323,0.38888888888888873,0.5322580645161292,0.5
0.47499999999999987,0.32098765432098764,0.5833333333333333,0.08796296296296295,0.3392857142857144,0.42038216560509556,0.2944915254237288,0.26934511852149257,0.5855263157894739,0.5185185185185184,0.4838709677419355,0.6666666666666665
0.27500000000000013,0.49382716049382724,0.6249999999999999,0.037037037037037035,0.2857142857142858,0.5732484076433121,0.5402542372881356,0.08035355564484092,0.36184210526315885,0.7777777777777776,0.7903225806451615,0.6666666666666665
0.27500000000000013,0.2716049382716049,0.5833333333333333,0.009259259259259259,0.2142857142857144,0.012738853503184717,0.0063559322033898275,0.1664925672961033,0.37500000000000044,0.16666666666666663,0.4516129032258067,0.33333333333333326
0.34999999999999987,0.41975308641975306,0.6874999999999999,0.34259259259259256,0.6071428571428571,0.6496815286624205,0.7902542372881356,0.562474889513858,0.46710526315789513,0.4629629629629628,0.17741935483870974,0.5
0.19999999999999996,0.24691358024691357,0.375,0.050925925925925916,0.2678571428571429,0.3694267515923567,0.3538135593220339,0.11635194857372966,0.7171052631578951,0.2777777777777777,0.7903225806451615,0.5
0.17500000000000004,0.24691358024691357,0.27083333333333326,0.2268518518518518,0.3928571428571429,0.10191082802547771,0.2817796610169491,0.2860586580956266,0.861842105263158,0.40740740740740733,0.6774193548387097,0.33333333333333326
0.6499999999999999,0.37037037037037035,0.6041666666666665,0.3703703703703703,0.6607142857142856,0.4968152866242038,0.5529661016949152,0.5290478103656113,0.3355263157894739,0.4444444444444443,0.370967741935484,0.33333333333333326
0.5999999999999999,0.22222222222222227,0.5833333333333333,0.29166666666666663,0.7857142857142856,0.5732484076433121,0.4597457627118644,0.3927681799919682,0.36184210526315885,0.4444444444444443,0.4838709677419355,0.6666666666666665
0.6999999999999997,0.5432098765432098,0.6041666666666665,0.06944444444444445,0.4999999999999999,0.10191082802547771,0.3326271186440678,0.3760546404178413,0.4802631578947376,0.7962962962962962,0.4838709677419355,0.33333333333333326
0.050000000000000044,0.3950617283950617,0.24999999999999992,0.07407407407407408,0.4285714285714286,0.3694267515923567,0.3411016949152542,0.2487746082764204,0.9999999999999996,0.7407407407407406,0.596774193548387,0.5
0.32499999999999973,0.32098765432098764,0.6041666666666665,0.04166666666666667,0.4285714285714286,0.445859872611465,0.43432203389830504,0.16777822418642785,0.5197368421052642,0.38888888888888873,0.6451612903225807,0.5
0.4249999999999998,0.6172839506172839,0.6041666666666665,0.08796296296296295,0.5714285714285714,0.356687898089172,0.5444915254237288,0.16263559662515092,0.4802631578947376,0.38888888888888873,0.7580645161290325,0.5
0.3749999999999998,0.6666666666666666,0.35416666666666663,0.7870370370370371,0.8214285714285714,0.7261146496815287,0.7563559322033898,0.7758939333065555,0.4013157894736845,0.4999999999999999,0.12903225806451624,0.33333333333333326
0.44999999999999973,0.41975308641975306,0.5416666666666665,0.10648148148148147,0.3392857142857144,0.4585987261146497,0.43008474576271183,0.19092004821213493,0.5065789473684217,0.33333333333333326,0.774193548387097,0.5
0.4249999999999998,0.19753086419753085,0.4999999999999999,0.19444444444444442,0.4999999999999999,0.5477707006369427,0.4004237288135593,0.3143431096826035,0.4934210526315792,0.40740740740740733,0.5161290322580645,0.5
0.44999999999999973,0.7654320987654321,0.6249999999999999,0.5231481481481481,0.75,0.624203821656051,0.8538135593220338,0.7328244274809279,0.5986842105263164,0.5370370370370369,0.14516129032258074,0.5
0.19999999999999996,0.2716049382716049,0.375,0.013888888888888888,0.4464285714285715,0.6369426751592357,0.3538135593220339,0.20249096022499202,0.914473684210527,0.31481481481481477,0.5161290322580645,0.33333333333333326
0.34999999999999987,0.41975308641975306,0.6249999999999999,0.032407407407407406,0.6428571428571428,0.5095541401273885,0.489406779661017,0.22434712736038875,0.5592105263157898,0.33333333333333326,0.5,0.5
0.5249999999999999,0.345679012345679,0.7083333333333331,0.2685185185185185,0.4821428571428572,0.40764331210191085,0.4046610169491525,0.37412615508236513,0.3223684210526314,0.5370370370370369,0.4516129032258067,0.5
0.34999999999999987,0.2716049382716049,0.4166666666666665,0.17129629629629628,0.5357142857142857,0.39490445859872614,0.451271186440678,0.6087585375653006,0.4934210526315792,0.37037037037037024,0.20967741935483875,0.5
0.27500000000000013,0.6172839506172839,0.47916666666666663,0.34722222222222215,0.4107142857142857,0.089171974522293,0.0614406779661017,0.2564885496183251,0.5460526315789482,0.2592592592592592,0.7580645161290325,0.6666666666666665
0.7499999999999998,0.22222222222222227,0.8541666666666665,0.032407407407407406,0.5357142857142857,0.42038216560509556,0.510593220338983,0.2114905584572071,0.46710526315789513,0.33333333333333326,0.6451612903225807,0.5
0.17500000000000004,0.2716049382716049,0.375,0.013888888888888888,0.4464285714285715,0.6369426751592357,0.3538135593220339,0.20249096022499202,0.914473684210527,0.31481481481481477,0.5161290322580645,0.33333333333333326
0.34999999999999987,0.37037037037037035,0.5624999999999999,0.7685185185185184,0.4285714285714286,0.445859872611465,0.4682203389830508,0.7938931297709999,0.5592105263157898,0.38888888888888873,0.12903225806451624,0.5
0.5999999999999999,0.5925925925925926,0.6458333333333333,0.37499999999999994,0.4107142857142857,0.5477707006369427,0.5699152542372882,0.5509039775010152,0.5197368421052642,0.4629629629629628,0.3870967741935485,0.5
0.25,0.7654320987654321,0.7916666666666665,0.3194444444444444,0.2142857142857144,0.12738853503184716,0.2902542372881356,0.23077541181197603,0.7565789473684217,0.4259259259259258,0.967741935483871,0.5
0.6999999999999997,0.41975308641975306,1.0,0.18518518518518517,0.3571428571428572,0.624203821656051,0.9999999999999999,0.1973483326637222,0.29605263157894735,0.38888888888888873,0.8225806451612905,0.5
0.25,0.5185185185185185,0.4999999999999999,0.14351851851851855,0.2500000000000001,0.356687898089172,0.2902542372881356,0.18192044997991275,0.5855263157894739,0.37037037037037024,0.6935483870967745,0.5
0.5999999999999999,0.7901234567901234,0.6041666666666665,0.07407407407407408,0.2678571428571429,0.4840764331210191,0.3792372881355932,0.23398955403776966,0.6118421052631589,0.4444444444444443,0.741935483870968,0.5
0.4999999999999998,0.7654320987654321,0.5208333333333333,0.3148148148148148,0.08928571428571447,0.4585987261146497,0.48093220338983056,0.3220570510245082,0.4934210526315792,0.40740740740740733,0.6451612903225807,0.6666666666666665
0.32499999999999973,0.22222222222222227,0.6874999999999999,0.6712962962962963,0.3214285714285715,0.3312101910828026,0.44279661016949157,0.6254720771394133,0.08552631578947434,0.4629629629629628,0.24193548387096775,0.33333333333333326
0.5749999999999997,0.691358024691358,0.5833333333333333,0.19444444444444442,0.07142857142857156,0.4713375796178344,0.4004237288135593,0.2089192446765793,0.36184210526315885,0.4999999999999999,0.7580645161290325,0.6666666666666665
0.5249999999999999,0.2716049382716049,0.47916666666666663,0.33796296296296297,0.4821428571428572,0.356687898089172,0.4682203389830508,0.4789071916432377,0.7828947368421058,0.31481481481481477,0.403225806451613,0.5
0.4249999999999998,0.6419753086419754,0.7708333333333333,0.018518518518518517,0.14285714285714296,0.05095541401273886,0.2563559322033898,0.09899558055444402,0.45394736842105265,0.5925925925925924,0.7903225806451615,0.5
0.7499999999999998,0.5432098765432098,0.5624999999999999,0.18518518518518517,0.16071428571428586,0.22929936305732485,0.7563559322033898,0.3284853354760955,0.3355263157894739,0.8148148148148148,0.6290322580645162,0.5
0.32499999999999973,1.0,0.8958333333333333,0.037037037037037035,0.3928571428571429,0.3821656050955414,0.43855932203389825,0.1999196464443571,0.5723684210526323,0.4259259259259258,0.6451612903225807,0.5
0.10000000000000009,0.6419753086419754,0.5833333333333333,0.25925925925925924,0.2857142857142858,0.5095541401273885,0.48093220338983056,0.2346323824829284,0.5855263157894739,0.35185185185185175,0.7258064516129035,0.5
0.19999999999999996,0.49382716049382724,0.6458333333333333,0.2546296296296296,0.3392857142857144,0.43312101910828027,0.4173728813559322,0.27834471675372185,0.5328947368421058,0.38888888888888873,0.6612903225806452,0.6666666666666665
0.34999999999999987,0.2716049382716049,0.6041666666666665,0.20833333333333331,0.07142857142857156,0.25477707006369427,0.2648305084745763,0.16070711128967474,0.3223684210526314,0.2592592592592592,0.7258064516129035,0.5
0.2250000000000001,0.19753086419753085,0.35416666666666663,0.26388888888888884,0.4999999999999999,0.3312101910828026,0.3961864406779661,0.41719566090799987,0.3355263157894739,0.6666666666666664,0.306451612903226,0.5
0.6999999999999997,0.22222222222222227,0.7708333333333333,0.013888888888888888,0.375,0.7770700636942676,0.5402542372881356,0.26677380474086476,0.28289473684210575,0.35185185185185175,0.435483870967742,0.5
0.6249999999999998,0.2962962962962963,0.6249999999999999,0.07870370370370369,0.5892857142857143,0.28025477707006374,0.2860169491525424,0.21406187223784912,0.17763157894736858,0.2407407407407406,0.6451612903225807,0.5
0.47499999999999987,0.6172839506172839,0.5624999999999999,0.27777777777777773,0.4821428571428572,0.40764331210191085,0.4088983050847458,0.2648453194053886,0.21710526315789558,0.16666666666666663,0.6774193548387097,0.8333333333333333
0.47499999999999987,0.6172839506172839,0.5208333333333333,0.3194444444444444,0.375,0.4713375796178344,0.44279661016949157,0.2648453194053886,0.24342105263157965,0.18518518518518512,0.709677419354839,0.8333333333333333
0.5249999999999999,0.691358024691358,0.5416666666666665,0.3703703703703703,0.4107142857142857,0.445859872611465,0.4470338983050848,0.2886299718762615,0.2565789473684217,0.18518518518518512,0.709677419354839,0.8333333333333333
0.7499999999999998,0.32098765432098764,0.5208333333333333,0.5231481481481481,0.4285714285714286,0.6751592356687899,0.510593220338983,0.5650462032945072,0.28289473684210575,0.16666666666666663,0.370967741935484,0.5
0.19999999999999996,0.8148148148148147,0.27083333333333326,0.3009259259259259,0.625,0.535031847133758,0.5699152542372882,0.3850542386500635,0.6513157894736845,0.33333333333333326,0.403225806451613,0.33333333333333326
0.6999999999999997,0.1728395061728395,0.5416666666666665,0.17129629629629628,0.6428571428571428,0.267515923566879,0.3326271186440678,0.45705102450784096,0.3881578947368429,0.40740740740740733,0.24193548387096775,0.5
0.9249999999999998,0.2962962962962963,0.6458333333333333,0.023148148148148154,0.5535714285714285,0.3694267515923567,0.3665254237288136,0.3104861390116582,0.2565789473684217,0.2407407407407406,0.403225806451613,0.16666666666666663
0.4249999999999998,0.3950617283950617,0.6041666666666665,0.018518518518518517,0.2142857142857144,0.3694267515923567,0.298728813559322,0.1382081157091264,0.5723684210526323,0.2592592592592592,0.6935483870967745,0.5
0.875,0.19753086419753085,0.5833333333333333,0.33796296296296297,0.17857142857142871,0.4585987261146497,0.3707627118644068,0.3824829248694357,0.164473684210527,0.2777777777777777,0.6290322580645162,0.5
0.17500000000000004,0.09876543209876543,0.4999999999999999,0.018518518518518517,0.4107142857142857,0.267515923566879,0.47245762711864403,0.2912012856568893,0.5855263157894739,0.4259259259259258,0.2903225806451615,0.33333333333333326
0.34999999999999987,0.04938271604938271,0.6666666666666665,0.018518518518518517,0.4464285714285715,0.1910828025477707,0.23940677966101692,0.17806347930896038,0.44078947368421106,0.6296296296296297,0.5483870967741937,0.6666666666666665
0.4249999999999998,0.32098765432098764,0.6458333333333333,0.3101851851851851,0.4642857142857143,0.5987261146496816,0.4046610169491525,0.35805544395339695,0.5328947368421058,0.38888888888888873,0.4838709677419355,0.5
0.9749999999999996,0.5432098765432098,1.0,0.050925925925925916,0.5535714285714285,0.10191082802547771,0.2139830508474576,0.4255524306950633,0.3355263157894739,0.6296296296296297,0.4516129032258067,0.16666666666666663
0.47499999999999987,0.24691358024691357,0.5833333333333333,0.032407407407407406,0.2142857142857144,0.5095541401273885,0.4470338983050848,0.14656488549618274,0.5723684210526323,0.2777777777777777,0.774193548387097,0.6666666666666665
0.5499999999999998,0.22222222222222227,0.5624999999999999,0.2685185185185185,0.7142857142857142,0.5095541401273885,0.43855932203389825,0.3901968662113333,0.4013157894736845,0.5185185185185184,0.4838709677419355,0.8333333333333333
0.44999999999999973,0.2716049382716049,0.4999999999999999,0.05555555555555555,0.3571428571428572,0.5095541401273885,0.5444915254237288,0.3117717959019686,0.45394736842105265,0.2592592592592592,0.35483870967741926,0.33333333333333326
0.25,0.49382716049382724,0.4374999999999999,0.04166666666666667,0.1964285714285715,0.3694267515923567,0.4004237288135593,0.1549216552832462,0.6776315789473686,0.7037037037037034,0.7258064516129035,0.6666666666666665
0.6999999999999997,0.3950617283950617,0.7291666666666665,0.14814814814814814,0.3928571428571429,0.5987261146496816,0.5360169491525424,0.2564885496183251,0.3355263157894739,0.2777777777777777,0.5806451612903225,0.5
0.2250000000000001,0.19753086419753085,0.47916666666666663,0.027777777777777776,0.375,0.06369426751592358,0.2944915254237288,0.25713137806348385,0.5986842105263164,0.4814814814814813,0.4838709677419355,0.33333333333333326
0.5499999999999998,0.32098765432098764,0.6874999999999999,0.21759259259259256,0.3928571428571429,0.43312101910828027,0.43855932203389825,0.3921253515468095,0.44078947368421106,0.5555555555555555,0.467741935483871,0.5
0.3999999999999999,0.345679012345679,0.6041666666666665,0.3935185185185185,0.5178571428571428,0.42038216560509556,0.4555084745762712,0.39533949377260313,0.21710526315789558,0.14814814814814803,0.4838709677419355,0.6666666666666665
0.7749999999999999,0.6419753086419754,0.7291666666666665,0.27314814814814814,0.2142857142857144,0.5732484076433121,0.451271186440678,0.2654881478505473,0.2039473684210531,0.2777777777777777,0.7258064516129035,0.5
0.4999999999999998,0.32098765432098764,0.6458333333333333,0.26388888888888884,0.3035714285714286,0.4840764331210191,0.43008474576271183,0.32334270791483277,0.4934210526315792,0.574074074074074,0.6451612903225807,0.6666666666666665
0.10000000000000009,0.5679012345679012,0.5624999999999999,0.20833333333333331,0.2857142857142858,0.5605095541401274,0.5317796610169492,0.1664925672961033,0.44078947368421106,0.16666666666666663,0.709677419354839,0.6666666666666665
0.19999999999999996,0.8395061728395061,0.5208333333333333,0.08333333333333333,0.1250000000000001,0.40764331210191085,0.3283898305084746,0.13113700281237328,0.5460526315789482,0.29629629629629617,0.774193548387097,0.6666666666666665
0.4999999999999998,0.49382716049382724,0.5208333333333333,0.3194444444444444,0.3571428571428572,0.40764331210191085,0.6673728813559322,0.6306147047006974,0.6907894736842111,0.38888888888888873,0.17741935483870974,0.33333333333333326
0.4999999999999998,0.9135802469135803,0.5624999999999999,0.20370370370370366,0.3214285714285715,0.3312101910828026,0.5783898305084746,0.25006026516673785,0.4013157894736845,0.33333333333333326,0.709677419354839,0.6666666666666665
0.44999999999999973,0.5185185185185185,0.6249999999999999,0.2847222222222222,0.2857142857142858,0.25477707006369427,0.3326271186440678,0.26934511852149257,0.45394736842105265,0.9999999999999999,0.7903225806451615,0.6666666666666665
0.4999999999999998,0.32098765432098764,0.6874999999999999,0.027777777777777776,0.5357142857142857,0.28025477707006374,0.451271186440678,0.3361992768180002,0.37500000000000044,0.9999999999999999,0.467741935483871,0.5
0.4999999999999998,0.41975308641975306,0.3124999999999999,0.046296296296296294,0.5357142857142857,0.4713375796178344,0.6122881355932204,0.4441944556046664,0.9539473684210527,0.6666666666666664,0.4516129032258067,0.33333333333333326
0.3999999999999999,0.32098765432098764,0.5208333333333333,0.7152777777777778,0.4464285714285715,0.6878980891719746,0.5190677966101694,0.621615106468461,0.4013157894736845,0.29629629629629617,0.4193548387096775,0.33333333333333326
0.25,0.6172839506172839,0.29166666666666663,0.20370370370370366,0.6785714285714285,0.3439490445859873,0.3665254237288136,0.48019284853355515,0.4276315789473686,0.5555555555555555,0.16129032258064524,0.33333333333333326
0.8499999999999996,0.5432098765432098,0.7291666666666665,0.5462962962962963,0.4999999999999999,0.6369426751592357,0.5699152542372882,0.4763358778625957,0.3092105263157898,0.20370370370370372,0.6451612903225807,0.5
0.3999999999999999,0.3950617283950617,0.47916666666666663,0.0162037037037037,0.4642857142857143,0.267515923566879,0.47245762711864403,0.20699075934110311,0.5855263157894739,0.2407407407407406,0.6129032258064517,0.33333333333333326
0.6749999999999998,0.24691358024691357,0.7499999999999999,0.18518518518518517,0.4642857142857143,0.8280254777070064,0.586864406779661,0.3593411008437215,0.2697368421052633,0.29629629629629617,0.4193548387096775,0.5
0.10000000000000009,0.6296296296296297,0.2291666666666666,0.050925925925925916,0.3214285714285715,0.1910828025477707,0.2309322033898305,0.18706307754118257,0.7039473684210527,0.4814814814814813,0.6935483870967745,0.5
0.5749999999999997,0.1481481481481482,0.4999999999999999,0.018518518518518517,1.0,0.22929936305732485,0.1461864406779661,0.22241864202490547,0.5065789473684217,0.7777777777777776,0.5645161290322582,0.5
0.5999999999999999,0.12345679012345678,0.7708333333333333,0.032407407407407406,0.5178571428571428,0.5859872611464969,0.3877118644067797,0.2674166331860235,0.21710526315789558,0.4259259259259258,0.5,0.33333333333333326
0.4249999999999998,0.5185185185185185,0.33333333333333326,0.08796296296296295,1.0,0.07643312101910829,0.3877118644067797,0.3593411008437215,0.2565789473684217,0.40740740740740733,0.306451612903226,0.16666666666666663
0.34999999999999987,0.6666666666666666,0.45833333333333326,0.09259259259259259,0.375,0.445859872611465,0.3072033898305085,0.14592205705103112,0.6118421052631589,0.574074074074074,0.774193548387097,0.6666666666666665
1.0,0.7407407407407407,0.9166666666666665,0.06944444444444445,1.0,0.21656050955414013,0.23940677966101692,0.18642024909602384,0.164473684210527,0.6481481481481478,0.7903225806451615,0.33333333333333326
0.44999999999999973,0.3950617283950617,0.6041666666666665,0.5625,0.3392857142857144,0.07643312101910829,0.2309322033898305,0.4339092004821268,0.3881578947368429,0.6481481481481478,0.7903225806451615,0.5
0.44999999999999973,0.19753086419753085,0.5208333333333333,0.023148148148148154,0.3928571428571429,0.4968152866242038,0.4046610169491525,0.17934913619927784,0.2697368421052633,0.8518518518518517,0.6451612903225807,0.5
0.2250000000000001,0.1728395061728395,0.39583333333333326,0.14351851851851855,0.5357142857142857,0.7006369426751593,0.5572033898305084,0.26934511852149257,0.5460526315789482,0.09259259259259256,0.5161290322580645,0.5
0.44999999999999973,0.6172839506172839,0.6458333333333333,0.0949074074074074,0.4642857142857143,0.42038216560509556,0.2817796610169491,0.13177983125753912,0.4013157894736845,0.31481481481481477,0.8548387096774195,0.6666666666666665
0.2250000000000001,0.2962962962962963,0.4374999999999999,0.08796296296296295,0.5535714285714285,0.4585987261146497,0.4470338983050848,0.36319807151466676,0.7039473684210527,0.5185185185185184,0.306451612903226,0.5
0.4999999999999998,0.4691358024691358,0.5833333333333333,0.3518518518518518,0.7142857142857142,0.6369426751592357,0.7309322033898306,0.562474889513858,0.4013157894736845,0.5555555555555555,0.24193548387096775,0.5
0.4999999999999998,0.4691358024691358,0.6874999999999999,0.3101851851851851,0.6964285714285714,0.713375796178344,0.7648305084745762,0.5431900361591033,0.414473684210527,0.4999999999999999,0.22580645161290325,0.5
0.34999999999999987,0.2962962962962963,0.35416666666666663,0.023148148148148154,0.5714285714285714,0.5095541401273885,0.4216101694915254,0.28734431498594404,0.8881578947368429,0.7037037037037034,0.4838709677419355,0.6666666666666665
0.47499999999999987,0.12345679012345678,0.9999999999999998,0.27777777777777773,0.7321428571428571,0.7388535031847134,0.5529661016949152,0.5380474085978406,0.2039473684210531,0.38888888888888873,0.22580645161290325,0.5
0.4999999999999998,0.32098765432098764,0.5833333333333333,0.2962962962962963,0.4107142857142857,0.3184713375796179,0.3707627118644068,0.31820008035356295,0.23026315789473717,0.9999999999999999,0.5645161290322582,0.5
0.47499999999999987,0.5679012345679012,0.47916666666666663,0.6435185185185185,0.4107142857142857,0.05095541401273886,0.2521186440677966,0.4506227400562537,0.44078947368421106,0.2222222222222222,0.7258064516129035,0.33333333333333326
0.34999999999999987,0.2962962962962963,0.4166666666666665,0.5185185185185185,0.3571428571428572,0.24203821656050956,0.3114406779661017,0.4197669746886348,0.4934210526315792,0.2222222222222222,0.6290322580645162,0.5
0.44999999999999973,0.41975308641975306,0.5208333333333333,0.11111111111111112,0.6964285714285714,0.25477707006369427,0.5148305084745762,0.40305343511450786,0.5986842105263164,0.4629629629629628,0.3870967741935485,0.5
0.5249999999999999,0.345679012345679,0.6249999999999999,0.25,0.3571428571428572,0.535031847133758,0.5148305084745762,0.2648453194053886,0.4013157894736845,0.20370370370370372,0.7258064516129035,0.5
0.3999999999999999,0.37037037037037035,0.5416666666666665,0.18518518518518517,0.4285714285714286,0.5222929936305732,0.5402542372881356,0.3246283648051502,0.4934210526315792,0.33333333333333326,0.4838709677419355,0.6666666666666665
0.6999999999999997,0.4691358024691358,0.4166666666666665,0.08796296296296295,0.7857142857142856,0.445859872611465,0.4046610169491525,0.3966251506629277,0.37500000000000044,0.2777777777777777,0.2903225806451615,0.33333333333333326
0.44999999999999973,0.6419753086419754,0.3124999999999999,0.12499999999999999,0.3392857142857144,0.3439490445859873,0.336864406779661,0.20570510245078566,0.3881578947368429,0.33333333333333326,0.6935483870967745,0.6666666666666665
0.3999999999999999,0.19753086419753085,0.6874999999999999,0.018518518518518517,0.375,0.3439490445859873,0.3961864406779661,0.2372036962635633,0.4934210526315792,0.5555555555555555,0.4838709677419355,0.5
0.25,0.5432098765432098,0.6874999999999999,0.023148148148148154,0.375,0.21656050955414013,0.3961864406779661,0.10285255122538928,0.3881578947368429,0.4444444444444443,0.741935483870968,0.6666666666666665
0.5499999999999998,0.5185185185185185,0.5416666666666665,0.037037037037037035,0.375,0.5095541401273885,0.3792372881355932,0.26227400562475367,0.664473684210527,0.7407407407407406,0.5806451612903225,0.5
0.47499999999999987,0.32098765432098764,0.5624999999999999,0.3680555555555556,0.08928571428571447,0.22929936305732485,0.2817796610169491,0.2796303736440393,0.5065789473684217,0.0,0.870967741935484,0.6666666666666665
0.4999999999999998,0.345679012345679,0.6666666666666665,0.2824074074074074,0.3392857142857144,0.4713375796178344,0.4088983050847458,0.3432703897147533,0.4934210526315792,0.4444444444444443,0.5645161290322582,0.5
0.7249999999999999,0.4691358024691358,0.8333333333333333,0.14814814814814814,0.3928571428571429,0.5605095541401274,0.5063559322033898,0.2603455202892775,0.3092105263157898,0.29629629629629617,0.5806451612903225,0.5
0.3999999999999999,0.41975308641975306,0.5833333333333333,0.18055555555555552,0.4285714285714286,0.4968152866242038,0.5402542372881356,0.32077139413419076,0.4934210526315792,0.33333333333333326,0.5,0.6666666666666665
0.47499999999999987,0.12345679012345678,0.7499999999999999,0.16666666666666669,0.4999999999999999,0.6369426751592357,0.47245762711864403,0.28991562876657184,0.3355263157894739,0.5925925925925924,0.5322580645161292,0.5
0.47499999999999987,0.3950617283950617,0.5833333333333333,0.49537037037037035,0.4999999999999999,0.7898089171974523,0.6504237288135594,0.5920449979911595,0.36184210526315885,0.574074074074074,0.306451612903226,0.5
0.5749999999999997,0.4444444444444444,0.5833333333333333,0.2268518518518518,0.17857142857142871,0.3694267515923567,0.3622881355932203,0.23848935315388076,0.3355263157894739,0.20370370370370372,0.741935483870968,0.8333333333333333
0.125,0.5432098765432098,0.1458333333333333,0.16666666666666669,0.2500000000000001,0.445859872611465,0.3411016949152542,0.21791884290880148,0.6513157894736845,0.2592592592592592,0.6129032258064517,0.8333333333333333
0.5749999999999997,0.7407407407407407,0.6458333333333333,0.07407407407407408,0.4821428571428572,0.6624203821656052,0.7690677966101694,0.29955805544395986,0.29605263157894735,0.5185185185185184,0.5483870967741937,0.33333333333333326
0.6499999999999999,0.2716049382716049,0.45833333333333326,0.6435185185185185,0.5357142857142857,0.4713375796178344,0.7351694915254238,0.7386098834873494,0.3881578947368429,0.5185185185185184,0.19354838709677402,0.5
0.3749999999999998,0.5925925925925926,0.47916666666666663,0.04166666666666667,0.2678571428571429,0.28025477707006374,0.3453389830508475,0.1362796303736502,0.5328947368421058,0.37037037037037024,0.806451612903226,0.33333333333333326
0.6999999999999997,0.2716049382716049,0.47916666666666663,0.8402777777777777,0.5714285714285714,0.3821656050955414,0.7351694915254238,0.8376054640417934,0.3881578947368429,0.5185185185185184,0.20967741935483875,0.6666666666666665
0.4249999999999998,0.4444444444444444,0.45833333333333326,0.1388888888888889,0.2678571428571429,0.43312101910828027,0.3072033898305085,0.20249096022499202,0.5460526315789482,0.7407407407407406,0.741935483870968,0.8333333333333333
0.27500000000000013,0.3950617283950617,0.06249999999999992,0.037037037037037035,0.3571428571428572,0.7388535031847134,0.9639830508474577,0.4159100040176824,0.7039473684210527,0.40740740740740733,0.25806451612903225,0.5
0.0,0.33333333333333326,0.29166666666666663,0.20833333333333331,0.4642857142857143,0.7898089171974523,0.5826271186440678,0.6280433909200482,0.8092105263157898,0.40740740740740733,0.0,0.0
0.8249999999999997,0.3950617283950617,0.47916666666666663,0.4583333333333333,0.2678571428571429,0.40764331210191085,0.3622881355932203,0.44740859783046005,0.4013157894736845,0.37037037037037024,0.6129032258064517,0.5
0.25,0.37037037037037035,0.2291666666666666,0.06481481481481481,0.4999999999999999,0.4713375796178344,0.5699152542372882,0.3310566492567375,0.5328947368421058,0.31481481481481477,0.35483870967741926,0.5
0.6749999999999998,0.6172839506172839,0.5624999999999999,0.09259259259259259,0.6428571428571428,0.30573248407643316,0.451271186440678,0.24813177983126167,0.6776315789473686,0.574074074074074,0.7580645161290325,0.5
0.44999999999999973,0.7407407407407407,0.5624999999999999,0.3981481481481481,0.8214285714285714,0.5095541401273885,0.8241525423728814,0.6743270389714908,0.664473684210527,0.6296296296296297,0.22580645161290325,0.33333333333333326
0.3999999999999999,0.1728395061728395,0.4166666666666665,0.05555555555555555,0.5178571428571428,0.24203821656050956,0.4046610169491525,0.29248694254720675,0.3881578947368429,0.29629629629629617,0.35483870967741926,0.33333333333333326
0.4249999999999998,0.5925925925925926,0.5208333333333333,0.2361111111111111,0.5178571428571428,0.3184713375796179,0.3029661016949152,0.30405785456007095,0.6250000000000004,0.7037037037037034,0.6451612903225807,0.6666666666666665
0.6749999999999998,0.345679012345679,0.47916666666666663,0.08333333333333333,0.5357142857142857,0.3439490445859873,0.3411016949152542,0.2725592607472862,0.36184210526315885,0.7037037037037034,0.5322580645161292,0.6666666666666665
0.3999999999999999,0.37037037037037035,0.47916666666666663,0.060185185185185175,0.4107142857142857,0.4840764331210191,0.4173728813559322,0.23334672559260383,0.6776315789473686,0.574074074074074,0.6129032258064517,0.6666666666666665
0.32499999999999973,0.345679012345679,0.45833333333333326,0.037037037037037035,0.4285714285714286,0.4840764331210191,0.4639830508474576,0.3098433105664924,0.8486842105263164,0.685185185185185,0.467741935483871,0.33333333333333326
0.4249999999999998,0.9876543209876543,0.0,0.013888888888888888,0.4999999999999999,0.3821656050955414,0.336864406779661,0.3310566492567375,0.44078947368421106,0.4629629629629628,0.2903225806451615,0.16666666666666663
0.44999999999999973,0.37037037037037035,0.4374999999999999,0.18518518518518517,0.8035714285714284,0.3439490445859873,0.5699152542372882,0.2770590598633973,0.5592105263157898,0.4999999999999999,0.6774193548387097,0.8333333333333333
0.3999999999999999,0.19753086419753085,0.33333333333333326,0.037037037037037035,0.75,0.24203821656050956,0.4470338983050848,0.2442748091603022,0.5592105263157898,0.40740740740740733,0.5,0.6666666666666665
0.6499999999999999,0.19753086419753085,0.47916666666666663,0.037037037037037035,0.8928571428571428,0.267515923566879,0.510593220338983,0.2719164323021346,0.3355263157894739,0.4629629629629628,0.5483870967741937,0.5
0.4249999999999998,0.5925925925925926,0.4374999999999999,0.07870370370370369,0.6428571428571428,0.22929936305732485,0.4555084745762712,0.16263559662515092,0.4276315789473686,0.5555555555555555,0.774193548387097,0.5
0.47499999999999987,0.09876543209876543,0.5624999999999999,0.07870370370370369,0.4285714285714286,0.5222929936305732,0.4470338983050848,0.3329851345922066,0.3486842105263164,0.8333333333333331,0.33870967741935476,0.6666666666666665
0.44999999999999973,0.2962962962962963,0.1041666666666666,0.17592592592592593,1.0,0.42038216560509556,0.6292372881355932,0.44033748493370695,0.164473684210527,0.4259259259259258,0.22580645161290325,0.5
0.7999999999999998,0.6419753086419754,0.33333333333333326,0.2685185185185185,0.3571428571428572,0.4585987261146497,0.3538135593220339,0.28091603053435676,0.13815789473684248,0.01851851851851849,0.6774193548387097,0.5
0.4999999999999998,0.32098765432098764,0.45833333333333326,0.10648148148148147,0.5535714285714285,0.4840764331210191,0.43008474576271183,0.26934511852149257,0.3486842105263164,0.7962962962962962,0.467741935483871,0.6666666666666665
0.4999999999999998,0.37037037037037035,0.45833333333333326,0.10185185185185185,0.5714285714285714,0.4840764331210191,0.43432203389830504,0.26677380474086476,0.3355263157894739,0.7777777777777776,0.467741935483871,0.6666666666666665
0.44999999999999973,0.49382716049382724,0.6874999999999999,0.3518518518518518,0.5178571428571428,0.7388535031847134,0.7478813559322034,0.5470470068300486,0.44078947368421106,0.4814814814814813,0.22580645161290325,0.33333333333333326
0.7499999999999998,0.41975308641975306,0.5833333333333333,0.018518518518518517,0.4999999999999999,0.10191082802547771,0.2563559322033898,0.2680594616311822,0.36184210526315885,0.29629629629629617,0.5483870967741937,0.33333333333333326
0.19999999999999996,0.09876543209876543,0.4999999999999999,0.10648148148148147,0.5178571428571428,0.24203821656050956,0.2266949152542373,0.11892326235435746,0.4802631578947376,0.18518518518518512,0.7903225806451615,0.8333333333333333
0.44999999999999973,0.49382716049382724,0.6666666666666665,0.2962962962962963,0.5535714285714285,0.7261146496815287,0.739406779661017,0.5444756930494279,0.44078947368421106,0.4814814814814813,0.22580645161290325,0.33333333333333326
0.4999999999999998,0.22222222222222227,0.5416666666666665,0.05555555555555555,0.4464285714285715,0.3439490445859873,0.2733050847457627,0.16070711128967474,0.13815789473684248,0.6481481481481478,0.6451612903225807,0.6666666666666665
0.6249999999999998,0.41975308641975306,0.39583333333333326,0.04166666666666667,0.4999999999999999,0.21656050955414013,0.3961864406779661,0.40305343511450786,0.7565789473684217,0.6296296296296297,0.33870967741935476,0.5
0.4249999999999998,0.41975308641975306,0.8541666666666665,0.324074074074074,0.5714285714285714,0.6624203821656052,0.6970338983050848,0.5534752912816501,0.4802631578947376,0.4259259259259258,0.19354838709677402,0.33333333333333326
0.3749999999999998,0.3950617283950617,0.5416666666666665,0.07870370370370369,0.4285714285714286,0.5222929936305732,0.3792372881355932,0.22177581357975384,0.7039473684210527,0.40740740740740733,0.6129032258064517,0.5
0.4999999999999998,0.5925925925925926,0.47916666666666663,0.37499999999999994,0.2500000000000001,0.3694267515923567,0.3622881355932203,0.2796303736440393,0.2565789473684217,0.2222222222222222,0.6935483870967745,0.6666666666666665
0.44999999999999973,0.3950617283950617,0.39583333333333326,0.2824074074074074,0.3035714285714286,0.30573248407643316,0.3029661016949152,0.2963439132181662,0.4276315789473686,0.18518518518518512,0.6935483870967745,0.5
0.3749999999999998,0.345679012345679,0.5208333333333333,0.20370370370370366,0.3035714285714286,0.43312101910828027,0.3114406779661017,0.19349136199276984,0.6118421052631589,0.2592592592592592,0.8870967741935485,0.6666666666666665
0.2999999999999998,0.5925925925925926,0.4374999999999999,0.060185185185185175,0.3214285714285715,0.4968152866242038,0.5190677966101694,0.1292085174768971,0.6381578947368429,0.37037037037037024,0.774193548387097,0.6666666666666665
0.3749999999999998,0.2716049382716049,0.4166666666666665,0.06481481481481481,0.1250000000000001,0.39490445859872614,0.3241525423728814,0.12278023302530983,0.3092105263157898,0.5925925925925924,0.774193548387097,0.6666666666666665
1.0,0.3950617283950617,0.4166666666666665,0.3657407407407407,0.3928571428571429,1.0,0.798728813559322,0.4396946564885553,0.12500000000000044,0.29629629629629617,0.4838709677419355,0.0
0.3999999999999999,0.6666666666666666,0.39583333333333326,0.5555555555555555,0.4285714285714286,0.21656050955414013,0.44279661016949157,0.532261952591405,0.5197368421052642,0.38888888888888873,0.4193548387096775,0.5
0.47499999999999987,0.9382716049382716,0.375,0.21296296296296297,0.4285714285714286,0.42038216560509556,0.3241525423728814,0.26870229007634094,0.46710526315789513,0.40740740740740733,0.709677419354839,0.6666666666666665
0.3749999999999998,0.5432098765432098,0.4166666666666665,0.06944444444444445,0.5892857142857143,0.39490445859872614,0.5190677966101694,0.1574929690638811,0.5460526315789482,0.4444444444444443,0.7903225806451615,0.6666666666666665
0.2999999999999998,0.2716049382716049,0.4166666666666665,0.023148148148148154,0.5714285714285714,0.8280254777070064,0.5614406779661016,0.2886299718762615,0.9671052631578951,0.685185185185185,0.5,0.6666666666666665
0.27500000000000013,0.3950617283950617,0.39583333333333326,0.032407407407407406,0.3035714285714286,0.43312101910828027,0.3199152542372881,0.11442346323825348,0.36184210526315885,0.7777777777777776,0.7903225806451615,0.6666666666666665
0.6249999999999998,0.16049382716049382,0.4999999999999999,0.023148148148148154,0.4821428571428572,0.15286624203821658,0.1885593220338983,0.19349136199276984,0.3881578947368429,0.2777777777777777,0.6129032258064517,0.6666666666666665
0.44999999999999973,0.8765432098765431,0.6041666666666665,0.3981481481481481,0.7678571428571428,0.8152866242038217,0.9470338983050847,0.7212535154680708,0.5592105263157898,0.5925925925925924,0.17741935483870974,0.5
0.25,0.24691358024691357,0.5833333333333333,0.027777777777777776,0.375,0.21656050955414013,0.2309322033898305,0.09128163921253929,0.37500000000000044,0.4999999999999999,0.7580645161290325,0.6666666666666665
0.25,0.24691358024691357,0.5833333333333333,0.023148148148148154,0.375,0.3694267515923567,0.3241525423728814,0.14849337083165892,0.46710526315789513,0.4814814814814813,0.6451612903225807,0.5
0.19999999999999996,0.5925925925925926,0.47916666666666663,0.35648148148148145,0.4999999999999999,0.3821656050955414,0.3622881355932203,0.3567697870630795,0.5723684210526323,0.4629629629629628,0.5161290322580645,0.5
0.44999999999999973,0.19753086419753085,0.5416666666666665,0.05555555555555555,0.4821428571428572,0.30573248407643316,0.3622881355932203,0.16134993973484058,0.5065789473684217,0.9814814814814813,0.709677419354839,0.6666666666666665
0.07499999999999996,0.32098765432098764,0.39583333333333326,0.037037037037037035,0.5714285714285714,0.5859872611464969,0.5444915254237288,0.2937725994375313,0.914473684210527,0.4999999999999999,0.3870967741935485,0.33333333333333326
0.6749999999999998,0.5185185185185185,0.5624999999999999,0.699074074074074,0.625,0.3439490445859873,0.44279661016949157,0.6229007633587926,0.3355263157894739,0.5925925925925924,0.3870967741935485,0.33333333333333326
0.2999999999999998,0.4444444444444444,0.4999999999999999,0.1736111111111111,0.4464285714285715,0.1656050955414013,0.2563559322033898,0.1433507432703891,0.6381578947368429,0.5185185185185184,0.7580645161290325,0.5
0.2250000000000001,0.4444444444444444,0.4374999999999999,0.05555555555555555,0.4285714285714286,0.356687898089172,0.3622881355932203,0.18256327842507147,0.8881578947368429,0.5555555555555555,0.7258064516129035,0.6666666666666665
0.5749999999999997,0.22222222222222227,0.45833333333333326,0.046296296296296294,0.3928571428571429,0.1656050955414013,0.3538135593220339,0.25006026516673785,0.44078947368421106,0.5185185185185184,0.6451612903225807,0.5
0.5249999999999999,0.22222222222222227,0.4374999999999999,0.06481481481481481,0.5714285714285714,0.14012738853503187,0.413135593220339,0.28348734431498457,0.46710526315789513,0.5370370370370369,0.5806451612903225,0.5
0.4999999999999998,0.41975308641975306,0.39583333333333326,0.20370370370370366,0.3571428571428572,0.5095541401273885,0.451271186440678,0.21663318601848403,0.414473684210527,0.29629629629629617,0.741935483870968,0.6666666666666665
0.44999999999999973,0.22222222222222227,0.39583333333333326,0.05555555555555555,0.4821428571428572,0.7643312101910829,0.6716101694915254,0.3169144234632455,0.45394736842105265,0.37037037037037024,0.35483870967741926,0.33333333333333326
0.25,0.22222222222222227,0.5624999999999999,0.032407407407407406,0.375,0.11464968152866242,0.2139830508474576,0.31562876657292804,0.8223684210526323,0.8518518518518517,0.3870967741935485,0.6666666666666665
0.3999999999999999,0.3950617283950617,0.4166666666666665,0.018518518518518517,0.4107142857142857,0.20382165605095542,0.43432203389830504,0.22434712736038875,0.6513157894736845,0.37037037037037024,0.5645161290322582,0.33333333333333326
0.47499999999999987,0.32098765432098764,0.5208333333333333,0.037037037037037035,0.6071428571428571,0.43312101910828027,0.3919491525423729,0.2442748091603022,0.28289473684210575,0.5185185185185184,0.4838709677419355,0.5
0.47499999999999987,0.37037037037037035,0.4999999999999999,0.34722222222222215,0.5892857142857143,0.5477707006369427,0.663135593220339,0.48919244676577733,0.4013157894736845,0.5555555555555555,0.33870967741935476,0.5
0.4999999999999998,0.37037037037037035,0.47916666666666663,0.3703703703703703,0.5535714285714285,0.5732484076433121,0.5911016949152542,0.4763358778625957,0.36184210526315885,0.5555555555555555,0.403225806451613,0.5
0.4249999999999998,0.345679012345679,0.39583333333333326,0.14351851851851855,0.7857142857142856,0.3439490445859873,0.5572033898305084,0.29955805544395986,0.5592105263157898,0.35185185185185175,0.6612903225806452,0.6666666666666665
0.07499999999999996,0.20987654320987653,0.27083333333333326,0.2361111111111111,0.5714285714285714,0.5095541401273885,0.5360169491525424,0.4043390920048253,0.4934210526315792,0.611111111111111,0.306451612903226,0.5
0.44999999999999973,0.8518518518518519,0.33333333333333326,0.08101851851851852,0.3392857142857144,0.267515923566879,0.2860169491525424,0.23848935315388076,0.3223684210526314,0.35185185185185175,0.5483870967741937,0.5
0.5249999999999999,0.7407407407407407,0.4166666666666665,0.6041666666666666,0.5892857142857143,0.6369426751592357,0.7182203389830508,0.6897549216552861,0.2565789473684217,0.7037037037037034,0.24193548387096775,0.5
0.5999999999999999,0.4691358024691358,0.39583333333333326,0.6759259259259258,0.5535714285714285,0.05095541401273886,0.09110169491525424,0.6132583366814046,0.4802631578947376,0.31481481481481477,0.467741935483871,0.5
0.6999999999999997,0.22222222222222227,0.375,0.18518518518518517,0.625,0.267515923566879,0.3326271186440678,0.45705102450784096,0.36184210526315885,0.4629629629629628,0.24193548387096775,0.5
0.34999999999999987,0.5432098765432098,0.45833333333333326,0.027777777777777776,0.5892857142857143,0.21656050955414013,0.4470338983050848,0.18513459220570638,0.6776315789473686,0.5925925925925924,0.741935483870968,0.5
0.4249999999999998,0.4444444444444444,0.47916666666666663,0.28009259259259256,0.7857142857142856,0.40764331210191085,0.3580508474576271,0.34905584572117476,0.4934210526315792,0.37037037037037024,0.5,0.33333333333333326
0.5249999999999999,0.691358024691358,0.39583333333333326,0.599537037037037,0.5892857142857143,0.624203821656051,0.7182203389830508,0.6884692647649828,0.2565789473684217,0.7037037037037034,0.24193548387096775,0.6666666666666665
0.4999999999999998,0.24691358024691357,0.3124999999999999,0.42592592592592593,0.7678571428571428,0.7898089171974523,0.7139830508474576,0.5200482121333891,0.4276315789473686,0.5370370370370369,0.4193548387096775,0.5
0.47499999999999987,0.24691358024691357,0.3124999999999999,0.44907407407407407,0.75,0.7898089171974523,0.701271186440678,0.5194053836882375,0.414473684210527,0.5185185185185184,0.4193548387096775,0.5
0.44999999999999973,0.19753086419753085,0.24999999999999992,0.2824074074074074,0.7142857142857142,0.5222929936305732,0.5826271186440678,0.4326235435918022,0.45394736842105265,0.5555555555555555,0.4516129032258067,0.5
0.3999999999999999,0.22222222222222227,0.375,0.4305555555555555,0.5714285714285714,0.30573248407643316,0.3453389830508475,0.5689031739654453,0.7039473684210527,0.5185185185185184,0.306451612903226,0.5
0.5999999999999999,0.345679012345679,0.39583333333333326,0.3055555555555555,0.8035714285714284,0.4968152866242038,0.47669491525423724,0.4107673764564126,0.36184210526315885,0.685185185185185,0.5322580645161292,0.5
0.2999999999999998,0.345679012345679,0.39583333333333326,0.023148148148148154,0.3392857142857144,0.5732484076433121,0.298728813559322,0.09706709521896784,0.5460526315789482,0.29629629629629617,0.741935483870968,0.5
0.47499999999999987,0.691358024691358,0.39583333333333326,0.35648148148148145,0.3392857142857144,0.3439490445859873,0.260593220338983,0.28284451586983295,0.2039473684210531,0.31481481481481477,0.7258064516129035,0.5
0.4249999999999998,0.8641975308641974,0.39583333333333326,0.49305555555555547,0.3035714285714286,0.3694267515923567,0.2860169491525424,0.32719967858577803,0.28289473684210575,0.29629629629629617,0.709677419354839,0.5
0.27500000000000013,0.2962962962962963,0.39583333333333326,0.5648148148148148,0.4107142857142857,0.3439490445859873,0.47669491525423724,0.4596223382884759,0.664473684210527,0.6481481481481478,0.6129032258064517,0.6666666666666665
0.125,0.5925925925925926,0.29166666666666663,0.41898148148148145,0.1964285714285715,0.30573248407643316,0.4216101694915254,0.2937725994375313,0.4934210526315792,0.574074074074074,0.6774193548387097,0.5
0.4999999999999998,0.2962962962962963,0.39583333333333326,0.5555555555555555,0.5892857142857143,0.6624203821656052,0.4936440677966102,0.5431900361591033,0.5065789473684217,0.2777777777777777,0.435483870967742,0.5
0.2999999999999998,0.345679012345679,0.4999999999999999,0.537037037037037,0.3214285714285715,0.29299363057324845,0.3283898305084746,0.41462434712736496,0.4802631578947376,0.37037037037037024,0.5322580645161292,0.6666666666666665
0.5749999999999997,0.24691358024691357,0.8333333333333333,0.032407407407407406,0.3214285714285715,0.12738853503184716,0.22245762711864409,0.23206106870229348,0.3223684210526314,0.574074074074074,0.5322580645161292,0.6666666666666665
0.2999999999999998,0.2962962962962963,0.35416666666666663,0.023148148148148154,0.3214285714285715,0.4585987261146497,0.20127118644067798,0.15620731217356365,0.44078947368421106,0.29629629629629617,0.5645161290322582,0.5
0.6999999999999997,0.2962962962962963,0.35416666666666663,0.19444444444444442,0.3214285714285715,0.30573248407643316,0.23940677966101692,0.2346323824829284,0.23026315789473717,0.4999999999999999,0.6935483870967745,0.6666666666666665
0.34999999999999987,0.5432098765432098,0.24999999999999992,0.023148148148148154,0.3035714285714286,0.3694267515923567,0.3877118644067797,0.1150662916834051,0.21710526315789558,0.37037037037037024,0.6774193548387097,0.5
0.2999999999999998,0.5185185185185185,0.33333333333333326,0.037037037037037035,0.3214285714285715,0.356687898089172,0.4004237288135593,0.05335476094817437,0.36184210526315885,0.38888888888888873,0.838709677419355,0.5
0.44999999999999973,0.24691358024691357,0.39583333333333326,0.050925925925925916,0.4642857142857143,0.6496815286624205,0.5995762711864406,0.3188429087987217,0.4276315789473686,0.4259259259259258,0.35483870967741926,0.5
0.5499999999999998,0.345679012345679,0.39583333333333326,0.4629629629629629,0.4285714285714286,0.3821656050955414,0.413135593220339,0.41398151868220623,0.3223684210526314,0.611111111111111,0.5645161290322582,0.6666666666666665
0.19999999999999996,0.1728395061728395,0.35416666666666663,0.22916666666666663,0.6428571428571428,0.624203821656051,0.5063559322033898,0.4017677782241904,0.8750000000000004,0.5185185185185184,0.4838709677419355,0.5
0.5249999999999999,0.49382716049382724,0.3124999999999999,0.06944444444444445,0.3392857142857144,0.5987261146496816,0.43008474576271183,0.10992366412214238,0.23026315789473717,0.38888888888888873,0.838709677419355,0.6666666666666665
0.27500000000000013,0.2716049382716049,0.24999999999999992,0.050925925925925916,0.5357142857142857,0.7006369426751593,0.489406779661017,0.40498192044998405,0.6776315789473686,0.40740740740740733,0.24193548387096775,0.33333333333333326
0.7499999999999998,0.345679012345679,0.35416666666666663,0.38888888888888884,0.5714285714285714,0.4585987261146497,0.47669491525423724,0.635757332261953,0.5855263157894739,0.574074074074074,0.35483870967741926,0.5
0.5499999999999998,0.7901234567901234,0.33333333333333326,0.05555555555555555,0.625,0.624203821656051,0.7182203389830508,0.29762957010847657,0.2565789473684217,0.611111111111111,0.5483870967741937,0.5
0.32499999999999973,0.49382716049382724,0.375,0.18981481481481483,0.2678571428571429,0.6878980891719746,0.510593220338983,0.21277621534753166,0.46710526315789513,0.37037037037037024,0.7258064516129035,0.8333333333333333
0.6999999999999997,0.691358024691358,0.8333333333333333,0.49537037037037035,0.5535714285714285,1.0,0.8538135593220338,0.7257533145841748,0.2697368421052633,0.38888888888888873,0.19354838709677402,0.33333333333333326
0.4249999999999998,0.49382716049382724,0.5208333333333333,0.1388888888888889,0.4464285714285715,0.3439490445859873,0.43008474576271183,0.25713137806348385,0.6250000000000004,0.4814814814814813,0.6612903225806452,0.6666666666666665
0.5249999999999999,0.2716049382716049,0.5416666666666665,0.29166666666666663,0.5357142857142857,0.624203821656051,0.4470338983050848,0.39791080755323804,0.3881578947368429,0.40740740740740733,0.435483870967742,0.6666666666666665
0.3999999999999999,0.345679012345679,0.47916666666666663,0.19907407407407407,0.5535714285714285,0.6114649681528663,0.5783898305084746,0.38891120932102297,0.7565789473684217,0.611111111111111,0.5161290322580645,0.5
0.4999999999999998,0.37037037037037035,0.4374999999999999,0.29398148148148145,0.5178571428571428,0.5095541401273885,0.6758474576271186,0.4814785054238726,0.5855263157894739,0.6296296296296297,0.4193548387096775,0.5
0.3999999999999999,0.5925925925925926,0.45833333333333326,0.060185185185185175,0.3928571428571429,0.40764331210191085,0.451271186440678,0.1857774206508651,0.3355263157894739,0.4259259259259258,0.6129032258064517,0.5
1.0,0.7654320987654321,0.5416666666666665,0.05555555555555555,1.0,0.25477707006369427,0.2563559322033898,0.19606267577340475,0.19078947368421106,0.5925925925925924,0.741935483870968,0.5
0.44999999999999973,0.3950617283950617,0.4374999999999999,0.49537037037037035,0.1964285714285715,0.11464968152866242,0.2436440677966102,0.43069505825633314,0.4276315789473686,0.611111111111111,0.774193548387097,0.6666666666666665
0.5249999999999999,0.5185185185185185,0.4374999999999999,0.3518518518518518,0.1964285714285715,0.42038216560509556,0.3919491525423729,0.27834471675372185,0.2565789473684217,0.2777777777777777,0.6935483870967745,0.5
0.5249999999999999,0.49382716049382724,0.4374999999999999,0.35648148148148145,0.1964285714285715,0.445859872611465,0.3961864406779661,0.2751305745279282,0.24342105263157965,0.29629629629629617,0.6935483870967745,0.8333333333333333
0.47499999999999987,0.7407407407407407,0.35416666666666663,0.41435185185185186,0.375,0.42038216560509556,0.3029661016949152,0.3079148252310233,0.23026315789473717,0.2777777777777777,0.709677419354839,0.5
0.7999999999999998,0.49382716049382724,0.4374999999999999,0.3611111111111111,0.2678571428571429,0.42038216560509556,0.4046610169491525,0.30920048212134077,0.164473684210527,0.37037037037037024,0.6935483870967745,0.5
0.4249999999999998,0.41975308641975306,0.7499999999999999,0.3333333333333333,0.5892857142857143,0.6369426751592357,0.7139830508474576,0.556046605062285,0.5197368421052642,0.574074074074074,0.17741935483870974,0.33333333333333326
0.44999999999999973,0.4444444444444444,0.7708333333333333,0.3333333333333333,0.5714285714285714,0.5859872611464969,0.7055084745762712,0.5586179188429199,0.5197368421052642,0.5925925925925924,0.17741935483870974,0.33333333333333326
0.6499999999999999,0.5185185185185185,0.39583333333333326,0.44444444444444436,0.3035714285714286,0.5222929936305732,0.5021186440677966,0.5136199276818019,0.3881578947368429,0.4629629629629628,0.4193548387096775,0.5
0.3749999999999998,0.2716049382716049,0.4166666666666665,0.2268518518518518,0.4821428571428572,0.535031847133758,0.7182203389830508,0.38119726797911113,0.5065789473684217,0.4629629629629628,0.370967741935484,0.5
0.32499999999999973,0.6172839506172839,0.47916666666666663,0.3333333333333333,0.6607142857142856,0.6369426751592357,0.6927966101694916,0.6081157091201348,0.7697368421052642,0.7962962962962962,0.24193548387096775,0.33333333333333326
0.19999999999999996,0.5925925925925926,0.4999999999999999,0.3148148148148148,0.3928571428571429,0.29299363057324845,0.3199152542372881,0.35805544395339695,0.5855263157894739,0.4999999999999999,0.5,0.5
0.7249999999999999,0.9382716049382716,0.18749999999999992,0.12499999999999999,0.6964285714285714,0.20382165605095542,0.5233050847457628,0.43776617115307914,0.414473684210527,0.5370370370370369,0.4516129032258067,0.5
1.0,0.2716049382716049,0.4374999999999999,0.20370370370370366,0.23214285714285726,0.40764331210191085,0.4258474576271186,0.34134190437927003,0.17763157894736858,0.4629629629629628,0.5161290322580645,0.33333333333333326
1.0,0.4691358024691358,0.33333333333333326,0.20370370370370366,0.16071428571428586,0.6369426751592357,0.336864406779661,0.34648453194054696,0.08552631578947434,0.4999999999999999,0.5483870967741937,0.33333333333333326
0.25,0.24691358024691357,0.39583333333333326,0.032407407407407406,0.3392857142857144,0.089171974522293,0.3156779661016949,0.24491763760546803,0.5328947368421058,0.5555555555555555,0.5161290322580645,0.5
0.25,0.1728395061728395,0.47916666666666663,0.027777777777777776,0.3928571428571429,0.15286624203821658,0.4216101694915254,0.27384491763760366,0.5065789473684217,0.5185185185185184,0.35483870967741926,0.5
0.5749999999999997,0.5925925925925926,0.4374999999999999,0.4305555555555555,0.4642857142857143,0.7770700636942676,0.7309322033898306,0.5984732824427468,0.414473684210527,0.4999999999999999,0.35483870967741926,0.5
0.34999999999999987,0.37037037037037035,0.5416666666666665,0.004629629629629629,0.6428571428571428,0.28025477707006374,0.3877118644067797,0.2886299718762615,0.7434210526315792,0.38888888888888873,0.4838709677419355,0.0
1.0,0.5432098765432098,0.5416666666666665,0.18518518518518517,0.3035714285714286,0.3821656050955414,0.5444915254237288,0.48019284853355515,0.45394736842105265,0.4259259259259258,0.5645161290322582,0.6666666666666665
0.2999999999999998,0.1481481481481482,0.1666666666666666,0.23148148148148145,0.375,0.445859872611465,0.4555084745762712,0.4255524306950633,0.3223684210526314,0.6481481481481478,0.2903225806451615,0.5
0.4999999999999998,0.3950617283950617,0.4166666666666665,0.412037037037037,0.4821428571428572,0.6878980891719746,0.5826271186440678,0.562474889513858,0.4013157894736845,0.5370370370370369,0.33870967741935476,0.5
0.47499999999999987,0.32098765432098764,0.8124999999999998,0.6574074074074074,0.625,0.3694267515923567,0.7436440677966102,0.791321815990365,0.19078947368421106,0.9814814814814813,0.12903225806451624,0.5
0.32499999999999973,0.5432098765432098,0.4374999999999999,0.06944444444444445,0.2857142857142858,0.6114649681528663,0.6080508474576272,0.15363599839293585,0.7697368421052642,0.38888888888888873,0.7580645161290325,0.6666666666666665
0.5999999999999999,0.7160493827160493,0.6458333333333333,0.5092592592592592,0.3035714285714286,0.40764331210191085,0.8241525423728814,0.590759341100842,0.3881578947368429,0.5370370370370369,0.2903225806451615,0.5
0.47499999999999987,1.0,0.4374999999999999,0.027777777777777776,0.2678571428571429,0.20382165605095542,0.23940677966101692,0.13435114503816692,0.46710526315789513,0.7037037037037034,0.7903225806451615,0.16666666666666663
0.6999999999999997,0.49382716049382724,0.8333333333333333,0.9050925925925924,0.8035714285714284,0.356687898089172,0.5317796610169492,0.9546002410606818,0.2697368421052633,0.40740740740740733,0.08064516129032251,0.33333333333333326
0.3749999999999998,0.5185185185185185,0.39583333333333326,0.18981481481481483,0.7857142857142856,0.3312101910828026,0.260593220338983,0.2089192446765793,0.5723684210526323,0.6296296296296297,0.7580645161290325,0.8333333333333333
0.34999999999999987,0.49382716049382724,0.39583333333333326,0.17129629629629628,0.1964285714285715,0.25477707006369427,0.3622881355932203,0.12149457613499237,0.23026315789473717,0.7777777777777776,0.8225806451612905,0.8333333333333333
0.5749999999999997,0.24691358024691357,0.6249999999999999,0.6435185185185185,0.6428571428571428,0.5859872611464969,0.5783898305084746,0.7945359582161515,0.7171052631578951,0.9999999999999999,0.17741935483870974,0.33333333333333326
0.3999999999999999,0.5925925925925926,0.375,0.19907407407407407,0.3392857142857144,0.20382165605095542,0.43432203389830504,0.2886299718762615,0.7302631578947376,0.9074074074074071,0.7258064516129035,0.5
0.5749999999999997,0.22222222222222227,0.6458333333333333,0.6458333333333334,0.5714285714285714,0.5732484076433121,0.5783898305084746,0.7932503013258341,0.7039473684210527,0.9999999999999999,0.17741935483870974,0.5
0.25,0.3950617283950617,0.35416666666666663,0.4375,0.4285714285714286,0.7770700636942676,0.6038135593220338,0.4268380875853808,0.6907894736842111,0.5185185185185184,0.5161290322580645,0.5
0.5749999999999997,0.24691358024691357,0.6249999999999999,0.6782407407407407,0.5714285714285714,0.5477707006369427,0.586864406779661,0.7938931297709999,0.7039473684210527,0.9999999999999999,0.17741935483870974,0.5
0.7499999999999998,0.5185185185185185,0.4166666666666665,0.11805555555555554,0.5178571428571428,0.4968152866242038,0.413135593220339,0.2841301727601504,0.5723684210526323,0.2407407407407406,0.5645161290322582,0.33333333333333326
0.34999999999999987,0.4320987654320988,0.375,0.032407407407407406,0.3928571428571429,0.356687898089172,0.2817796610169491,0.07906789875452347,0.3223684210526314,0.685185185185185,0.7903225806451615,0.6666666666666665
0.8499999999999996,0.6419753086419754,0.4166666666666665,0.21296296296296297,1.0,0.21656050955414013,0.3072033898305085,0.2744877460827695,0.19078947368421106,0.31481481481481477,0.7258064516129035,0.5
0.4249999999999998,0.3950617283950617,0.39583333333333326,0.023148148148148154,0.3392857142857144,0.30573248407643316,0.2690677966101695,0.13949377259944384,0.5855263157894739,0.20370370370370372,0.6935483870967745,0.5
0.5249999999999999,0.3950617283950617,0.29166666666666663,0.3009259259259259,0.4642857142857143,0.22929936305732485,0.3283898305084746,0.34391321815990494,0.3881578947368429,0.9999999999999999,0.5483870967741937,0.5
0.47499999999999987,0.7901234567901234,0.27083333333333326,0.37962962962962965,0.6607142857142856,0.28025477707006374,0.3961864406779661,0.556046605062285,0.5460526315789482,0.4259259259259258,0.22580645161290325,0.33333333333333326
0.47499999999999987,0.5432098765432098,0.7291666666666665,0.8287037037037036,0.75,0.802547770700637,0.8665254237288136,0.8003214142225872,0.4013157894736845,0.574074074074074,0.17741935483870974,0.33333333333333326
0.4999999999999998,0.22222222222222227,0.47916666666666663,0.037037037037037035,0.4464285714285715,0.42038216560509556,0.3665254237288136,0.20249096022499202,0.46710526315789513,0.8148148148148148,0.6451612903225807,0.33333333333333326
0.5749999999999997,0.41975308641975306,0.39583333333333326,0.027777777777777776,0.4464285714285715,0.3694267515923567,0.3877118644067797,0.29762957010847657,0.4934210526315792,0.574074074074074,0.5,0.33333333333333326
0.27500000000000013,0.4691358024691358,0.375,0.20370370370370366,0.3571428571428572,0.15286624203821658,0.3283898305084746,0.2230614704700713,0.3881578947368429,0.20370370370370372,0.6129032258064517,0.6666666666666665
0.2999999999999998,0.19753086419753085,0.27083333333333326,0.046296296296296294,0.4821428571428572,0.43312101910828027,0.3665254237288136,0.21791884290880148,0.5723684210526323,0.18518518518518512,0.5483870967741937,0.5
0.47499999999999987,0.5432098765432098,0.7291666666666665,0.8402777777777777,0.75,0.802547770700637,0.8665254237288136,0.8003214142225872,0.4013157894736845,0.574074074074074,0.17741935483870974,0.33333333333333326
0.44999999999999973,0.1728395061728395,0.47916666666666663,0.25,0.3214285714285715,0.7261146496815287,0.4597457627118644,0.30920048212134077,0.5065789473684217,0.9074074074074071,0.6612903225806452,0.8333333333333333
0.6249999999999998,0.6419753086419754,0.4374999999999999,0.4074074074074074,0.75,0.40764331210191085,0.6716101694915254,0.5419043792687859,0.45394736842105265,0.40740740740740733,0.3870967741935485,0.5
0.2999999999999998,0.22222222222222227,0.4166666666666665,0.4212962962962962,0.5178571428571428,0.39490445859872614,0.3326271186440678,0.5303334672559359,0.414473684210527,0.2592592592592592,0.19354838709677402,0.5
0.47499999999999987,0.9629629629629628,0.4166666666666665,0.1921296296296296,0.3392857142857144,0.3439490445859873,0.48516949152542377,0.22177581357975384,0.6381578947368429,0.4444444444444443,0.806451612903226,0.6666666666666665
0.44999999999999973,0.32098765432098764,0.4166666666666665,0.21990740740740738,0.2500000000000001,0.5222929936305732,0.3665254237288136,0.2577742065086426,0.164473684210527,0.38888888888888873,0.5645161290322582,0.6666666666666665
0.7999999999999998,0.3950617283950617,0.8124999999999998,0.287037037037037,0.5714285714285714,0.14012738853503187,0.48516949152542377,0.5817597428686341,0.5592105263157898,0.8888888888888885,0.3225806451612905,0.33333333333333326
0.19999999999999996,0.6419753086419754,0.4374999999999999,0.29166666666666663,0.4107142857142857,0.267515923566879,0.2944915254237288,0.3567697870630795,0.5855263157894739,0.4999999999999999,0.5,0.5
0.25,1.0,0.0,0.037037037037037035,0.3214285714285715,0.4840764331210191,0.3707627118644068,0.13306548814784946,0.5986842105263164,0.2407407407407406,0.709677419354839,0.33333333333333326
0.6249999999999998,0.37037037037037035,0.3124999999999999,0.013888888888888888,0.2857142857142858,0.3439490445859873,0.2817796610169491,0.1382081157091264,0.12500000000000044,0.29629629629629617,0.6774193548387097,0.5
0.2999999999999998,0.7654320987654321,0.08333333333333329,0.027777777777777776,0.4821428571428572,0.7388535031847134,0.646186440677966,0.25905986339896003,0.3355263157894739,0.5555555555555555,0.4193548387096775,0.33333333333333326
0.32499999999999973,0.06172839506172839,0.45833333333333326,0.032407407407407406,0.3928571428571429,0.6751592356687899,0.5317796610169492,0.2629168340699053,0.7960526315789482,0.35185185185185175,0.5,0.6666666666666665
0.25,0.5925925925925926,0.2291666666666666,0.09259259259259259,0.2142857142857144,0.1910828025477707,0.43855932203389825,0.14463640016070656,0.7302631578947376,0.9999999999999999,0.9516129032258065,0.6666666666666665
0.6999999999999997,0.345679012345679,0.39583333333333326,0.5277777777777778,0.7321428571428571,0.8407643312101911,0.5233050847457628,0.7193250301325875,0.24342105263157965,0.14814814814814803,0.19354838709677402,0.5
0.4999999999999998,0.2716049382716049,0.6458333333333333,0.4282407407407407,0.7142857142857142,0.4968152866242038,0.3538135593220339,0.5277621534752939,0.23026315789473717,0.6296296296296297,0.403225806451613,0.5
0.47499999999999987,0.3950617283950617,0.4374999999999999,0.15046296296296297,0.4821428571428572,1.0,0.6758474576271186,0.3072719967858646,0.3092105263157898,0.685185185185185,0.5322580645161292,0.8333333333333333
0.4999999999999998,0.22222222222222227,0.5208333333333333,0.06481481481481481,0.4464285714285715,0.4585987261146497,0.3877118644067797,0.1857774206508651,0.5723684210526323,0.4259259259259258,0.7903225806451615,0.5
0.34999999999999987,0.5432098765432098,0.45833333333333326,0.046296296296296294,0.3571428571428572,0.4840764331210191,0.3665254237288136,0.13049417436722166,0.5986842105263164,0.31481481481481477,0.7903225806451615,0.6666666666666665
0.5249999999999999,0.5185185185185185,0.6666666666666665,0.3333333333333333,0.5535714285714285,0.6369426751592357,0.6419491525423728,0.5309762957010875,0.414473684210527,0.5370370370370369,0.25806451612903225,0.33333333333333326
0.4999999999999998,0.2716049382716049,0.5208333333333333,0.060185185185185175,0.4464285714285715,0.4968152866242038,0.375,0.1857774206508651,0.5855263157894739,0.4259259259259258,0.7903225806451615,0.5
0.44999999999999973,0.3950617283950617,0.375,0.44907407407407407,0.5714285714285714,0.6624203821656052,0.8453389830508474,0.6627561269586195,0.3092105263157898,0.4259259259259258,0.12903225806451624,0.33333333333333326
0.44999999999999973,0.19753086419753085,0.5624999999999999,0.023148148148148154,0.2857142857142858,0.3184713375796179,0.3114406779661017,0.11120932101245984,0.5592105263157898,0.2222222222222222,0.838709677419355,0.8333333333333333
0.47499999999999987,0.19753086419753085,0.5624999999999999,0.06481481481481481,0.5357142857142857,0.28025477707006374,0.47245762711864403,0.3683406990759366,0.6513157894736845,0.685185185185185,0.403225806451613,0.5
0.4249999999999998,0.5432098765432098,0.375,0.15740740740740738,0.4107142857142857,0.445859872611465,0.3283898305084746,0.20249096022499202,0.5197368421052642,0.7037037037037034,0.741935483870968,0.8333333333333333
0.4249999999999998,0.345679012345679,0.20833333333333323,0.023148148148148154,0.8749999999999998,0.43312101910828027,0.7266949152542372,0.37669746886300004,0.3223684210526314,0.5185185185185184,0.24193548387096775,0.5
0.34999999999999987,0.691358024691358,0.7499999999999999,0.45370370370370366,0.8035714285714284,0.25477707006369427,0.6970338983050848,0.6428284451587061,0.664473684210527,0.6296296296296297,0.2903225806451615,0.5
0.34999999999999987,0.7160493827160493,0.3124999999999999,0.2546296296296296,0.3035714285714286,0.21656050955414013,0.2817796610169491,0.1433507432703891,0.3092105263157898,0.07407407407407407,0.870967741935484,0.8333333333333333
0.6999999999999997,0.5679012345679012,0.3124999999999999,0.05555555555555555,0.3928571428571429,0.4713375796178344,0.5529661016949152,0.26934511852149257,0.3223684210526314,0.40740740740740733,0.6129032258064517,0.6666666666666665
0.27500000000000013,0.5925925925925926,0.39583333333333326,0.18981481481481483,0.4285714285714286,0.40764331210191085,0.3156779661016949,0.16263559662515092,0.5460526315789482,0.6481481481481478,0.8225806451612905,0.6666666666666665
0.25,0.345679012345679,0.4374999999999999,0.023148148148148154,0.5714285714285714,0.43312101910828027,0.47245762711864403,0.3143431096826035,0.5986842105263164,0.4259259259259258,0.3870967741935485,0.33333333333333326
0.15000000000000013,0.9135802469135803,0.375,0.2685185185185185,0.3214285714285715,0.22929936305732485,0.3495762711864407,0.14977902772197638,0.5460526315789482,0.09259259259259256,0.870967741935484,0.8333333333333333
0.32499999999999973,0.691358024691358,0.35416666666666663,0.34953703703703703,0.3571428571428572,0.15286624203821658,0.2902542372881356,0.20570510245078566,0.3355263157894739,0.09259259259259256,0.806451612903226,0.6666666666666665
0.6749999999999998,0.32098765432098764,0.47916666666666663,0.19444444444444442,0.7321428571428571,0.4713375796178344,0.3961864406779661,0.43840899959823787,0.4013157894736845,0.5555555555555555,0.35483870967741926,0.6666666666666665
0.5249999999999999,0.49382716049382724,0.4999999999999999,0.027777777777777776,0.4285714285714286,0.178343949044586,0.3326271186440678,0.2114905584572071,0.3486842105263164,0.31481481481481477,0.596774193548387,0.5
0.7499999999999998,0.2962962962962963,0.2291666666666666,0.037037037037037035,0.375,0.29299363057324845,0.2690677966101695,0.24234632382483312,0.29605263157894735,0.4444444444444443,0.596774193548387,0.5
0.47499999999999987,0.49382716049382724,0.45833333333333326,0.3148148148148148,0.4642857142857143,0.06369426751592358,0.260593220338983,0.34905584572117476,0.3092105263157898,0.4629629629629628,0.5483870967741937,0.8333333333333333
0.7999999999999998,0.2962962962962963,0.7291666666666665,0.018518518518518517,0.75,0.28025477707006374,0.3877118644067797,0.28734431498594404,0.37500000000000044,0.18518518518518512,0.5161290322580645,0.5
0.2999999999999998,0.49382716049382724,0.375,0.6898148148148148,0.375,0.3694267515923567,0.48516949152542377,0.4480514262756188,0.5065789473684217,0.40740740740740733,0.806451612903226,0.6666666666666665
0.47499999999999987,0.3950617283950617,0.5624999999999999,0.3611111111111111,0.4821428571428572,0.5095541401273885,0.43855932203389825,0.48983527521093606,0.7039473684210527,0.5555555555555555,0.467741935483871,0.5
0.3749999999999998,0.345679012345679,0.39583333333333326,0.08333333333333333,0.4821428571428572,0.4585987261146497,0.3495762711864407,0.18449176376054766,0.44078947368421106,0.2777777777777777,0.5806451612903225,0.6666666666666665
0.2999999999999998,0.3950617283950617,0.39583333333333326,0.15509259259259262,0.4107142857142857,0.7515923566878981,0.48516949152542377,0.2796303736440393,0.6513157894736845,0.5925925925925924,0.5322580645161292,0.6666666666666665
0.7249999999999999,0.8641975308641974,1.0,0.8958333333333333,0.3035714285714286,0.5095541401273885,0.6122881355932204,0.6627561269586195,0.6381578947368429,0.5185185185185184,0.6451612903225807,0.5
0.3999999999999999,0.5432098765432098,0.5624999999999999,0.06481481481481481,0.6607142857142856,0.20382165605095542,0.5148305084745762,0.3612695861791906,0.7565789473684217,0.574074074074074,0.403225806451613,0.5
0.32499999999999973,0.6172839506172839,0.4374999999999999,0.11111111111111112,0.375,0.356687898089172,0.44279661016949157,0.13563680192848437,0.664473684210527,0.33333333333333326,0.8225806451612905,0.6666666666666665
0.47499999999999987,0.5185185185185185,0.7499999999999999,0.6342592592592592,0.6964285714285714,0.356687898089172,0.684322033898305,0.744395339493785,0.44078947368421106,0.6481481481481478,0.17741935483870974,0.33333333333333326
0.5249999999999999,0.6172839506172839,0.45833333333333326,0.16666666666666669,0.4464285714285715,0.24203821656050956,0.3114406779661017,0.16006428284452312,0.4934210526315792,0.4814814814814813,0.870967741935484,0.6666666666666665
0.4249999999999998,0.19753086419753085,0.5208333333333333,0.037037037037037035,0.2500000000000001,0.3439490445859873,0.48093220338983056,0.25520289272800056,0.6907894736842111,0.7777777777777776,0.5645161290322582,0.6666666666666665
0.2999999999999998,0.2962962962962963,0.47916666666666663,0.11111111111111112,0.2857142857142858,0.30573248407643316,0.4173728813559322,0.2719164323021346,0.7565789473684217,0.8518518518518517,0.5161290322580645,0.6666666666666665
0.6749999999999998,0.6172839506172839,0.39583333333333326,0.19907407407407407,0.4821428571428572,0.24203821656050956,0.5741525423728814,0.43326637203696805,0.7302631578947376,0.6481481481481478,0.467741935483871,0.5
0.5749999999999997,0.691358024691358,0.39583333333333326,0.08333333333333333,0.375,0.42038216560509556,0.4046610169491525,0.14463640016070656,0.5065789473684217,0.40740740740740733,0.8870967741935485,0.6666666666666665
0.3999999999999999,0.4444444444444444,0.33333333333333326,0.4675925925925925,0.5535714285714285,0.8152866242038217,0.6758474576271186,0.5753314584170326,0.4802631578947376,0.611111111111111,0.306451612903226,0.5
0.5499999999999998,0.345679012345679,0.3124999999999999,0.4814814814814814,0.4642857142857143,0.9299363057324841,0.625,0.5123342707914844,0.23026315789473717,0.6296296296296297,0.403225806451613,0.5
0.4249999999999998,0.2716049382716049,0.39583333333333326,0.037037037037037035,0.5535714285714285,0.25477707006369427,0.298728813559322,0.21020490156689675,0.4934210526315792,0.5370370370370369,0.596774193548387,0.6666666666666665
0.3749999999999998,0.32098765432098764,0.45833333333333326,0.027777777777777776,0.4999999999999999,0.356687898089172,0.413135593220339,0.28734431498594404,0.9013157894736854,0.8518518518518517,0.4838709677419355,0.5
0.7749999999999999,0.6666666666666666,0.39583333333333326,0.5694444444444444,0.3035714285714286,0.14012738853503187,0.1843220338983051,0.39148252310165077,0.24342105263157965,0.38888888888888873,0.806451612903226,0.5
0.7249999999999999,0.7407407407407407,0.29166666666666663,0.4722222222222222,0.2678571428571429,0.3312101910828026,0.3199152542372881,0.2912012856568893,0.164473684210527,0.35185185185185175,0.903225806451613,0.5
0.4999999999999998,0.2716049382716049,0.4999999999999999,0.032407407407407406,0.2857142857142858,0.25477707006369427,0.2860169491525424,0.17742065086380165,0.36184210526315885,0.7407407407407406,0.6935483870967745,0.6666666666666665
0.5999999999999999,0.6172839506172839,0.5208333333333333,0.06481481481481481,0.5178571428571428,0.7515923566878981,0.6419491525423728,0.15170751305745256,0.5855263157894739,0.574074074074074,0.8548387096774195,0.6666666666666665
0.44999999999999973,0.5185185185185185,0.4166666666666665,0.05555555555555555,0.375,0.4585987261146497,0.3495762711864407,0.06942547207714256,0.36184210526315885,0.37037037037037024,0.9193548387096775,0.6666666666666665
0.6749999999999998,0.2962962962962963,0.6666666666666665,0.027777777777777776,0.625,0.30573248407643316,0.47245762711864403,0.27127360385697585,0.5065789473684217,0.5555555555555555,0.5,0.33333333333333326
0.5249999999999999,0.6172839506172839,1.0,0.3194444444444444,0.4107142857142857,0.5605095541401274,0.47669491525423724,0.2777018883085631,0.5592105263157898,0.38888888888888873,0.870967741935484,0.6666666666666665
0.2999999999999998,0.37037037037037035,0.12499999999999992,0.4212962962962962,0.5892857142857143,1.0,0.7944915254237288,0.5528324628364842,0.3223684210526314,0.14814814814814803,0.17741935483870974,0.33333333333333326
0.27500000000000013,0.37037037037037035,0.3124999999999999,0.14814814814814814,0.4107142857142857,0.7515923566878981,0.5614406779661016,0.2751305745279282,0.664473684210527,0.5185185185185184,0.5322580645161292,0.6666666666666665
0.44999999999999973,0.5925925925925926,0.6666666666666665,0.3055555555555555,0.5892857142857143,0.6751592356687899,0.6716101694915254,0.5309762957010875,0.5197368421052642,0.4444444444444443,0.22580645161290325,0.33333333333333326
0.125,0.691358024691358,0.375,0.26388888888888884,0.23214285714285726,0.4840764331210191,0.47669491525423724,0.3053435114503813,0.7434210526315792,0.33333333333333326,0.5806451612903225,0.5
1.0,0.4691358024691358,0.39583333333333326,0.009259259259259259,0.16071428571428586,0.3439490445859873,0.4597457627118644,0.17549216552833258,0.2697368421052633,0.2407407407407406,0.709677419354839,0.5
0.6999999999999997,0.37037037037037035,0.4166666666666665,0.3703703703703703,0.6785714285714285,0.802547770700637,0.5360169491525424,0.590759341100842,0.4013157894736845,0.18518518518518512,0.2903225806451615,0.5
0.5249999999999999,1.0,0.08333333333333329,0.26388888888888884,0.375,0.21656050955414013,0.1292372881355932,0.38633989554038095,0.37500000000000044,0.055555555555555525,0.5,0.16666666666666663
0.5749999999999997,0.6666666666666666,0.375,0.11574074074074074,0.3392857142857144,0.3312101910828026,0.48516949152542377,0.1664925672961033,0.5986842105263164,0.29629629629629617,0.8225806451612905,0.6666666666666665
0.5999999999999999,0.5679012345679012,0.5416666666666665,0.3055555555555555,0.5535714285714285,0.5477707006369427,0.6716101694915254,0.5393330654881581,0.44078947368421106,0.574074074074074,0.27419354838709675,0.33333333333333326
0.3999999999999999,0.49382716049382724,0.7291666666666665,0.3009259259259259,0.5892857142857143,0.5987261146496816,0.6758474576271186,0.5251908396946661,0.45394736842105265,0.4814814814814813,0.19354838709677402,0.33333333333333326
0.5999999999999999,0.37037037037037035,0.7708333333333333,0.2685185185185185,0.375,0.1910828025477707,0.2775423728813559,0.36512655685014295,0.3881578947368429,0.9999999999999999,0.596774193548387,0.5
0.44999999999999973,0.345679012345679,0.4374999999999999,0.6527777777777777,0.5357142857142857,0.6114649681528663,0.4936440677966102,0.6383286460426021,0.44078947368421106,0.2777777777777777,0.4193548387096775,0.5
0.5999999999999999,0.3950617283950617,0.39583333333333326,0.060185185185185175,0.3035714285714286,0.356687898089172,0.3072033898305085,0.27577340297307984,0.3881578947368429,0.31481481481481477,0.467741935483871,0.5
0.34999999999999987,0.4691358024691358,0.7916666666666665,0.027777777777777776,1.0,0.3312101910828026,0.3622881355932203,0.32977099236642005,0.5592105263157898,0.5370370370370369,0.33870967741935476,0.33333333333333326
0.4249999999999998,0.49382716049382724,0.33333333333333326,0.19444444444444442,0.2500000000000001,0.6624203821656052,0.4597457627118644,0.23334672559260383,0.4802631578947376,0.40740740740740733,0.6774193548387097,0.6666666666666665
0.5999999999999999,0.4691358024691358,0.45833333333333326,0.027777777777777776,0.2857142857142858,0.3184713375796179,0.2563559322033898,0.11635194857372966,0.29605263157894735,0.20370370370370372,0.7580645161290325,0.5
0.7499999999999998,0.49382716049382724,0.33333333333333326,0.1296296296296296,0.16071428571428586,0.3184713375796179,0.336864406779661,0.1594214543993573,0.23026315789473717,0.2777777777777777,0.806451612903226,0.5
0.8249999999999997,0.4444444444444444,0.375,0.17129629629629628,0.2678571428571429,0.5222929936305732,0.43855932203389825,0.3220570510245082,0.46710526315789513,0.20370370370370372,0.5161290322580645,0.5
0.44999999999999973,0.37037037037037035,0.5833333333333333,0.3657407407407407,0.375,0.5605095541401274,0.565677966101695,0.556046605062285,0.5197368421052642,0.4814814814814813,0.22580645161290325,0.5
0.2999999999999998,0.6172839506172839,0.2291666666666666,0.05555555555555555,0.2857142857142858,0.5987261146496816,0.5911016949152542,0.3079148252310233,0.7960526315789482,0.574074074074074,0.4838709677419355,0.5
0.6249999999999998,0.2962962962962963,0.4166666666666665,0.8749999999999999,0.4285714285714286,0.8535031847133758,0.9216101694915254,0.852390518280437,0.3881578947368429,0.4814814814814813,0.19354838709677402,0.5
0.6249999999999998,0.2962962962962963,0.4166666666666665,0.8935185185185184,0.4285714285714286,0.8535031847133758,0.9216101694915254,0.852390518280437,0.3881578947368429,0.4814814814814813,0.19354838709677402,0.5
0.34999999999999987,0.9629629629629628,0.20833333333333323,0.35648148148148145,0.2500000000000001,0.28025477707006374,0.5190677966101694,0.3143431096826035,0.5460526315789482,0.4259259259259258,0.6935483870967745,0.5
0.5999999999999999,0.1481481481481482,0.47916666666666663,0.023148148148148154,0.1250000000000001,0.5859872611464969,0.4088983050847458,0.3259140216954606,0.3092105263157898,0.8333333333333331,0.3225806451612905,0.5
0.2250000000000001,0.345679012345679,0.27083333333333326,0.7430555555555555,0.5178571428571428,0.4713375796178344,0.3834745762711864,0.7353957412615628,0.5723684210526323,0.4814814814814813,0.16129032258064524,0.5
0.8249999999999997,0.2962962962962963,0.39583333333333326,0.013888888888888888,0.14285714285714296,0.5987261146496816,0.2860169491525424,0.2256327842506991,0.15131578947368451,0.2592592592592592,0.5,0.5
0.25,0.1481481481481482,0.12499999999999992,0.2546296296296296,0.4821428571428572,0.3184713375796179,0.43855932203389825,0.4184813177983173,0.3355263157894739,0.7037037037037034,0.306451612903226,0.5
0.0,0.32098765432098764,0.24999999999999992,0.44444444444444436,0.3928571428571429,0.1910828025477707,0.3919491525423729,0.3940538368822857,0.9999999999999996,0.4814814814814813,0.6774193548387097,0.6666666666666665
0.6749999999999998,0.6419753086419754,0.3124999999999999,0.15046296296296297,0.2857142857142858,0.03821656050955414,0.0614406779661017,0.2487746082764204,0.2697368421052633,0.2592592592592592,0.6129032258064517,0.16666666666666663
0.44999999999999973,1.0,0.39583333333333326,0.17592592592592593,0.3035714285714286,0.21656050955414013,0.2478813559322034,0.2089192446765793,0.4013157894736845,0.7407407407407406,0.7903225806451615,0.5
0.5499999999999998,0.9876543209876543,0.06249999999999992,0.18055555555555552,0.625,0.267515923566879,0.2817796610169491,0.4416231418240315,0.07236842105263186,0.2407407407407406,0.16129032258064524,0.33333333333333326
0.6999999999999997,0.7160493827160493,0.5208333333333333,0.12037037037037036,0.23214285714285726,0.5095541401273885,0.6038135593220338,0.20506227400562693,0.2697368421052633,0.20370370370370372,0.709677419354839,0.5
0.7999999999999998,0.41975308641975306,0.375,0.4212962962962962,0.375,0.1656050955414013,0.2775423728813559,0.4467657693853013,0.24342105263157965,0.2592592592592592,0.5161290322580645,0.5
0.6999999999999997,0.7407407407407407,0.39583333333333326,0.16666666666666669,0.2500000000000001,0.06369426751592358,0.3919491525423729,0.22434712736038875,0.2565789473684217,0.35185185185185175,0.741935483870968,0.5
0.5249999999999999,0.4444444444444444,0.375,0.16666666666666669,0.2857142857142858,0.22929936305732485,0.2563559322033898,0.24298915226999185,0.414473684210527,0.31481481481481477,0.5645161290322582,0.5
0.7499999999999998,0.1728395061728395,0.5208333333333333,0.023148148148148154,0.3571428571428572,0.3694267515923567,0.3114406779661017,0.24748895138609583,0.3486842105263164,0.9259259259259257,0.5322580645161292,0.6666666666666665
0.27500000000000013,1.0,0.0,0.23148148148148145,0.3214285714285715,0.07643312101910829,0.04872881355932204,0.41719566090799987,0.6776315789473686,0.5370370370370369,0.403225806451613,0.16666666666666663
0.7499999999999998,0.5679012345679012,0.6458333333333333,0.046296296296296294,0.2142857142857144,0.22929936305732485,0.2860169491525424,0.2564885496183251,0.45394736842105265,0.4814814814814813,0.6290322580645162,0.5
0.8249999999999997,0.22222222222222227,0.24999999999999992,0.046296296296296294,0.375,0.28025477707006374,0.4216101694915254,0.44033748493370695,0.4934210526315792,0.5555555555555555,0.33870967741935476,0.5
0.4999999999999998,0.24691358024691357,0.39583333333333326,0.023148148148148154,0.2142857142857144,0.3821656050955414,0.3919491525423729,0.24298915226999185,0.45394736842105265,0.4259259259259258,0.4838709677419355,0.6666666666666665
0.6499999999999999,0.49382716049382724,0.5624999999999999,0.648148148148148,0.5892857142857143,0.42038216560509556,0.5995762711864406,0.6229007633587926,0.44078947368421106,0.6296296296296297,0.4193548387096775,0.33333333333333326
0.6249999999999998,0.37037037037037035,0.375,0.09259259259259259,0.3571428571428572,0.4713375796178344,0.4258474576271186,0.2744877460827695,0.3092105263157898,0.685185185185185,0.5322580645161292,0.6666666666666665
0.47499999999999987,0.345679012345679,0.27083333333333326,0.027777777777777776,0.4107142857142857,0.03821656050955414,0.44279661016949157,0.2487746082764204,0.3881578947368429,0.2777777777777777,0.5161290322580645,0.16666666666666663
0.6499999999999999,0.41975308641975306,0.39583333333333326,0.30787037037037035,0.23214285714285726,0.15286624203821658,0.2478813559322034,0.33877059059864223,0.17763157894736858,0.2777777777777777,0.5645161290322582,0.6666666666666665
0.6749999999999998,0.5432098765432098,0.24999999999999992,0.2754629629629629,0.1964285714285715,0.39490445859872614,0.5233050847457628,0.3426275612695875,0.15131578947368451,0.2407407407407406,0.5,0.33333333333333326
0.5999999999999999,0.4444444444444444,0.3124999999999999,0.2962962962962963,0.14285714285714296,0.21656050955414013,0.4682203389830508,0.298915226998794,0.44078947368421106,0.4999999999999999,0.774193548387097,0.6666666666666665
0.3749999999999998,0.5925925925925926,0.47916666666666663,0.04166666666666667,0.3928571428571429,0.12738853503184716,0.23940677966101692,0.18127762153475402,0.6513157894736845,0.4444444444444443,0.6935483870967745,0.5
0.7249999999999999,0.3950617283950617,0.4374999999999999,0.037037037037037035,0.4642857142857143,0.1656050955414013,0.3495762711864407,0.37219766974688895,0.5986842105263164,0.574074074074074,0.3870967741935485,0.5
0.5499999999999998,0.3950617283950617,0.5416666666666665,0.018518518518518517,0.3035714285714286,0.5095541401273885,0.3580508474576271,0.17806347930896038,0.46710526315789513,0.2777777777777777,0.596774193548387,0.6666666666666665
0.25,0.49382716049382724,0.39583333333333326,0.16666666666666669,0.5178571428571428,0.6369426751592357,0.586864406779661,0.3143431096826035,0.7171052631578951,0.40740740740740733,0.435483870967742,0.6666666666666665
0.4999999999999998,0.2716049382716049,1.0,0.7824074074074073,0.4821428571428572,0.24203821656050956,0.4004237288135593,0.6897549216552861,0.059210526315789824,0.5185185185185184,0.24193548387096775,0.5
0.44999999999999973,0.2716049382716049,0.5416666666666665,0.04166666666666667,0.3928571428571429,0.445859872611465,0.3707627118644068,0.18963439132182458,0.4934210526315792,0.8518518518518517,0.6451612903225807,0.6666666666666665
0.3999999999999999,0.49382716049382724,0.5624999999999999,0.032407407407407406,0.6785714285714285,0.3312101910828026,0.7055084745762712,0.3214142225793566,0.664473684210527,0.4259259259259258,0.4516129032258067,0.33333333333333326
0.19999999999999996,0.49382716049382724,0.375,0.1527777777777778,0.4999999999999999,0.6369426751592357,0.586864406779661,0.31562876657292804,0.7171052631578951,0.40740740740740733,0.435483870967742,0.6666666666666665
0.19999999999999996,0.49382716049382724,0.39583333333333326,0.16666666666666669,0.5178571428571428,0.6369426751592357,0.586864406779661,0.3143431096826035,0.7171052631578951,0.40740740740740733,0.435483870967742,0.6666666666666665
0.4999999999999998,0.2716049382716049,0.47916666666666663,0.324074074074074,0.6071428571428571,0.445859872611465,0.3707627118644068,0.3991964644435555,0.414473684210527,0.40740740740740733,0.435483870967742,0.6666666666666665
0.5999999999999999,0.19753086419753085,0.4166666666666665,0.018518518518518517,0.2857142857142858,0.4840764331210191,0.43855932203389825,0.15877862595419856,0.414473684210527,0.33333333333333326,0.6612903225806452,0.6666666666666665
0.44999999999999973,0.22222222222222227,0.39583333333333326,0.023148148148148154,0.3392857142857144,0.6751592356687899,0.375,0.14656488549618274,0.2565789473684217,0.5555555555555555,0.6290322580645162,0.6666666666666665
0.44999999999999973,0.2716049382716049,0.39583333333333326,0.5185185185185185,0.4821428571428572,0.6624203821656052,0.4978813559322034,0.5020490156689519,0.4934210526315792,0.2777777777777777,0.4516129032258067,0.5
0.25,0.2962962962962963,0.3124999999999999,0.037037037037037035,0.3214285714285715,0.802547770700637,0.6334745762711864,0.2134190437926904,0.9999999999999996,0.6296296296296297,0.6935483870967745,0.6666666666666665
0.44999999999999973,0.7654320987654321,0.6041666666666665,0.4212962962962962,0.6785714285714285,0.5987261146496816,0.875,0.6916834069907694,0.6513157894736845,0.6481481481481478,0.22580645161290325,0.5
0.4999999999999998,0.09876543209876543,0.4374999999999999,0.5694444444444444,0.6071428571428571,0.3821656050955414,0.2902542372881356,0.6061872237846515,0.5197368421052642,0.2407407407407406,0.306451612903226,0.5
0.44999999999999973,0.5308641975308641,0.3124999999999999,0.046296296296296294,0.4285714285714286,0.3439490445859873,0.510593220338983,0.38119726797911113,0.7171052631578951,0.722222222222222,0.3870967741935485,0.6666666666666665
0.44999999999999973,0.4444444444444444,0.3124999999999999,0.3055555555555555,0.4107142857142857,0.3312101910828026,0.4978813559322034,0.5200482121333891,0.7171052631578951,0.7037037037037034,0.3870967741935485,0.5
0.5499999999999998,0.5925925925925926,0.375,0.3009259259259259,0.2142857142857144,0.445859872611465,0.43432203389830504,0.29184411410205513,0.45394736842105265,0.7037037037037034,0.741935483870968,0.6666666666666665
0.6499999999999999,0.691358024691358,0.29166666666666663,0.060185185185185175,0.03571428571428592,0.3694267515923567,0.2097457627118644,0.13435114503816692,0.164473684210527,0.2592592592592592,0.7258064516129035,0.5
0.47499999999999987,0.6666666666666666,0.8124999999999998,0.37962962962962965,0.7321428571428571,0.42038216560509556,0.625,0.5894736842105388,0.3092105263157898,0.4629629629629628,0.22580645161290325,0.33333333333333326
0.3999999999999999,0.7407407407407407,0.3124999999999999,0.3055555555555555,0.5714285714285714,0.4968152866242038,0.5572033898305084,0.5740458015267293,0.4013157894736845,0.7037037037037034,0.19354838709677402,0.33333333333333326
0.4999999999999998,0.1481481481481482,0.18749999999999992,0.037037037037037035,0.5714285714285714,0.356687898089172,0.298728813559322,0.2912012856568893,0.6118421052631589,0.5925925925925924,0.5161290322580645,0.5
0.5499999999999998,0.19753086419753085,0.33333333333333326,0.6342592592592592,0.5178571428571428,0.3184713375796179,0.548728813559322,0.7000401767778257,0.13815789473684248,0.4444444444444443,0.19354838709677402,0.5
0.4999999999999998,0.19753086419753085,0.18749999999999992,0.05555555555555555,0.5535714285714285,0.3694267515923567,0.4004237288135593,0.3310566492567375,0.6118421052631589,0.611111111111111,0.4516129032258067,0.5
0.5999999999999999,0.3950617283950617,0.4374999999999999,0.027777777777777776,0.3928571428571429,0.11464968152866242,0.3199152542372881,0.13049417436722166,0.2039473684210531,0.2592592592592592,0.7258064516129035,0.5
0.7249999999999999,0.5925925925925926,1.0,0.5185185185185185,0.4642857142857143,0.8152866242038217,0.7139830508474576,0.6961832061068876,0.2565789473684217,0.5925925925925924,0.20967741935483875,0.33333333333333326
0.5499999999999998,0.5185185185185185,0.4999999999999999,0.013888888888888888,0.4642857142857143,0.22929936305732485,0.413135593220339,0.21663318601848403,0.5328947368421058,0.5185185185185184,0.5483870967741937,0.33333333333333326
0.5749999999999997,0.4691358024691358,0.3124999999999999,0.5555555555555555,0.5178571428571428,0.5859872611464969,0.4173728813559322,0.6524708718360941,0.3092105263157898,0.6296296296296297,0.3225806451612905,0.6666666666666665
0.4999999999999998,0.9135802469135803,0.39583333333333326,1.0000000000000002,0.2857142857142858,0.3184713375796179,0.43432203389830504,1.000000000000007,0.3355263157894739,0.37037037037037024,0.4193548387096775,0.5
0.3749999999999998,0.2962962962962963,0.35416666666666663,0.18981481481481483,0.4464285714285715,1.0,0.6292372881355932,0.3644837284049842,0.3486842105263164,0.9814814814814813,0.435483870967742,0.6666666666666665
0.44999999999999973,0.691358024691358,0.39583333333333326,0.2546296296296296,0.2500000000000001,0.12738853503184716,0.3114406779661017,0.2204901566894364,0.5065789473684217,0.09259259259259256,0.774193548387097,0.6666666666666665
0.3999999999999999,0.7160493827160493,0.2291666666666666,0.23148148148148145,1.0,0.7515923566878981,0.6927966101694916,0.48083567697870677,0.5723684210526323,0.38888888888888873,0.24193548387096775,0.33333333333333326
0.3999999999999999,0.7407407407407407,0.2291666666666666,0.21759259259259256,1.0,0.7006369426751593,0.684322033898305,0.48083567697870677,0.5723684210526323,0.38888888888888873,0.24193548387096775,0.5
0.3999999999999999,0.691358024691358,0.2291666666666666,0.2361111111111111,1.0,0.7515923566878981,0.646186440677966,0.4814785054238726,0.5723684210526323,0.38888888888888873,0.24193548387096775,0.5
0.44999999999999973,0.5432098765432098,0.33333333333333326,0.34259259259259256,0.375,0.24203821656050956,0.44279661016949157,0.4184813177983173,0.3355263157894739,0.29629629629629617,0.4516129032258067,0.5
0.4249999999999998,0.32098765432098764,0.8749999999999998,0.7870370370370371,0.5357142857142857,0.40764331210191085,0.4470338983050848,0.8067496986741745,0.5197368421052642,0.4629629629629628,0.12903225806451624,0.5
0.6999999999999997,0.5679012345679012,0.375,0.37962962962962965,0.10714285714285732,0.7006369426751593,0.5783898305084746,0.4699075934110084,0.36184210526315885,0.29629629629629617,0.4838709677419355,0.6666666666666665
0.25,1.0,0.0,0.04166666666666667,0.08928571428571447,0.39490445859872614,0.3241525423728814,0.13306548814784946,0.6381578947368429,0.29629629629629617,0.709677419354839,0.5
0.4249999999999998,0.4444444444444444,0.6249999999999999,0.037037037037037035,0.08928571428571447,0.12738853503184716,0.19703389830508472,0.24298915226999185,0.5855263157894739,0.9814814814814813,0.5322580645161292,0.6666666666666665
0.9749999999999996,0.5432098765432098,0.5208333333333333,0.19444444444444442,0.053571428571428714,0.267515923566879,0.4555084745762712,0.4904781036560877,0.414473684210527,0.4999999999999999,0.5161290322580645,0.6666666666666665
0.3999999999999999,0.5185185185185185,0.47916666666666663,0.08333333333333333,0.0,0.40764331210191085,0.2944915254237288,0.19092004821213493,0.5723684210526323,0.8148148148148148,0.7258064516129035,0.6666666666666665
0.47499999999999987,0.12345679012345678,0.47916666666666663,0.14351851851851855,0.03571428571428592,0.3821656050955414,0.336864406779661,0.40948171956609514,0.414473684210527,0.40740740740740733,0.3225806451612905,0.5
0.4999999999999998,0.2716049382716049,0.4999999999999999,0.19907407407407407,0.5714285714285714,0.5095541401273885,0.4682203389830508,0.36769787063077786,0.414473684210527,0.6296296296296297,0.4838709677419355,0.5
0.2999999999999998,0.41975308641975306,0.6458333333333333,0.2361111111111111,0.6607142857142856,0.6878980891719746,0.5614406779661016,0.4416231418240315,0.46710526315789513,0.9999999999999999,0.403225806451613,0.5
0.3999999999999999,0.3950617283950617,0.29166666666666663,0.06481481481481481,0.5535714285714285,0.356687898089172,0.48093220338983056,0.2372036962635633,0.414473684210527,0.5925925925925924,0.5483870967741937,0.6666666666666665
0.27500000000000013,0.24691358024691357,0.39583333333333326,0.20833333333333331,0.4285714285714286,0.6114649681528663,0.5063559322033898,0.29184411410205513,0.46710526315789513,0.40740740740740733,0.5322580645161292,0.5
0.5999999999999999,0.6172839506172839,0.27083333333333326,0.18055555555555552,0.2857142857142858,0.10191082802547771,0.2266949152542373,0.2346323824829284,0.21710526315789558,0.5555555555555555,0.6774193548387097,0.6666666666666665
0.3999999999999999,0.5185185185185185,0.3124999999999999,0.12037037037037036,0.3928571428571429,0.3694267515923567,0.3199152542372881,0.14849337083165892,0.12500000000000044,0.8148148148148148,0.741935483870968,0.6666666666666665
0.6249999999999998,0.5679012345679012,0.33333333333333326,0.28009259259259256,0.3035714285714286,0.356687898089172,0.5021186440677966,0.3426275612695875,0.12500000000000044,0.2777777777777777,0.5,0.33333333333333326
0.5499999999999998,0.5185185185185185,0.5833333333333333,0.046296296296296294,0.3571428571428572,0.40764331210191085,0.451271186440678,0.2230614704700713,0.5986842105263164,0.4629629629629628,0.6935483870967745,0.5
0.5249999999999999,0.2716049382716049,1.0,0.15740740740740738,0.3928571428571429,0.05095541401273886,0.43432203389830504,0.3496986741663406,0.15131578947368451,0.685185185185185,0.3870967741935485,0.16666666666666663
0.3749999999999998,0.5925925925925926,0.1666666666666666,0.7939814814814814,0.8035714285714284,0.624203821656051,0.722457627118644,0.7746082764162381,0.4276315789473686,0.4814814814814813,0.12903225806451624,0.5
0.44999999999999973,0.012345679012345706,0.4999999999999999,0.037037037037037035,0.375,0.1910828025477707,0.3792372881355932,0.3824829248694357,0.6118421052631589,0.722222222222222,0.24193548387096775,0.5
0.4999999999999998,0.24691358024691357,0.47916666666666663,0.3055555555555555,0.5714285714285714,0.1910828025477707,0.3792372881355932,0.5059059863398971,0.8092105263157898,0.40740740740740733,0.3870967741935485,0.5
0.4999999999999998,1.0,0.35416666666666663,0.2361111111111111,0.4107142857142857,0.3184713375796179,0.4682203389830508,0.1857774206508651,0.4013157894736845,0.09259259259259256,0.806451612903226,0.6666666666666665
0.5749999999999997,0.49382716049382724,0.39583333333333326,0.3657407407407407,0.2678571428571429,0.29299363057324845,0.7266949152542372,0.40305343511450786,0.46710526315789513,0.4444444444444443,0.6774193548387097,0.6666666666666665
0.2250000000000001,0.1728395061728395,0.7916666666666665,0.5,0.3571428571428572,0.5987261146496816,0.4597457627118644,0.4789071916432377,0.29605263157894735,0.2222222222222222,0.403225806451613,0.8333333333333333
0.25,0.4814814814814815,0.4374999999999999,0.2222222222222222,0.4999999999999999,0.4968152866242038,0.548728813559322,0.35291281639213423,0.6907894736842111,0.37037037037037024,0.4516129032258067,0.6666666666666665
0.15000000000000013,1.0,0.1458333333333333,0.09722222222222222,0.375,0.40764331210191085,0.4597457627118644,0.09321012454800837,0.5197368421052642,0.574074074074074,0.838709677419355,0.8333333333333333
0.25,0.5925925925925926,0.39583333333333326,0.17129629629629628,0.3035714285714286,0.5605095541401274,0.4046610169491525,0.15106468461229383,0.46710526315789513,0.6481481481481478,0.806451612903226,0.8333333333333333
0.47499999999999987,0.345679012345679,0.6249999999999999,0.027777777777777776,0.6071428571428571,0.30573248407643316,0.5614406779661016,0.4081960626757777,0.914473684210527,0.4629629629629628,0.3225806451612905,0.5
0.32499999999999973,1.0,0.06249999999999992,0.05555555555555555,0.625,0.11464968152866242,0.23940677966101692,0.35805544395339695,0.8092105263157898,0.4814814814814813,0.3870967741935485,0.16666666666666663
0.4249999999999998,0.4444444444444444,0.45833333333333326,0.032407407407407406,0.3392857142857144,0.7261146496815287,0.5317796610169492,0.14977902772197638,0.46710526315789513,0.5925925925925924,0.709677419354839,0.5
0.050000000000000044,0.5185185185185185,0.9375,0.2361111111111111,0.3571428571428572,0.6624203821656052,0.5741525423728814,0.17034953796705565,0.6118421052631589,0.2222222222222222,0.7903225806451615,0.8333333333333333
0.4999999999999998,0.32098765432098764,0.35416666666666663,0.5138888888888888,0.4107142857142857,0.7515923566878981,0.5614406779661016,0.5219766974688653,0.28289473684210575,0.6296296296296297,0.403225806451613,0.6666666666666665
0.4249999999999998,0.4691358024691358,0.35416666666666663,0.4814814814814814,0.2678571428571429,0.0,0.2648305084745763,0.4441944556046664,0.3486842105263164,0.2592592592592592,0.5161290322580645,0.33333333333333326
0.27500000000000013,0.7160493827160493,0.47916666666666663,0.046296296296296294,0.2500000000000001,0.4968152866242038,0.3495762711864407,0.13177983125753912,0.7960526315789482,0.611111111111111,0.7580645161290325,0.6666666666666665
0.34999999999999987,0.32098765432098764,0.18749999999999992,0.5092592592592592,0.5178571428571428,0.7515923566878981,0.5741525423728814,0.6068300522298173,0.44078947368421106,0.5555555555555555,0.22580645161290325,0.5
0.4999999999999998,0.5432098765432098,0.4166666666666665,0.25925925925925924,0.17857142857142871,0.3439490445859873,0.3199152542372881,0.23141824025713476,0.29605263157894735,0.18518518518518512,0.7903225806451615,0.6666666666666665
0.6249999999999998,0.8148148148148147,0.4166666666666665,0.05555555555555555,0.3035714285714286,0.30573248407643316,0.2309322033898305,0.11442346323825348,0.2039473684210531,0.2407407407407406,0.806451612903226,0.8333333333333333
0.15000000000000013,0.5432098765432098,0.4374999999999999,0.027777777777777776,0.2500000000000001,0.29299363057324845,0.3114406779661017,0.01992768179992055,0.664473684210527,0.33333333333333326,0.903225806451613,0.6666666666666665
0.44999999999999973,0.6419753086419754,0.2291666666666666,0.018518518518518517,0.6785714285714285,0.30573248407643316,0.3919491525423729,0.4017677782241904,0.6776315789473686,0.611111111111111,0.17741935483870974,0.33333333333333326
0.19999999999999996,0.41975308641975306,0.20833333333333323,0.08333333333333333,0.6071428571428571,0.5095541401273885,0.6207627118644068,0.3143431096826035,0.5855263157894739,0.38888888888888873,0.3870967741935485,0.5
0.125,0.5432098765432098,0.4374999999999999,0.027777777777777776,0.2500000000000001,0.29299363057324845,0.3114406779661017,0.01992768179992055,0.664473684210527,0.33333333333333326,0.903225806451613,0.6666666666666665
0.5249999999999999,1.0,1.0,0.3518518518518518,0.3035714285714286,0.3439490445859873,0.6334745762711864,0.36255524306950804,0.6250000000000004,0.40740740740740733,0.6774193548387097,0.5
0.5999999999999999,0.37037037037037035,0.33333333333333326,0.8425925925925926,1.0,0.21656050955414013,0.3877118644067797,0.8568903173965552,0.3881578947368429,0.5370370370370369,0.11290322580645151,0.33333333333333326
0.5749999999999997,0.2962962962962963,0.375,0.41666666666666663,0.3928571428571429,0.21656050955414013,0.3622881355932203,0.47119325030133297,0.3092105263157898,0.2777777777777777,0.403225806451613,0.6666666666666665
0.4999999999999998,0.1728395061728395,0.6666666666666665,0.5694444444444444,0.5178571428571428,0.9872611464968153,0.6927966101694916,0.6627561269586195,0.5723684210526323,0.9999999999999999,0.35483870967741926,0.5
0.5499999999999998,0.345679012345679,0.35416666666666663,0.3981481481481481,0.2142857142857144,0.445859872611465,0.43432203389830504,0.33234230614705496,0.3355263157894739,0.2222222222222222,0.7258064516129035,0.8333333333333333
0.3999999999999999,0.19753086419753085,0.7291666666666665,0.027777777777777776,0.6428571428571428,0.4713375796178344,0.43432203389830504,0.2230614704700713,0.4013157894736845,0.9814814814814813,0.5322580645161292,0.6666666666666665
0.4999999999999998,0.5679012345679012,0.4374999999999999,0.34259259259259256,0.23214285714285726,0.39490445859872614,0.43432203389830504,0.2912012856568893,0.4276315789473686,0.759259259259259,0.741935483870968,0.6666666666666665
0.6999999999999997,0.5432098765432098,0.5833333333333333,0.046296296296296294,1.0,0.3184713375796179,0.6673728813559322,0.4673362796303806,0.37500000000000044,0.5185185185185184,0.2903225806451615,0.33333333333333326
0.2999999999999998,0.19753086419753085,0.375,0.5277777777777778,0.2678571428571429,0.4713375796178344,0.3326271186440678,0.4441944556046664,0.45394736842105265,0.2222222222222222,0.4516129032258067,0.33333333333333326
0.5749999999999997,0.32098765432098764,0.5416666666666665,0.08796296296296295,0.4464285714285715,0.4968152866242038,0.7055084745762712,0.2680594616311822,0.6776315789473686,0.6296296296296297,0.7258064516129035,0.5
0.19999999999999996,0.32098765432098764,0.3124999999999999,0.17592592592592593,0.2142857142857144,0.445859872611465,0.5529661016949152,0.25006026516673785,0.6513157894736845,0.16666666666666663,0.5645161290322582,0.6666666666666665
0.6499999999999999,0.345679012345679,0.35416666666666663,0.37962962962962965,0.2142857142857144,0.267515923566879,0.3919491525423729,0.3850542386500635,0.23026315789473717,0.35185185185185175,0.5483870967741937,0.5
0.3999999999999999,0.1728395061728395,0.6458333333333333,0.032407407407407406,0.6785714285714285,0.7515923566878981,0.5360169491525424,0.2577742065086426,0.4802631578947376,0.8518518518518517,0.4838709677419355,0.5
0.4999999999999998,0.1728395061728395,0.6666666666666665,0.5694444444444444,0.5178571428571428,0.9872611464968153,0.6885593220338982,0.6627561269586195,0.5723684210526323,0.9999999999999999,0.35483870967741926,0.5
0.3749999999999998,0.345679012345679,0.5208333333333333,0.027777777777777776,0.375,0.3821656050955414,0.3241525423728814,0.16070711128967474,0.3355263157894739,0.9629629629629627,0.5806451612903225,0.5
0.5499999999999998,0.5432098765432098,0.375,0.04166666666666667,1.0,0.28025477707006374,0.5317796610169492,0.4069104057854602,0.3881578947368429,0.5555555555555555,0.33870967741935476,0.33333333333333326
0.44999999999999973,0.4444444444444444,0.27083333333333326,0.8124999999999999,0.625,0.267515923566879,0.5063559322033898,0.7668943350743334,0.3355263157894739,0.5185185185185184,0.19354838709677402,0.33333333333333326
0.6749999999999998,0.3950617283950617,0.45833333333333326,0.5787037037037036,0.625,0.30573248407643316,0.6800847457627118,0.7540377661711588,0.3223684210526314,0.574074074074074,0.17741935483870974,0.5
0.44999999999999973,0.1728395061728395,0.5208333333333333,0.018518518518518517,0.3928571428571429,0.5477707006369427,0.2521186440677966,0.15299316994777,0.2039473684210531,0.5185185185185184,0.596774193548387,0.5
0.47499999999999987,0.6419753086419754,0.7083333333333331,0.046296296296296294,0.4642857142857143,0.3439490445859873,0.4004237288135593,0.1947770188830873,0.5592105263157898,0.40740740740740733,0.741935483870968,0.5
0.7249999999999999,0.6666666666666666,0.7708333333333333,0.5185185185185185,1.0,0.7515923566878981,0.6927966101694916,0.6910405785456035,0.07236842105263186,0.4629629629629628,0.16129032258064524,0.33333333333333326
0.47499999999999987,0.5679012345679012,0.0,0.037037037037037035,0.4285714285714286,0.6496815286624205,0.5148305084745762,0.31820008035356295,0.414473684210527,0.40740740740740733,0.33870967741935476,0.33333333333333326
0.0,1.0,0.0,0.018518518518518517,0.08928571428571447,0.03821656050955414,0.0,0.007071112896746001,0.6513157894736845,0.2222222222222222,0.903225806451613,0.33333333333333326
0.3749999999999998,0.2962962962962963,0.18749999999999992,0.4629629629629629,0.5357142857142857,0.7006369426751593,0.5911016949152542,0.6139011651265562,0.37500000000000044,0.5925925925925924,0.19354838709677402,0.33333333333333326
0.44999999999999973,0.49382716049382724,0.29166666666666663,0.45370370370370366,0.6071428571428571,0.5477707006369427,0.722457627118644,0.6704700683005242,0.414473684210527,0.5370370370370369,0.12903225806451624,0.33333333333333326
0.9249999999999998,0.24691358024691357,0.4374999999999999,0.023148148148148154,0.23214285714285726,0.40764331210191085,0.3199152542372881,0.36062675773403896,0.032894736842105754,0.2592592592592592,0.3225806451612905,0.16666666666666663
0.4249999999999998,0.6666666666666666,0.6041666666666665,0.3148148148148148,0.375,0.22929936305732485,0.7478813559322034,0.6434712736038577,0.8750000000000004,0.4814814814814813,0.17741935483870974,0.5
0.4999999999999998,0.345679012345679,0.35416666666666663,0.027777777777777776,0.4642857142857143,0.3439490445859873,0.6885593220338982,0.25263157894737276,0.3092105263157898,0.2407407407407406,0.5161290322580645,0.33333333333333326
0.3749999999999998,0.24691358024691357,0.3124999999999999,0.1296296296296296,0.6785714285714285,0.22929936305732485,0.4216101694915254,0.4255524306950633,0.4013157894736845,0.5555555555555555,0.19354838709677402,0.5
0.44999999999999973,0.5432098765432098,0.7499999999999999,0.34259259259259256,0.4107142857142857,0.6624203821656052,0.7648305084745762,0.5457613499397453,0.4934210526315792,0.4814814814814813,0.24193548387096775,0.33333333333333326
0.3749999999999998,0.6419753086419754,0.375,0.08796296296296295,0.16071428571428586,0.4840764331210191,0.5614406779661016,0.2468461229409442,0.7171052631578951,0.7037037037037034,0.6290322580645162,0.6666666666666665
0.7249999999999999,0.5432098765432098,0.29166666666666663,0.06481481481481481,0.9464285714285714,0.3312101910828026,0.5021186440677966,0.43133788670149187,0.4013157894736845,0.7407407407407406,0.2903225806451615,0.33333333333333326
0.7249999999999999,0.5679012345679012,0.29166666666666663,0.06481481481481481,0.9642857142857142,0.3439490445859873,0.48516949152542377,0.43133788670149187,0.4013157894736845,0.7407407407407406,0.2903225806451615,0.33333333333333326
0.2250000000000001,0.45679012345679015,0.39583333333333326,0.29166666666666663,0.375,0.5605095541401274,0.5529661016949152,0.3779831257533246,0.7302631578947376,0.40740740740740733,0.4516129032258067,0.6666666666666665
0.15000000000000013,0.4320987654320988,0.4999999999999999,0.027777777777777776,0.6428571428571428,0.3439490445859873,0.43432203389830504,0.21663318601848403,0.7434210526315792,0.8148148148148148,0.5322580645161292,0.5
0.44999999999999973,0.4444444444444444,0.39583333333333326,0.4074074074074074,0.23214285714285726,0.14012738853503187,0.43008474576271183,0.34905584572117476,0.4802631578947376,0.2222222222222222,0.6612903225806452,0.5
0.0,0.22222222222222227,0.39583333333333326,0.10648148148148147,0.2678571428571429,0.25477707006369427,0.3877118644067797,0.19863398955403966,0.7565789473684217,0.2222222222222222,0.5322580645161292,0.6666666666666665
0.34999999999999987,0.2962962962962963,0.4999999999999999,0.2222222222222222,0.23214285714285726,0.24203821656050956,0.2351694915254237,0.19349136199276984,0.7302631578947376,0.35185185185185175,0.8870967741935485,0.6666666666666665
0.6749999999999998,0.49382716049382724,0.6666666666666665,0.032407407407407406,0.5178571428571428,0.11464968152866242,0.451271186440678,0.37412615508236513,0.6250000000000004,0.4259259259259258,0.370967741935484,0.33333333333333326
0.34999999999999987,0.345679012345679,0.2291666666666666,0.9351851851851851,0.3571428571428572,0.713375796178344,0.6970338983050848,0.8427480916030632,0.4013157894736845,0.574074074074074,0.16129032258064524,0.5
0.5499999999999998,0.6419753086419754,0.35416666666666663,0.44907407407407407,0.4642857142857143,0.624203821656051,0.6207627118644068,0.43133788670149187,0.36184210526315885,0.2407407407407406,0.5806451612903225,0.5
0.4249999999999998,0.2716049382716049,0.5208333333333333,0.046296296296296294,0.2500000000000001,0.4713375796178344,0.4088983050847458,0.15620731217356365,0.5328947368421058,0.8518518518518517,0.7258064516129035,0.5
0.2999999999999998,0.32098765432098764,0.4166666666666665,0.5787037037037036,0.4821428571428572,0.3312101910828026,0.4470338983050848,0.7874648453194126,0.7697368421052642,0.4259259259259258,0.09677419354838701,0.33333333333333326
0.32499999999999973,0.345679012345679,0.7708333333333333,0.05555555555555555,1.0,0.40764331210191085,0.2309322033898305,0.08292486942546873,0.5065789473684217,0.20370370370370372,0.870967741935484,0.5
0.4249999999999998,0.5925925925925926,0.8124999999999998,0.34259259259259256,0.1964285714285715,0.20382165605095542,0.2902542372881356,0.27834471675372185,0.5460526315789482,0.9999999999999999,0.7580645161290325,0.16666666666666663
0.5749999999999997,0.32098765432098764,1.0,0.046296296296296294,1.0,0.802547770700637,0.4258474576271186,0.3940538368822857,0.21710526315789558,0.5370370370370369,0.19354838709677402,0.33333333333333326
0.19999999999999996,0.4444444444444444,0.18749999999999992,0.037037037037037035,0.3392857142857144,0.20382165605095542,0.489406779661017,0.29762957010847657,0.6776315789473686,0.2407407407407406,0.35483870967741926,0.5
0.5499999999999998,0.1728395061728395,0.39583333333333326,0.6527777777777777,0.6428571428571428,0.3439490445859873,0.548728813559322,0.6948975492165559,0.2039473684210531,0.31481481481481477,0.16129032258064524,0.6666666666666665
0.6499999999999999,0.4691358024691358,0.39583333333333326,0.05555555555555555,0.4464285714285715,0.5477707006369427,0.43008474576271183,0.2134190437926904,0.28289473684210575,0.33333333333333326,0.6290322580645162,0.33333333333333326
0.4999999999999998,0.345679012345679,0.4374999999999999,0.4629629629629629,0.982142857142857,0.8280254777070064,0.739406779661017,0.6061872237846515,0.11184210526315841,0.37037037037037024,0.16129032258064524,0.5
0.34999999999999987,0.3950617283950617,0.33333333333333326,0.5509259259259259,0.7142857142857142,0.5732484076433121,0.48516949152542377,0.6730413820811592,0.6513157894736845,0.5370370370370369,0.16129032258064524,0.33333333333333326
0.3749999999999998,0.49382716049382724,0.4166666666666665,0.287037037037037,0.6428571428571428,0.4840764331210191,0.5233050847457628,0.42619525914022205,0.8223684210526323,0.685185185185185,0.4838709677419355,0.5
0.17500000000000004,0.22222222222222227,0.29166666666666663,0.10648148148148147,0.4285714285714286,0.10191082802547771,0.375,0.34198473282443587,0.6250000000000004,0.5185185185185184,0.3225806451612905,0.33333333333333326
0.4249999999999998,0.4444444444444444,0.5208333333333333,0.037037037037037035,0.4464285714285715,0.29299363057324845,0.6970338983050848,0.3246283648051502,0.6381578947368429,0.4444444444444443,0.435483870967742,0.33333333333333326
0.44999999999999973,0.4691358024691358,0.4999999999999999,0.037037037037037035,0.4821428571428572,0.28025477707006374,0.6927966101694916,0.3239855363599844,0.6381578947368429,0.4444444444444443,0.435483870967742,0.33333333333333326
0.15000000000000013,0.9382716049382716,0.12499999999999992,0.06944444444444445,0.1964285714285715,0.3439490445859873,0.4682203389830508,0.15556448372840492,0.7697368421052642,0.9999999999999999,0.870967741935484,0.8333333333333333
0.7499999999999998,0.2716049382716049,0.47916666666666663,0.3148148148148148,1.6653345369377348e-16,0.5732484076433121,0.44279661016949157,0.3644837284049842,0.24342105263157965,0.31481481481481477,0.4838709677419355,0.5
0.7499999999999998,0.2962962962962963,0.47916666666666663,0.20370370370370366,0.017857142857143016,0.3694267515923567,0.3453389830508475,0.3053435114503813,0.24342105263157965,0.31481481481481477,0.4838709677419355,0.5
0.32499999999999973,0.22222222222222227,0.39583333333333326,0.08796296296296295,0.23214285714285726,0.25477707006369427,0.3326271186440678,0.23206106870229348,0.46710526315789513,0.2777777777777777,0.5,0.6666666666666665
0.6499999999999999,0.2962962962962963,0.5416666666666665,0.2546296296296296,0.17857142857142871,0.10191082802547771,0.08686440677966101,0.3426275612695875,0.0,0.5555555555555555,0.467741935483871,0.33333333333333326
0.47499999999999987,0.7654320987654321,0.3124999999999999,0.09722222222222222,0.03571428571428592,0.25477707006369427,0.2563559322033898,0.2397750100441982,0.29605263157894735,0.2777777777777777,0.5645161290322582,0.33333333333333326
0.5249999999999999,0.7901234567901234,0.1666666666666666,0.5694444444444444,0.3214285714285715,0.7261146496815287,0.7055084745762712,0.6704700683005242,0.36184210526315885,0.4999999999999999,0.22580645161290325,0.33333333333333326
0.3749999999999998,0.3950617283950617,0.4166666666666665,0.6064814814814814,0.3571428571428572,0.6496815286624205,0.48516949152542377,0.5502611490558493,0.4802631578947376,0.29629629629629617,0.4193548387096775,0.5
0.6499999999999999,0.4691358024691358,0.45833333333333326,0.08333333333333333,0.0,0.1656050955414013,0.5233050847457628,0.24620329449578549,0.29605263157894735,0.7962962962962962,0.6451612903225807,0.16666666666666663
0.32499999999999973,0.4691358024691358,0.39583333333333326,0.42592592592592593,0.4821428571428572,0.7515923566878981,0.4470338983050848,0.5277621534752939,0.44078947368421106,0.37037037037037024,0.35483870967741926,0.5
0.050000000000000044,1.0,0.06249999999999992,0.032407407407407406,0.0,0.802547770700637,0.3411016949152542,0.018642024909603094,0.5986842105263164,0.2777777777777777,0.8870967741935485,0.33333333333333326
0.47499999999999987,0.8395061728395061,0.6249999999999999,0.5324074074074073,0.4464285714285715,0.7515923566878981,0.9682203389830509,0.6961832061068876,0.664473684210527,0.6666666666666664,0.27419354838709675,0.33333333333333326
0.4249999999999998,0.6172839506172839,0.39583333333333326,0.2546296296296296,0.053571428571428714,0.4968152866242038,0.3538135593220339,0.26420249096022985,0.5723684210526323,0.18518518518518512,0.6774193548387097,0.5
0.5249999999999999,0.6172839506172839,0.45833333333333326,0.32870370370370366,0.4464285714285715,0.3439490445859873,0.489406779661017,0.3310566492567375,0.4013157894736845,0.6481481481481478,0.6935483870967745,0.33333333333333326
0.3749999999999998,0.1728395061728395,0.4374999999999999,0.037037037037037035,0.1250000000000001,0.4585987261146497,0.3411016949152542,0.24941743672157912,0.8092105263157898,0.6481481481481478,0.5483870967741937,0.6666666666666665
0.4249999999999998,0.5925925925925926,0.7499999999999999,0.32870370370370366,0.1250000000000001,0.3694267515923567,0.3283898305084746,0.2719164323021346,0.5197368421052642,0.8888888888888885,0.7580645161290325,0.6666666666666665
0.6499999999999999,0.41975308641975306,0.4166666666666665,0.287037037037037,0.08928571428571447,0.3694267515923567,0.3961864406779661,0.40305343511450786,0.4276315789473686,0.12962962962962954,0.4516129032258067,0.5
0.6999999999999997,0.4691358024691358,0.4374999999999999,0.3981481481481481,0.053571428571428714,0.267515923566879,0.3241525423728814,0.4300522298111744,0.36184210526315885,0.12962962962962954,0.4838709677419355,0.5
0.3999999999999999,0.4691358024691358,0.7499999999999999,0.35648148148148145,0.625,0.6369426751592357,0.7478813559322034,0.5393330654881581,0.4934210526315792,0.4814814814814813,0.24193548387096775,0.33333333333333326
0.4249999999999998,0.41975308641975306,0.375,0.7777777777777777,0.8749999999999998,0.3439490445859873,0.510593220338983,0.6846122940940162,0.5197368421052642,0.4999999999999999,0.33870967741935476,0.5
0.19999999999999996,0.2716049382716049,0.45833333333333326,0.09722222222222222,0.2142857142857144,0.11464968152866242,0.3411016949152542,0.16263559662515092,0.861842105263158,0.33333333333333326,0.838709677419355,0.6666666666666665
0.6499999999999999,0.5185185185185185,0.8124999999999998,0.5648148148148148,0.3928571428571429,0.7579617834394905,0.6885593220338982,0.7051828043390955,0.28289473684210575,0.2222222222222222,0.12903225806451624,0.33333333333333326
0.3999999999999999,0.6419753086419754,0.7291666666666665,0.3518518518518518,0.4999999999999999,0.6624203821656052,0.7690677966101694,0.5399758939333097,0.4934210526315792,0.4814814814814813,0.24193548387096775,0.33333333333333326
0.44999999999999973,0.4691358024691358,0.8958333333333333,0.34722222222222215,0.5178571428571428,0.6496815286624205,0.7733050847457628,0.5380474085978406,0.4934210526315792,0.4814814814814813,0.24193548387096775,0.33333333333333326
0.44999999999999973,0.4444444444444444,0.8958333333333333,0.3518518518518518,0.5714285714285714,0.6369426751592357,0.7266949152542372,0.5335476094817295,0.46710526315789513,0.4629629629629628,0.24193548387096775,0.5
0.4249999999999998,0.4444444444444444,0.8541666666666665,0.34259259259259256,0.6428571428571428,0.5605095541401274,0.7521186440677966,0.5303334672559359,0.4934210526315792,0.4629629629629628,0.24193548387096775,0.33333333333333326
0.4999999999999998,0.41975308641975306,0.4374999999999999,0.5185185185185185,0.4999999999999999,0.6496815286624205,0.48093220338983056,0.5226195259140312,0.29605263157894735,0.6666666666666664,0.3870967741935485,0.5
0.3749999999999998,0.5925925925925926,0.35416666666666663,0.5277777777777778,0.6071428571428571,0.7770700636942676,0.6377118644067796,0.5779027721976817,0.44078947368421106,0.611111111111111,0.306451612903226,0.5
0.17500000000000004,0.3950617283950617,0.7499999999999999,0.050925925925925916,0.5535714285714285,0.25477707006369427,0.3961864406779661,0.32977099236642005,0.5460526315789482,0.4814814814814813,0.3225806451612905,0.33333333333333326
0.44999999999999973,0.12345679012345678,0.4166666666666665,0.6157407407407407,0.7321428571428571,0.39490445859872614,0.3199152542372881,0.6370429891522846,0.4802631578947376,0.31481481481481477,0.22580645161290325,0.5
0.5499999999999998,0.7654320987654321,0.24999999999999992,0.4675925925925925,1.0,0.14012738853503187,0.3029661016949152,0.6081157091201348,0.29605263157894735,0.4629629629629628,0.20967741935483875,0.33333333333333326
0.7749999999999999,0.32098765432098764,0.6249999999999999,0.06481481481481481,0.75,0.24203821656050956,0.5021186440677966,0.298915226998794,0.3223684210526314,0.5555555555555555,0.467741935483871,0.33333333333333326
0.5499999999999998,0.5432098765432098,0.39583333333333326,0.07407407407407408,0.4821428571428572,0.24203821656050956,0.6673728813559322,0.29248694254720675,0.5197368421052642,0.6481481481481478,0.5483870967741937,0.33333333333333326
0.8249999999999997,0.2962962962962963,0.4374999999999999,0.032407407407407406,0.375,0.06369426751592358,0.125,0.34134190437927003,0.24342105263157965,0.9444444444444441,0.370967741935484,0.33333333333333326
0.875,0.24691358024691357,0.4374999999999999,0.023148148148148154,0.3214285714285715,0.22929936305732485,0.15889830508474576,0.2558457211731664,0.28289473684210575,0.5370370370370369,0.4838709677419355,0.5
0.5999999999999999,0.22222222222222227,0.5208333333333333,0.2685185185185185,0.4821428571428572,0.178343949044586,0.3877118644067797,0.3644837284049842,0.24342105263157965,0.33333333333333326,0.4516129032258067,0.5
0.4999999999999998,0.32098765432098764,1.0,0.2685185185185185,0.4642857142857143,0.06369426751592358,0.3961864406779661,0.4159100040176824,0.2039473684210531,0.685185185185185,0.35483870967741926,0.33333333333333326
0.5249999999999999,0.32098765432098764,1.0,0.26388888888888884,0.4821428571428572,0.06369426751592358,0.3792372881355932,0.4159100040176824,0.2039473684210531,0.685185185185185,0.35483870967741926,0.5
0.4999999999999998,0.4444444444444444,0.5208333333333333,0.6712962962962963,0.8035714285714284,0.5095541401273885,0.6038135593220338,0.6389714744877537,0.5723684210526323,0.5555555555555555,0.403225806451613,0.0
0.5999999999999999,0.49382716049382724,0.6041666666666665,0.06481481481481481,0.6607142857142856,0.267515923566879,0.5783898305084746,0.2629168340699053,0.4276315789473686,0.5555555555555555,0.5,0.33333333333333326
0.6499999999999999,0.6419753086419754,0.39583333333333326,0.5324074074074073,0.6071428571428571,0.3694267515923567,0.548728813559322,0.6209722780233093,0.5460526315789482,0.4999999999999999,0.370967741935484,0.33333333333333326
0.3749999999999998,0.8641975308641974,0.47916666666666663,0.37962962962962965,0.4821428571428572,0.20382165605095542,0.3665254237288136,0.2963439132181662,0.6250000000000004,0.20370370370370372,0.7903225806451615,0.6666666666666665
0.4999999999999998,0.8148148148148147,0.4374999999999999,0.37962962962962965,0.5357142857142857,0.3312101910828026,0.47245762711864403,0.5264764965849764,0.414473684210527,0.685185185185185,0.306451612903226,0.33333333333333326
0.3749999999999998,0.7901234567901234,0.3124999999999999,0.20833333333333331,0.375,0.5222929936305732,0.47245762711864403,0.3053435114503813,0.5723684210526323,0.40740740740740733,0.5322580645161292,0.5
0.07499999999999996,0.6666666666666666,0.35416666666666663,0.287037037037037,0.3392857142857144,0.43312101910828027,0.4258474576271186,0.30662916834069875,0.7565789473684217,0.33333333333333326,0.5645161290322582,0.5
0.3749999999999998,0.5432098765432098,0.2291666666666666,0.14351851851851855,0.4285714285714286,0.40764331210191085,0.47669491525423724,0.28734431498594404,0.2565789473684217,0.29629629629629617,0.435483870967742,0.33333333333333326
0.5249999999999999,0.49382716049382724,0.39583333333333326,0.537037037037037,0.4821428571428572,0.6369426751592357,0.5063559322033898,0.5213338690237066,0.29605263157894735,0.6296296296296297,0.3870967741935485,0.5
0.5499999999999998,0.6172839506172839,0.39583333333333326,0.2361111111111111,0.3214285714285715,0.4713375796178344,0.7817796610169492,0.298915226998794,0.4802631578947376,0.7777777777777776,0.7258064516129035,0.5
0.47499999999999987,0.4444444444444444,0.8333333333333333,0.34722222222222215,0.6607142857142856,0.5859872611464969,0.7521186440677966,0.5444756930494279,0.5065789473684217,0.4814814814814813,0.24193548387096775,0.33333333333333326
0.6249999999999998,0.3950617283950617,0.4374999999999999,0.08796296296296295,0.4821428571428572,0.3694267515923567,0.3580508474576271,0.2564885496183251,0.3223684210526314,0.6296296296296297,0.5322580645161292,0.6666666666666665
0.47499999999999987,0.9382716049382716,0.24999999999999992,0.15740740740740738,0.3392857142857144,0.12738853503184716,0.2902542372881356,0.19606267577340475,0.5986842105263164,0.5925925925925924,0.806451612903226,0.5
0.07499999999999996,0.37037037037037035,0.18749999999999992,0.018518518518518517,0.6785714285714285,0.14012738853503187,0.336864406779661,0.1574929690638811,0.5460526315789482,0.31481481481481477,0.5645161290322582,0.33333333333333326
0.5749999999999997,0.8888888888888888,0.29166666666666663,0.2407407407407407,0.3571428571428572,0.28025477707006374,0.3411016949152542,0.2256327842506991,0.45394736842105265,0.6481481481481478,0.838709677419355,0.6666666666666665
0.0,0.4444444444444444,0.29166666666666663,0.4629629629629629,0.3392857142857144,0.267515923566879,0.3877118644067797,0.3619124146243493,0.861842105263158,0.11111111111111116,0.5645161290322582,0.6666666666666665
0.4999999999999998,0.5679012345679012,0.20833333333333323,0.13425925925925924,1.0,0.356687898089172,0.4682203389830508,0.3786259541984762,0.032894736842105754,0.40740740740740733,0.25806451612903225,0.33333333333333326
0.5499999999999998,0.1728395061728395,0.4166666666666665,0.7314814814814814,0.7678571428571428,0.5477707006369427,0.3834745762711864,0.6871836078746512,0.45394736842105265,0.2777777777777777,0.27419354838709675,0.5
0.4249999999999998,0.8148148148148147,0.27083333333333326,0.19444444444444442,0.6607142857142856,0.5987261146496816,0.5190677966101694,0.4814785054238726,0.44078947368421106,0.7407407407407406,0.19354838709677402,0.33333333333333326
0.34999999999999987,0.5679012345679012,0.29166666666666663,0.12499999999999999,0.6607142857142856,0.40764331210191085,0.3961864406779661,0.46155082362395206,0.46710526315789513,0.4814814814814813,0.06451612903225823,0.33333333333333326
0.7999999999999998,0.4691358024691358,0.4999999999999999,0.027777777777777776,0.625,0.4968152866242038,0.3538135593220339,0.18706307754118257,0.2565789473684217,0.4259259259259258,0.709677419354839,0.5
0.47499999999999987,0.7160493827160493,0.33333333333333326,0.08796296296296295,0.23214285714285726,0.28025477707006374,0.2733050847457627,0.24363198071515058,0.44078947368421106,0.2592592592592592,0.596774193548387,0.5
0.44999999999999973,0.32098765432098764,0.8541666666666665,0.37499999999999994,0.375,0.4968152866242038,0.7266949152542372,0.37476898352753096,0.2039473684210531,0.6296296296296297,0.4838709677419355,0.5
0.6749999999999998,0.4444444444444444,0.45833333333333326,0.046296296296296294,0.3035714285714286,0.43312101910828027,0.3792372881355932,0.21406187223784912,0.21710526315789558,0.38888888888888873,0.6290322580645162,0.5
0.6749999999999998,0.6419753086419754,0.39583333333333326,0.15740740740740738,0.23214285714285726,0.5605095541401274,0.3411016949152542,0.15877862595419856,0.5197368421052642,0.5185185185185184,0.838709677419355,0.6666666666666665
0.3999999999999999,0.5925925925925926,0.29166666666666663,0.7222222222222221,0.7142857142857142,0.43312101910828027,0.663135593220339,0.7386098834873494,0.5986842105263164,0.5925925925925924,0.17741935483870974,0.33333333333333326
0.47499999999999987,0.3950617283950617,0.47916666666666663,0.38888888888888884,0.14285714285714296,0.22929936305732485,0.3792372881355932,0.3541984732824446,0.7039473684210527,0.2407407407407406,0.741935483870968,0.5
0.5749999999999997,0.7654320987654321,1.0,0.037037037037037035,1.0,0.267515923566879,0.298728813559322,0.3220570510245082,0.4802631578947376,0.4444444444444443,0.403225806451613,0.5
0.8499999999999996,0.5679012345679012,0.7083333333333331,0.2962962962962963,0.5714285714285714,0.20382165605095542,0.2860169491525424,0.5894736842105388,0.5592105263157898,0.7777777777777776,0.4193548387096775,0.33333333333333326
0.27500000000000013,0.22222222222222227,0.4166666666666665,0.11574074074074074,0.2678571428571429,0.3821656050955414,0.43855932203389825,0.12985134592205583,0.7960526315789482,0.20370370370370372,0.9193548387096775,0.6666666666666665
0.27500000000000013,0.2962962962962963,0.29166666666666663,0.04166666666666667,0.3928571428571429,0.4585987261146497,0.3114406779661017,0.19927681799919839,0.7302631578947376,0.4999999999999999,0.6451612903225807,0.5
0.44999999999999973,0.5925925925925926,0.35416666666666663,0.18518518518518517,0.2857142857142858,0.30573248407643316,0.4258474576271186,0.31305745279228603,0.7828947368421058,0.9444444444444441,0.7258064516129035,0.6666666666666665
0.27500000000000013,0.09876543209876543,0.375,0.19444444444444442,0.2678571428571429,0.4840764331210191,0.3834745762711864,0.3310566492567375,0.9802631578947376,0.8518518518518517,0.6612903225806452,0.5
0.27500000000000013,0.24691358024691357,0.4166666666666665,0.18518518518518517,0.3035714285714286,0.8407643312101911,0.4978813559322034,0.28798714343109566,0.5328947368421058,0.29629629629629617,0.5322580645161292,0.5
0.15000000000000013,0.22222222222222227,0.375,0.09722222222222222,0.6071428571428571,0.3312101910828026,0.3580508474576271,0.32977099236642005,0.861842105263158,0.611111111111111,0.370967741935484,0.5
0.32499999999999973,0.32098765432098764,0.4374999999999999,0.26388888888888884,0.4285714285714286,0.5732484076433121,0.4936440677966102,0.22948975492165857,0.6118421052631589,0.16666666666666663,0.7580645161290325,0.5
0.6249999999999998,0.41975308641975306,0.35416666666666663,0.3055555555555555,0.5892857142857143,0.6369426751592357,0.7944915254237288,0.5631177179590239,0.414473684210527,0.2777777777777777,0.19354838709677402,0.33333333333333326
0.34999999999999987,0.345679012345679,0.4374999999999999,0.5462962962962963,0.6964285714285714,1.0,0.5614406779661016,0.6537565287264115,0.3881578947368429,0.4629629629629628,0.24193548387096775,0.5
0.4249999999999998,0.4691358024691358,0.20833333333333323,0.27777777777777773,0.5357142857142857,1.0,0.6588983050847458,0.4197669746886348,0.46710526315789513,0.2222222222222222,0.33870967741935476,0.5
0.44999999999999973,0.7654320987654321,0.27083333333333326,0.15740740740740738,0.4107142857142857,0.1910828025477707,0.3326271186440678,0.1973483326637222,0.5855263157894739,0.574074074074074,0.806451612903226,0.6666666666666665
0.2999999999999998,0.5679012345679012,0.6041666666666665,0.19444444444444442,0.4464285714285715,0.4968152866242038,0.3453389830508475,0.16520691040578583,0.5723684210526323,0.6296296296296297,0.8225806451612905,0.5
0.8999999999999999,0.37037037037037035,0.47916666666666663,0.032407407407407406,0.5892857142857143,0.7261146496815287,0.3961864406779661,0.3002008838891186,0.3881578947368429,0.611111111111111,0.4838709677419355,0.5
0.2999999999999998,0.345679012345679,0.33333333333333326,0.48611111111111105,0.7321428571428571,1.0,0.6673728813559322,0.5779027721976817,0.36184210526315885,0.2592592592592592,0.22580645161290325,0.5
0.32499999999999973,0.37037037037037035,0.375,0.42592592592592593,0.7142857142857142,0.9171974522292994,0.48516949152542377,0.5290478103656113,0.46710526315789513,0.33333333333333326,0.35483870967741926,0.5
0.6249999999999998,0.691358024691358,0.9375,0.5879629629629629,0.6964285714285714,0.7770700636942676,0.7351694915254238,0.7411811972679843,0.3355263157894739,0.4999999999999999,0.09677419354838701,0.16666666666666663
0.6999999999999997,0.7160493827160493,0.8749999999999998,0.5138888888888888,1.0,0.713375796178344,0.684322033898305,0.6846122940940162,0.13815789473684248,0.5370370370370369,0.16129032258064524,0.33333333333333326
0.47499999999999987,0.4444444444444444,0.8749999999999998,0.34259259259259256,0.8392857142857142,0.6114649681528663,0.739406779661017,0.5361189232623573,0.4276315789473686,0.5185185185185184,0.25806451612903225,0.33333333333333326
0.6499999999999999,0.345679012345679,0.375,0.046296296296296294,0.75,0.5477707006369427,0.3326271186440678,0.3779831257533246,0.6381578947368429,0.40740740740740733,0.306451612903226,0.6666666666666665
0.32499999999999973,0.345679012345679,0.39583333333333326,0.7384259259259259,0.7857142857142856,0.6624203821656052,0.489406779661017,0.6132583366814046,0.5197368421052642,0.29629629629629617,0.403225806451613,0.33333333333333326
0.5749999999999997,0.49382716049382724,0.45833333333333326,0.04166666666666667,0.6785714285714285,0.22929936305732485,0.3326271186440678,0.2301325833668173,0.45394736842105265,0.5185185185185184,0.5483870967741937,0.33333333333333326
0.4249999999999998,0.6666666666666666,0.45833333333333326,0.44444444444444436,0.9642857142857142,0.713375796178344,0.6377118644067796,0.6306147047006974,0.4934210526315792,0.4999999999999999,0.22580645161290325,0.33333333333333326
0.4999999999999998,1.0,0.2291666666666666,0.27777777777777773,0.6964285714285714,0.29299363057324845,0.1927966101694915,0.3940538368822857,0.414473684210527,0.11111111111111116,0.5,0.16666666666666663
0.2999999999999998,0.49382716049382724,0.3124999999999999,0.7962962962962963,0.5714285714285714,0.5095541401273885,0.3877118644067797,0.7617517075130635,0.3881578947368429,0.4259259259259258,0.14516129032258074,0.5
0.5749999999999997,0.2962962962962963,0.5833333333333333,0.04166666666666667,0.6071428571428571,0.3312101910828026,0.4639830508474576,0.3310566492567375,0.45394736842105265,0.5555555555555555,0.4516129032258067,0.33333333333333326
0.4999999999999998,0.6172839506172839,0.45833333333333326,0.3148148148148148,0.5357142857142857,0.40764331210191085,0.5233050847457628,0.3310566492567375,0.3355263157894739,0.611111111111111,0.6774193548387097,0.5
0.5999999999999999,0.3950617283950617,0.5624999999999999,0.06481481481481481,0.2500000000000001,0.24203821656050956,0.1843220338983051,0.2346323824829284,0.4276315789473686,0.759259259259259,0.7258064516129035,0.5
0.34999999999999987,0.4691358024691358,0.35416666666666663,0.5324074074074073,0.5535714285714285,0.5222929936305732,0.4555084745762712,0.5136199276818019,0.46710526315789513,0.2777777777777777,0.4516129032258067,0.5
0.3999999999999999,0.7407407407407407,0.35416666666666663,0.3518518518518518,0.4999999999999999,0.3312101910828026,0.3326271186440678,0.3361992768180002,0.24342105263157965,0.16666666666666663,0.5483870967741937,0.5
0.2999999999999998,0.32098765432098764,0.4374999999999999,0.37499999999999994,0.375,0.5732484076433121,0.4555084745762712,0.4223382884692697,0.4934210526315792,0.31481481481481477,0.4193548387096775,0.33333333333333326
0.5499999999999998,0.6419753086419754,0.020833333333333287,0.13425925925925924,0.5178571428571428,0.1910828025477707,0.1843220338983051,0.42362394535958714,0.2697368421052633,0.31481481481481477,0.19354838709677402,0.33333333333333326
0.27500000000000013,0.8765432098765431,0.1458333333333333,0.2685185185185185,0.2857142857142858,0.24203821656050956,0.48516949152542377,0.28284451586983295,0.5723684210526323,0.4444444444444443,0.6774193548387097,0.5
0.5499999999999998,0.41975308641975306,0.4999999999999999,0.06944444444444445,0.10714285714285732,0.1910828025477707,0.23940677966101692,0.19927681799919839,0.5986842105263164,0.4259259259259258,0.6935483870967745,0.5
0.47499999999999987,0.4444444444444444,0.4166666666666665,0.32870370370370366,0.4107142857142857,0.4840764331210191,0.6758474576271186,0.4936922458818813,0.5592105263157898,0.6296296296296297,0.3870967741935485,0.5
0.5499999999999998,0.3950617283950617,0.4374999999999999,0.5416666666666666,0.3571428571428572,0.89171974522293,0.646186440677966,0.5329047810365637,0.24342105263157965,0.6481481481481478,0.3870967741935485,0.5
0.9249999999999998,0.37037037037037035,0.5208333333333333,0.032407407407407406,0.3571428571428572,0.6624203821656052,0.3834745762711864,0.298915226998794,0.3486842105263164,0.611111111111111,0.4838709677419355,0.6666666666666665
0.0,1.0,0.06249999999999992,0.023148148148148154,0.0,0.025477707006369428,0.0,0.34391321815990494,0.6776315789473686,0.2592592592592592,0.8870967741935485,0.16666666666666663
0.32499999999999973,0.345679012345679,0.6041666666666665,0.10185185185185185,1.0,0.12738853503184716,0.1927966101694915,0.2372036962635633,0.19078947368421106,0.7777777777777776,0.5483870967741937,0.5
0.25,0.4691358024691358,0.35416666666666663,0.13425925925925924,0.9999999999999998,0.30573248407643316,0.2097457627118644,0.18192044997991275,0.3881578947368429,0.29629629629629617,0.5645161290322582,0.5
0.050000000000000044,0.9259259259259258,0.18749999999999992,0.060185185185185175,0.375,0.39490445859872614,0.3665254237288136,0.02249899558055546,0.5328947368421058,0.9999999999999999,0.967741935483871,0.6666666666666665
0.4249999999999998,0.6172839506172839,0.4374999999999999,0.14814814814814814,0.375,0.40764331210191085,0.2902542372881356,0.20377661711530948,0.5855263157894739,0.759259259259259,0.7258064516129035,0.6666666666666665
0.47499999999999987,0.5679012345679012,0.4374999999999999,0.08333333333333333,0.4107142857142857,0.356687898089172,0.2690677966101695,0.10028123744476147,0.37500000000000044,0.2592592592592592,0.774193548387097,0.6666666666666665
0.34999999999999987,0.7654320987654321,0.3124999999999999,0.19444444444444442,0.3928571428571429,0.5477707006369427,0.5021186440677966,0.29762957010847657,0.5592105263157898,0.38888888888888873,0.5161290322580645,0.6666666666666665
0.5749999999999997,0.7160493827160493,0.4374999999999999,0.25925925925925924,0.4464285714285715,0.5987261146496816,0.5063559322033898,0.19927681799919839,0.4802631578947376,0.09259259259259256,0.903225806451613,0.5
0.5999999999999999,0.37037037037037035,1.0,0.032407407407407406,1.0,0.8662420382165605,0.3792372881355932,0.38119726797911113,0.164473684210527,0.37037037037037024,0.19354838709677402,0.5
0.5999999999999999,0.41975308641975306,0.47916666666666663,0.04166666666666667,0.6964285714285714,0.28025477707006374,0.3622881355932203,0.284773001205302,0.4802631578947376,0.4814814814814813,0.5,0.5
0.0,0.9259259259259258,0.18749999999999992,0.060185185185185175,0.375,0.39490445859872614,0.3665254237288136,0.02249899558055546,0.5328947368421058,0.9999999999999999,0.967741935483871,0.6666666666666665
0.34999999999999987,0.49382716049382724,0.8749999999999998,0.33796296296296297,0.7321428571428571,0.5987261146496816,0.7902542372881356,0.5457613499397453,0.4934210526315792,0.5555555555555555,0.22580645161290325,0.33333333333333326
0.3999999999999999,0.6666666666666666,0.39583333333333326,0.046296296296296294,0.3928571428571429,0.3694267515923567,0.3961864406779661,0.04371233427078636,0.414473684210527,0.33333333333333326,1.0,0.6666666666666665
0.44999999999999973,0.5679012345679012,0.39583333333333326,0.037037037037037035,0.3571428571428572,0.3312101910828026,0.3707627118644068,0.08035355564484092,0.2565789473684217,0.33333333333333326,0.838709677419355,0.5
0.6499999999999999,0.41975308641975306,0.5833333333333333,0.09259259259259259,0.625,0.28025477707006374,0.47669491525423724,0.2744877460827695,0.3092105263157898,0.574074074074074,0.5161290322580645,0.5
0.6249999999999998,0.691358024691358,0.5208333333333333,0.6574074074074074,0.75,0.5605095541401274,0.6504237288135594,0.6685415829650552,0.44078947368421106,0.6481481481481478,0.35483870967741926,0.33333333333333326
0.9499999999999997,0.5679012345679012,0.4374999999999999,0.013888888888888888,0.5357142857142857,0.178343949044586,0.3792372881355932,0.3458417034953811,0.19078947368421106,0.31481481481481477,0.33870967741935476,0.33333333333333326
0.9499999999999997,0.345679012345679,0.4999999999999999,0.027777777777777776,0.2857142857142858,0.4585987261146497,0.3199152542372881,0.33941341904379385,0.032894736842105754,0.16666666666666663,0.370967741935484,0.33333333333333326
0.5249999999999999,0.1481481481481482,0.4166666666666665,0.4305555555555555,0.7321428571428571,0.356687898089172,0.3029661016949152,0.5149055845721264,0.5065789473684217,0.20370370370370372,0.306451612903226,0.5
0.4249999999999998,0.345679012345679,0.45833333333333326,0.1527777777777778,0.5535714285714285,0.1910828025477707,0.3665254237288136,0.2487746082764204,0.45394736842105265,0.16666666666666663,0.5645161290322582,0.33333333333333326
0.44999999999999973,0.5925925925925926,0.7916666666666665,0.6944444444444444,0.857142857142857,0.3184713375796179,0.6504237288135594,0.7463238248292541,0.4934210526315792,0.6296296296296297,0.16129032258064524,0.33333333333333326
0.32499999999999973,0.49382716049382724,0.35416666666666663,0.04166666666666667,0.2678571428571429,0.29299363057324845,0.3453389830508475,0.11763760546404711,0.29605263157894735,0.35185185185185175,0.6612903225806452,0.5
0.34999999999999987,0.5432098765432098,0.39583333333333326,0.046296296296296294,0.375,0.3312101910828026,0.3665254237288136,0.07296102852551911,0.44078947368421106,0.35185185185185175,0.8548387096774195,0.5
0.5249999999999999,0.345679012345679,0.39583333333333326,0.3333333333333333,0.625,0.5222929936305732,0.4088983050847458,0.39533949377260313,0.5460526315789482,0.7037037037037034,0.5645161290322582,0.8333333333333333
0.9749999999999996,0.5679012345679012,0.24999999999999992,0.23148148148148145,0.4285714285714286,0.3312101910828026,0.20127118644067798,0.3966251506629277,0.2039473684210531,0.5555555555555555,0.4838709677419355,0.16666666666666663
0.6249999999999998,0.4691358024691358,0.4374999999999999,0.032407407407407406,0.4464285714285715,0.30573248407643316,0.2733050847457627,0.3284853354760955,0.6250000000000004,0.574074074074074,0.435483870967742,0.5
0.5499999999999998,0.9382716049382716,0.2291666666666666,0.7453703703703702,0.5535714285714285,0.6114649681528663,0.6970338983050848,0.763037364403381,0.36184210526315885,0.6296296296296297,0.22580645161290325,0.33333333333333326
0.2250000000000001,0.37037037037037035,0.33333333333333326,0.34027777777777773,0.4821428571428572,0.178343949044586,0.375,0.4981920449979924,0.8355263157894739,0.722222222222222,0.370967741935484,0.5
0.4249999999999998,0.691358024691358,0.5624999999999999,0.2824074074074074,1.0,0.6305732484076434,0.5572033898305084,0.5251908396946661,0.4802631578947376,0.37037037037037024,0.20967741935483875,0.33333333333333326
0.8499999999999996,0.24691358024691357,0.6041666666666665,0.023148148148148154,0.4464285714285715,0.4968152866242038,0.3072033898305085,0.2256327842506991,0.09868421052631593,0.7037037037037034,0.6451612903225807,0.5
0.34999999999999987,0.4691358024691358,0.47916666666666663,0.26388888888888884,0.5892857142857143,0.5732484076433121,0.5911016949152542,0.36705504218562623,0.5328947368421058,0.7037037037037034,0.4838709677419355,0.5
0.5249999999999999,0.7901234567901234,0.5833333333333333,0.38425925925925924,0.6785714285714285,0.43312101910828027,0.5444915254237288,0.5714744877460944,0.46710526315789513,0.5185185185185184,0.20967741935483875,0.33333333333333326
0.025000000000000133,0.6543209876543209,0.5208333333333333,0.018518518518518517,0.9464285714285714,0.3821656050955414,0.5233050847457628,0.2744877460827695,0.5723684210526323,0.33333333333333326,0.33870967741935476,0.33333333333333326
0.5999999999999999,0.37037037037037035,0.6249999999999999,0.04166666666666667,0.6785714285714285,0.30573248407643316,0.3665254237288136,0.29248694254720675,0.4934210526315792,0.4629629629629628,0.5,0.5
0.3999999999999999,0.2962962962962963,0.12499999999999992,0.27777777777777773,0.5535714285714285,0.30573248407643316,0.3961864406779661,0.4480514262756188,0.24342105263157965,0.6666666666666664,0.306451612903226,0.5
0.32499999999999973,0.4691358024691358,0.47916666666666663,0.25925925925925924,0.5892857142857143,0.5732484076433121,0.5995762711864406,0.3664122137404604,0.5460526315789482,0.7037037037037034,0.4838709677419355,0.5
0.2999999999999998,0.5432098765432098,0.4999999999999999,0.06944444444444445,0.4821428571428572,0.3694267515923567,0.4555084745762712,0.16263559662515092,0.6776315789473686,0.37037037037037024,0.7258064516129035,0.5
0.32499999999999973,0.5432098765432098,0.47916666666666663,0.07407407407407408,0.4821428571428572,0.4968152866242038,0.5190677966101694,0.1549216552832462,0.664473684210527,0.40740740740740733,0.7580645161290325,0.6666666666666665
0.2250000000000001,0.1481481481481482,0.4374999999999999,0.2222222222222222,0.5357142857142857,0.30573248407643316,0.3622881355932203,0.48726396143029405,0.6776315789473686,0.4259259259259258,0.20967741935483875,0.33333333333333326
0.3749999999999998,0.6172839506172839,0.2291666666666666,0.8009259259259258,0.9107142857142856,0.43312101910828027,0.5995762711864406,0.7707513057452857,0.44078947368421106,0.5370370370370369,0.12903225806451624,0.33333333333333326
0.5499999999999998,0.19753086419753085,0.4374999999999999,0.09259259259259259,0.4999999999999999,0.40764331210191085,0.298728813559322,0.2159903575733253,0.09868421052631593,0.4629629629629628,0.5161290322580645,0.5
0.8999999999999999,0.345679012345679,0.4374999999999999,0.032407407407407406,0.4107142857142857,0.5477707006369427,0.43432203389830504,0.3002008838891186,0.4276315789473686,0.5925925925925924,0.4516129032258067,0.6666666666666665
0.15000000000000013,0.3950617283950617,0.18749999999999992,0.07870370370370369,0.625,0.25477707006369427,0.5317796610169492,0.3188429087987217,0.5723684210526323,0.4444444444444443,0.370967741935484,0.33333333333333326
0.7249999999999999,0.5679012345679012,0.5624999999999999,0.17129629629629628,0.1964285714285715,0.1656050955414013,0.2860169491525424,0.28348734431498457,0.4013157894736845,0.4814814814814813,0.6451612903225807,0.33333333333333326
0.19999999999999996,0.25925925925925924,0.20833333333333323,0.3009259259259259,0.5892857142857143,0.43312101910828027,0.3834745762711864,0.4673362796303806,0.5986842105263164,0.35185185185185175,0.24193548387096775,0.5
0.44999999999999973,0.8641975308641974,0.3124999999999999,0.5231481481481481,0.4464285714285715,0.6624203821656052,0.5911016949152542,0.5856167135395864,0.44078947368421106,0.5925925925925924,0.2903225806451615,0.5
0.6999999999999997,0.7654320987654321,0.7708333333333333,0.5138888888888888,1.0,0.6751592356687899,0.6377118644067796,0.6826838087585472,0.13815789473684248,0.5370370370370369,0.16129032258064524,0.33333333333333326
0.5999999999999999,1.0,0.375,0.2407407407407407,0.3035714285714286,0.4840764331210191,0.4173728813559322,0.24234632382483312,0.4802631578947376,0.574074074074074,0.806451612903226,0.6666666666666665
0.2999999999999998,0.6419753086419754,0.47916666666666663,0.14814814814814814,0.5178571428571428,0.14012738853503187,0.4088983050847458,0.25520289272800056,0.7697368421052642,0.40740740740740733,0.6129032258064517,0.6666666666666665
0.6749999999999998,0.6666666666666666,0.8124999999999998,0.5462962962962963,0.7321428571428571,0.7515923566878981,0.6652542372881356,0.701968662113309,0.21710526315789558,0.5555555555555555,0.12903225806451624,0.33333333333333326
0.6249999999999998,0.7407407407407407,0.29166666666666663,0.27314814814814814,0.625,0.20382165605095542,0.3495762711864407,0.38119726797911113,0.3881578947368429,0.611111111111111,0.5161290322580645,0.16666666666666663
0.15000000000000013,0.25925925925925924,0.20833333333333323,0.3009259259259259,0.5892857142857143,0.43312101910828027,0.3834745762711864,0.4673362796303806,0.5986842105263164,0.35185185185185175,0.24193548387096775,0.5
0.3749999999999998,0.4691358024691358,0.8749999999999998,0.324074074074074,0.6071428571428571,0.42038216560509556,0.7648305084745762,0.5380474085978406,0.46710526315789513,0.5925925925925924,0.22580645161290325,0.16666666666666663
0.4249999999999998,0.5185185185185185,0.8958333333333333,0.33796296296296297,0.6071428571428571,0.42038216560509556,0.7309322033898306,0.5399758939333097,0.46710526315789513,0.5370370370370369,0.24193548387096775,0.5
0.3999999999999999,0.22222222222222227,0.4374999999999999,0.10185185185185185,0.3392857142857144,0.39490445859872614,0.4470338983050848,0.28348734431498457,0.29605263157894735,0.4999999999999999,0.3870967741935485,0.5
0.47499999999999987,0.24691358024691357,0.45833333333333326,0.4629629629629629,0.3571428571428572,0.5095541401273885,0.5233050847457628,0.5534752912816501,0.36184210526315885,0.4999999999999999,0.2903225806451615,0.6666666666666665
0.4999999999999998,0.7160493827160493,1.0,0.04166666666666667,1.0,0.178343949044586,0.3326271186440678,0.3426275612695875,0.3355263157894739,0.6296296296296297,0.370967741935484,0.5
0.32499999999999973,0.3950617283950617,0.35416666666666663,0.050925925925925916,0.3214285714285715,0.7515923566878981,0.48516949152542377,0.20506227400562693,0.5065789473684217,0.9999999999999999,0.6290322580645162,0.6666666666666665
0.5499999999999998,0.5925925925925926,0.4166666666666665,0.324074074074074,0.17857142857142871,0.42038216560509556,0.44279661016949157,0.28991562876657184,0.45394736842105265,0.7962962962962962,0.774193548387097,0.6666666666666665
0.5249999999999999,0.4691358024691358,0.33333333333333326,0.3194444444444444,0.2678571428571429,0.20382165605095542,0.413135593220339,0.2603455202892775,0.37500000000000044,0.29629629629629617,0.806451612903226,0.5
0.4249999999999998,0.5185185185185185,0.9166666666666665,0.050925925925925916,0.4464285714285715,0.4968152866242038,0.7309322033898306,0.32719967858577803,0.5986842105263164,0.685185185185185,0.3870967741935485,0.6666666666666665
0.4249999999999998,0.5185185185185185,0.8958333333333333,0.050925925925925916,0.3392857142857144,0.4968152866242038,0.7351694915254238,0.3291281639212542,0.5855263157894739,0.685185185185185,0.3870967741935485,0.5
0.32499999999999973,0.345679012345679,0.33333333333333326,0.5324074074074073,0.3571428571428572,0.6624203821656052,0.489406779661017,0.4949779027721988,0.5328947368421058,0.33333333333333326,0.435483870967742,0.33333333333333326
0.3749999999999998,0.345679012345679,0.375,0.18055555555555552,0.375,1.0,0.5826271186440678,0.3657693852953017,0.3223684210526314,0.9999999999999997,0.435483870967742,0.6666666666666665
0.19999999999999996,0.37037037037037035,0.33333333333333326,0.34259259259259256,0.4999999999999999,0.3694267515923567,0.3453389830508475,0.46155082362395206,0.5065789473684217,0.37037037037037024,0.3870967741935485,0.5
0.4999999999999998,0.07407407407407407,0.375,0.3703703703703703,0.5178571428571428,0.5477707006369427,0.3580508474576271,0.47762153475292024,0.5197368421052642,0.2777777777777777,0.306451612903226,0.5
0.6249999999999998,0.37037037037037035,0.6666666666666665,0.648148148148148,0.5892857142857143,0.9044585987261147,0.8622881355932204,0.7405383688228326,0.46710526315789513,0.9074074074074071,0.22580645161290325,0.5
0.32499999999999973,0.2962962962962963,0.1666666666666666,0.046296296296296294,0.5892857142857143,0.5605095541401274,0.4639830508474576,0.25006026516673785,0.6513157894736845,0.38888888888888873,0.5483870967741937,0.5
0.5249999999999999,0.2962962962962963,0.6666666666666665,0.023148148148148154,0.8035714285714284,0.43312101910828027,0.3580508474576271,0.3895540377661746,0.24342105263157965,0.31481481481481477,0.19354838709677402,0.33333333333333326
0.47499999999999987,0.2716049382716049,0.47916666666666663,0.14351851851851855,0.4642857142857143,0.30573248407643316,0.23940677966101692,0.29698674166332495,0.12500000000000044,0.6481481481481478,0.403225806451613,0.6666666666666665
0.47499999999999987,0.49382716049382724,0.5208333333333333,0.38425925925925924,0.5892857142857143,0.3821656050955414,0.3877118644067797,0.47826436319807897,0.5855263157894739,0.5925925925925924,0.4838709677419355,0.6666666666666665
0.7999999999999998,0.7160493827160493,0.45833333333333326,0.18981481481481483,0.4107142857142857,0.012738853503184717,0.4555084745762712,0.3053435114503813,0.12500000000000044,0.9259259259259257,0.6612903225806452,0.33333333333333326
0.2999999999999998,0.4444444444444444,0.4166666666666665,0.11574074074074074,0.4642857142857143,0.445859872611465,0.527542372881356,0.14977902772197638,0.5460526315789482,0.31481481481481477,0.774193548387097,0.6666666666666665
0.3999999999999999,0.3950617283950617,0.8333333333333333,0.2407407407407407,0.6785714285714285,0.29299363057324845,0.4258474576271186,0.4557653676175235,0.2697368421052633,0.9999999999999999,0.403225806451613,0.5
0.3999999999999999,0.41975308641975306,0.9999999999999998,0.018518518518518517,0.8392857142857142,0.24203821656050956,0.43432203389830504,0.33877059059864223,0.2565789473684217,0.33333333333333326,0.24193548387096775,0.33333333333333326
0.32499999999999973,0.41975308641975306,0.8124999999999998,0.7037037037037037,0.6607142857142856,0.29299363057324845,0.3156779661016949,0.6884692647649828,0.3486842105263164,0.4259259259259258,0.19354838709677402,0.5
0.4999999999999998,0.1481481481481482,0.5416666666666665,0.04166666666666667,0.5714285714285714,0.4840764331210191,0.413135593220339,0.25713137806348385,0.3486842105263164,0.9259259259259257,0.5,0.5
0.4249999999999998,0.7407407407407407,0.35416666666666663,0.21296296296296297,0.4821428571428572,0.39490445859872614,0.3919491525423729,0.22884692647649985,0.3355263157894739,0.5185185185185184,0.6935483870967745,0.6666666666666665
0.15000000000000013,0.1728395061728395,0.47916666666666663,0.08796296296296295,0.3928571428571429,0.10191082802547771,0.13347457627118645,0.10735235034150037,0.3092105263157898,0.6666666666666664,0.741935483870968,0.5
0.4999999999999998,0.345679012345679,0.47916666666666663,0.24537037037037035,0.6964285714285714,0.4840764331210191,0.5614406779661016,0.4300522298111744,0.5197368421052642,0.6481481481481478,0.4516129032258067,0.5
0.5999999999999999,0.32098765432098764,0.4166666666666665,0.11574074074074074,0.5178571428571428,0.4713375796178344,0.43432203389830504,0.2777018883085631,0.2565789473684217,0.7037037037037034,0.5322580645161292,0.5
0.4249999999999998,0.9382716049382716,0.3124999999999999,0.5046296296296295,0.6428571428571428,0.6878980891719746,0.6419491525423728,0.5637605464041897,0.36184210526315885,0.6296296296296297,0.2903225806451615,0.5
0.4249999999999998,0.24691358024691357,0.8124999999999998,0.8055555555555555,0.6964285714285714,0.6878980891719746,0.6927966101694916,0.8530333467256028,0.23026315789473717,0.722222222222222,0.08064516129032251,0.5
0.34999999999999987,0.5925925925925926,0.06249999999999992,0.19444444444444442,0.6964285714285714,0.05095541401273886,0.3283898305084746,0.4583366813981584,0.46710526315789513,0.5185185185185184,0.20967741935483875,0.33333333333333326
0.5999999999999999,0.7901234567901234,0.3124999999999999,0.3657407407407407,0.7142857142857142,0.5477707006369427,0.5572033898305084,0.5881880273202214,0.5197368421052642,0.5555555555555555,0.19354838709677402,0.33333333333333326
0.27500000000000013,0.37037037037037035,0.3124999999999999,0.046296296296296294,0.3928571428571429,0.3821656050955414,0.4046610169491525,0.2346323824829284,0.5328947368421058,0.5370370370370369,0.5483870967741937,0.5
0.3999999999999999,0.24691358024691357,0.8124999999999998,0.8055555555555555,0.6964285714285714,0.6878980891719746,0.6927966101694916,0.8530333467256028,0.23026315789473717,0.722222222222222,0.08064516129032251,0.5
0.3999999999999999,0.7160493827160493,0.06249999999999992,0.24537037037037035,0.7321428571428571,0.05095541401273886,0.3029661016949152,0.5303334672559359,0.3355263157894739,0.4444444444444443,0.06451612903225823,0.16666666666666663
0.5499999999999998,0.37037037037037035,0.6874999999999999,0.023148148148148154,0.8392857142857142,0.42038216560509556,0.3411016949152542,0.3901968662113333,0.3092105263157898,0.33333333333333326,0.19354838709677402,0.33333333333333326
0.6999999999999997,0.2716049382716049,0.5833333333333333,0.5787037037037036,0.3214285714285715,0.6369426751592357,0.5572033898305084,0.6524708718360941,0.4934210526315792,0.9999999999999999,0.3870967741935485,0.5
0.2999999999999998,0.49382716049382724,0.375,0.16203703703703703,0.5535714285714285,0.6114649681528663,0.5402542372881356,0.26677380474086476,0.6118421052631589,0.6296296296296297,0.5806451612903225,0.5
0.34999999999999987,0.5925925925925926,0.7499999999999999,0.10648148148148147,0.2500000000000001,0.445859872611465,0.3156779661016949,0.18449176376054766,0.5855263157894739,0.7037037037037034,0.709677419354839,0.5
0.3999999999999999,0.4444444444444444,0.35416666666666663,0.023148148148148154,0.6607142857142856,0.25477707006369427,0.663135593220339,0.38119726797911113,0.37500000000000044,0.5925925925925924,0.20967741935483875,0.33333333333333326
0.27500000000000013,0.41975308641975306,0.375,0.04166666666666667,0.2500000000000001,0.445859872611465,0.260593220338983,0.13435114503816692,0.5197368421052642,0.4444444444444443,0.6774193548387097,0.5
0.32499999999999973,0.49382716049382724,0.4374999999999999,0.3310185185185185,0.2857142857142858,0.39490445859872614,0.5063559322033898,0.3760546404178413,0.5460526315789482,0.4444444444444443,0.4838709677419355,0.5
0.5249999999999999,0.2716049382716049,0.6041666666666665,0.025462962962962958,0.14285714285714296,0.356687898089172,0.3622881355932203,0.2159903575733253,0.4013157894736845,0.29629629629629617,0.5483870967741937,0.33333333333333326
0.3999999999999999,0.5185185185185185,0.9999999999999998,0.018518518518518517,0.8035714285714284,0.1656050955414013,0.4258474576271186,0.3400562474889526,0.3355263157894739,0.35185185185185175,0.24193548387096775,0.33333333333333326
0.4999999999999998,0.4691358024691358,0.27083333333333326,0.7962962962962963,0.3392857142857144,0.178343949044586,0.4088983050847458,0.7578947368421112,0.3486842105263164,0.574074074074074,0.19354838709677402,0.33333333333333326
0.6749999999999998,0.4444444444444444,0.6041666666666665,0.2361111111111111,0.10714285714285732,0.267515923566879,0.4470338983050848,0.40305343511450786,0.4276315789473686,0.7407407407407406,0.5,0.5
0.3999999999999999,0.2962962962962963,0.27083333333333326,0.3148148148148148,0.3035714285714286,0.6496815286624205,0.646186440677966,0.44548011249498387,0.5723684210526323,0.6666666666666664,0.4838709677419355,0.5
0.6249999999999998,0.6172839506172839,0.27083333333333326,0.037037037037037035,0.4642857142857143,0.4840764331210191,0.6673728813559322,0.37026918441141277,0.44078947368421106,0.4814814814814813,0.306451612903226,0.33333333333333326
0.6249999999999998,0.6419753086419754,0.27083333333333326,0.037037037037037035,0.5178571428571428,0.5222929936305732,0.663135593220339,0.36962635596625404,0.44078947368421106,0.4444444444444443,0.306451612903226,0.33333333333333326
0.32499999999999973,1.0,0.1458333333333333,0.17592592592592593,0.3214285714285715,0.07643312101910829,0.3792372881355932,0.2230614704700713,0.7171052631578951,0.4629629629629628,0.709677419354839,0.16666666666666663
0.3749999999999998,0.3950617283950617,0.4166666666666665,0.046296296296296294,0.6607142857142856,0.5859872611464969,0.701271186440678,0.4043390920048253,0.5328947368421058,0.5185185185185184,0.22580645161290325,0.33333333333333326
0.34999999999999987,0.3950617283950617,0.27083333333333326,0.33796296296296297,0.6785714285714285,0.5477707006369427,0.548728813559322,0.5361189232623573,0.5592105263157898,0.5555555555555555,0.20967741935483875,0.33333333333333326
0.6499999999999999,0.19753086419753085,0.375,0.6898148148148148,0.625,0.29299363057324845,0.489406779661017,0.7257533145841748,0.12500000000000044,0.38888888888888873,0.11290322580645151,0.6666666666666665
0.5999999999999999,0.22222222222222227,0.39583333333333326,0.7847222222222222,0.625,0.39490445859872614,0.5699152542372882,0.809963840899961,0.17763157894736858,0.38888888888888873,0.16129032258064524,0.6666666666666665
0.5249999999999999,0.2716049382716049,0.5416666666666665,0.5972222222222222,0.4107142857142857,0.5987261146496816,0.4173728813559322,0.5367617517075232,0.2565789473684217,0.759259259259259,0.435483870967742,0.5
0.4999999999999998,0.19753086419753085,0.5624999999999999,0.032407407407407406,0.3392857142857144,0.3821656050955414,0.3326271186440678,0.2230614704700713,0.28289473684210575,0.6666666666666664,0.5322580645161292,0.5
0.4999999999999998,0.5432098765432098,0.375,0.5092592592592592,0.23214285714285726,0.25477707006369427,0.3283898305084746,0.3876255524306984,0.2039473684210531,0.29629629629629617,0.596774193548387,0.5
0.4249999999999998,0.8641975308641974,0.18749999999999992,0.5810185185185185,0.3035714285714286,0.29299363057324845,0.47245762711864403,0.5489754921655319,0.5592105263157898,0.5370370370370369,0.435483870967742,0.33333333333333326
0.44999999999999973,0.22222222222222227,0.5624999999999999,0.060185185185185175,0.375,0.4585987261146497,0.3834745762711864,0.22177581357975384,0.3223684210526314,0.5925925925925924,0.5483870967741937,0.5
0.3999999999999999,0.8148148148148147,0.0,0.2546296296296296,0.5892857142857143,0.22929936305732485,0.2139830508474576,0.4184813177983173,0.5065789473684217,0.37037037037037024,0.3225806451612905,0.33333333333333326
0.6499999999999999,0.691358024691358,0.47916666666666663,0.060185185185185175,0.375,0.3184713375796179,0.4216101694915254,0.3117717959019686,0.45394736842105265,0.4999999999999999,0.5161290322580645,0.5
0.32499999999999973,0.22222222222222227,0.24999999999999992,0.060185185185185175,1.0,0.535031847133758,0.4682203389830508,0.3496986741663406,0.3486842105263164,0.35185185185185175,0.27419354838709675,0.33333333333333326
0.17500000000000004,0.49382716049382724,0.24999999999999992,0.046296296296296294,0.3035714285714286,0.267515923566879,0.2775423728813559,0.20313378867015075,0.8092105263157898,0.37037037037037024,0.7258064516129035,0.33333333333333326
0.44999999999999973,1.0,0.35416666666666663,0.49537037037037035,0.2500000000000001,0.3821656050955414,0.3834745762711864,0.3799116110887937,0.6118421052631589,0.9999999999999999,0.7903225806451615,0.8333333333333333
0.5749999999999997,0.8888888888888888,0.375,0.3611111111111111,0.75,0.7388535031847134,0.5953389830508474,0.35098433105665094,0.46710526315789513,0.2592592592592592,0.6129032258064517,0.5
0.5249999999999999,0.7407407407407407,0.39583333333333326,0.35648148148148145,0.8392857142857142,0.25477707006369427,0.6207627118644068,0.511048613901167,0.46710526315789513,0.9259259259259257,0.4193548387096775,0.33333333333333326
0.34999999999999987,0.3950617283950617,0.39583333333333326,0.537037037037037,0.6071428571428571,0.6624203821656052,0.48093220338983056,0.5200482121333891,0.5065789473684217,0.2777777777777777,0.435483870967742,0.5
0.32499999999999973,0.49382716049382724,0.375,0.34259259259259256,0.5892857142857143,0.4968152866242038,0.6038135593220338,0.5059059863398971,0.5328947368421058,0.5370370370370369,0.306451612903226,0.33333333333333326
0.6999999999999997,0.4444444444444444,0.47916666666666663,0.032407407407407406,0.5892857142857143,0.267515923566879,0.23940677966101692,0.20506227400562693,0.2039473684210531,0.4444444444444443,0.6451612903225807,0.5
0.6749999999999998,0.19753086419753085,0.6041666666666665,0.5601851851851851,0.4999999999999999,0.8726114649681529,0.6080508474576272,0.6396143029329053,0.45394736842105265,0.9999999999999999,0.3870967741935485,0.6666666666666665
0.4249999999999998,0.691358024691358,0.1458333333333333,0.032407407407407406,0.6964285714285714,0.11464968152866242,0.3707627118644068,0.4416231418240315,0.5065789473684217,0.31481481481481477,0.08064516129032251,0.33333333333333326
0.44999999999999973,0.6666666666666666,0.20833333333333323,0.4583333333333333,0.8035714285714284,0.1656050955414013,0.2648305084745763,0.5637605464041897,0.4276315789473686,0.29629629629629617,0.306451612903226,0.16666666666666663
0.2250000000000001,0.41975308641975306,0.35416666666666663,0.5509259259259259,0.6071428571428571,0.6433121019108281,0.4258474576271186,0.6299718762555315,0.36184210526315885,0.4259259259259258,0.22580645161290325,0.5
0.6499999999999999,0.7160493827160493,0.35416666666666663,0.41666666666666663,0.625,0.39490445859872614,0.48516949152542377,0.57661711530735,0.4276315789473686,0.4444444444444443,0.3870967741935485,0.33333333333333326
0.2250000000000001,0.41975308641975306,0.24999999999999992,0.04166666666666667,0.5178571428571428,0.24203821656050956,0.375,0.2770590598633973,0.6513157894736845,0.685185185185185,0.4838709677419355,0.5
0.25,0.37037037037037035,0.24999999999999992,0.04166666666666667,0.5178571428571428,0.24203821656050956,0.3834745762711864,0.2744877460827695,0.6513157894736845,0.6481481481481478,0.4838709677419355,0.5
0.15000000000000013,0.45679012345679015,0.39583333333333326,0.3333333333333333,0.6607142857142856,0.3184713375796179,0.3029661016949152,0.46347930895942824,0.5065789473684217,0.29629629629629617,0.3870967741935485,0.5
0.2250000000000001,0.41975308641975306,0.375,0.4722222222222222,0.625,0.713375796178344,0.4088983050847458,0.5663318601848246,0.3881578947368429,0.5185185185185184,0.2903225806451615,0.5
0.2250000000000001,0.41975308641975306,0.35416666666666663,0.5509259259259259,0.6071428571428571,0.6433121019108281,0.3665254237288136,0.6299718762555315,0.36184210526315885,0.4259259259259258,0.22580645161290325,0.5
0.27500000000000013,0.37037037037037035,0.39583333333333326,0.3703703703703703,0.5535714285714285,0.445859872611465,0.5190677966101694,0.46347930895942824,0.5592105263157898,0.574074074074074,0.4193548387096775,0.5
0.34999999999999987,0.5432098765432098,0.47916666666666663,0.027777777777777776,0.6607142857142856,0.3821656050955414,0.701271186440678,0.3567697870630795,0.6250000000000004,0.40740740740740733,0.33870967741935476,0.33333333333333326
0.4249999999999998,0.6172839506172839,0.3124999999999999,0.6435185185185185,0.5892857142857143,0.22929936305732485,0.3241525423728814,0.4789071916432377,0.3355263157894739,0.14814814814814803,0.5645161290322582,0.8333333333333333
0.6499999999999999,0.4444444444444444,0.4166666666666665,0.14351851851851855,0.5892857142857143,0.15286624203821658,0.2266949152542373,0.2822016874246742,0.3355263157894739,0.4259259259259258,0.5483870967741937,0.5
0.5499999999999998,0.2962962962962963,0.6458333333333333,0.023148148148148154,0.7678571428571428,0.356687898089172,0.3114406779661017,0.3927681799919682,0.29605263157894735,0.29629629629629617,0.19354838709677402,0.5
0.4249999999999998,0.32098765432098764,0.6874999999999999,0.023148148148148154,0.7857142857142856,0.39490445859872614,0.3453389830508475,0.3593411008437215,0.414473684210527,0.29629629629629617,0.27419354838709675,0.5
0.6249999999999998,0.41975308641975306,0.375,0.14814814814814814,0.5714285714285714,0.178343949044586,0.2521186440677966,0.29698674166332495,0.3486842105263164,0.4444444444444443,0.5322580645161292,0.5
0.4999999999999998,0.4691358024691358,0.3124999999999999,0.18518518518518517,1.0,0.43312101910828027,0.4555084745762712,0.4506227400562537,0.45394736842105265,0.4999999999999999,0.25806451612903225,0.5
0.47499999999999987,0.3950617283950617,0.4374999999999999,0.44444444444444436,0.982142857142857,0.535031847133758,0.6758474576271186,0.6139011651265562,0.07236842105263186,0.4444444444444443,0.14516129032258074,0.5
0.3999999999999999,0.1481481481481482,0.39583333333333326,0.33796296296296297,0.75,0.24203821656050956,0.2648305084745763,0.45897950984331004,0.5986842105263164,0.2592592592592592,0.3225806451612905,0.5
0.3999999999999999,1.0,0.2291666666666666,0.08333333333333333,0.7857142857142856,0.21656050955414013,0.3919491525423729,0.3876255524306984,0.4934210526315792,0.33333333333333326,0.19354838709677402,0.5
0.44999999999999973,0.8148148148148147,0.375,0.4675925925925925,1.0,0.22929936305732485,0.3538135593220339,0.6177581357975228,0.36184210526315885,0.35185185185185175,0.16129032258064524,0.5
0.3999999999999999,0.41975308641975306,0.39583333333333326,0.19907407407407407,0.2678571428571429,0.3439490445859873,0.3326271186440678,0.20120530333467457,0.37500000000000044,0.6666666666666664,0.774193548387097,0.6666666666666665
0.7999999999999998,0.41975308641975306,0.5416666666666665,0.023148148148148154,0.6964285714285714,0.14012738853503187,0.4936440677966102,0.42105263157895223,0.36184210526315885,0.611111111111111,0.24193548387096775,0.33333333333333326
0.44999999999999973,0.32098765432098764,0.5208333333333333,0.23148148148148145,0.5535714285714285,0.356687898089172,0.510593220338983,0.3779831257533246,0.5460526315789482,0.29629629629629617,0.4838709677419355,0.33333333333333326
0.3749999999999998,0.5185185185185185,0.29166666666666663,0.6296296296296295,0.3928571428571429,0.28025477707006374,0.336864406779661,0.5251908396946661,0.36184210526315885,0.29629629629629617,0.4193548387096775,0.5
0.5249999999999999,0.7160493827160493,0.29166666666666663,0.412037037037037,0.75,0.6624203821656052,0.6207627118644068,0.5509039775010152,0.5592105263157898,0.37037037037037024,0.3225806451612905,0.33333333333333326
0.2250000000000001,0.5679012345679012,0.39583333333333326,0.16203703703703703,0.2678571428571429,0.25477707006369427,0.2817796610169491,0.2256327842506991,0.664473684210527,0.29629629629629617,0.596774193548387,0.6666666666666665
0.5249999999999999,0.9135802469135803,0.375,0.18981481481481483,0.3571428571428572,0.1910828025477707,0.2563559322033898,0.2230614704700713,0.414473684210527,0.2592592592592592,0.7258064516129035,0.6666666666666665
0.5249999999999999,0.5432098765432098,0.7499999999999999,0.037037037037037035,0.4285714285714286,0.43312101910828027,0.43432203389830504,0.22370429891523003,0.3486842105263164,0.4629629629629628,0.5,0.6666666666666665
0.125,0.37037037037037035,0.9791666666666665,0.013888888888888888,0.4642857142857143,0.5605095541401274,0.5148305084745762,0.26227400562475367,0.46710526315789513,0.7407407407407406,0.27419354838709675,0.33333333333333326
0.4999999999999998,0.5432098765432098,0.35416666666666663,0.912037037037037,0.3928571428571429,0.5477707006369427,0.5529661016949152,0.6531137002812457,0.3092105263157898,0.29629629629629617,0.6935483870967745,0.5
0.47499999999999987,0.49382716049382724,0.6874999999999999,0.13425925925925924,0.3571428571428572,0.5222929936305732,0.3622881355932203,0.19927681799919839,0.4934210526315792,0.29629629629629617,0.6774193548387097,0.5
0.050000000000000044,0.4320987654320988,0.27083333333333326,0.09722222222222222,0.4999999999999999,0.5605095541401274,0.565677966101695,0.33877059059864223,0.9999999999999996,0.9999999999999997,0.5322580645161292,0.5
0.6999999999999997,0.7901234567901234,0.375,0.027777777777777776,0.6785714285714285,0.267515923566879,0.7351694915254238,0.2912012856568893,0.5460526315789482,0.29629629629629617,0.5806451612903225,0.33333333333333326
0.17500000000000004,0.32098765432098764,0.33333333333333326,0.027777777777777776,0.4464285714285715,0.20382165605095542,0.2351694915254237,0.18963439132182458,0.664473684210527,0.6296296296296297,0.5322580645161292,0.5
0.2999999999999998,0.2962962962962963,0.33333333333333326,0.06481481481481481,0.4642857142857143,0.356687898089172,0.3199152542372881,0.23591803937324585,0.6118421052631589,0.6296296296296297,0.5,0.5
0.32499999999999973,0.22222222222222227,0.4166666666666665,0.023148148148148154,0.4642857142857143,0.3821656050955414,0.3072033898305085,0.2089192446765793,0.5986842105263164,0.6481481481481478,0.5161290322580645,0.5
0.6749999999999998,0.32098765432098764,0.4166666666666665,0.04166666666666667,0.5535714285714285,0.42038216560509556,0.3707627118644068,0.2648453194053886,0.45394736842105265,0.4259259259259258,0.5322580645161292,0.5
0.6249999999999998,0.4444444444444444,0.47916666666666663,0.027777777777777776,0.4642857142857143,0.3439490445859873,0.3156779661016949,0.1716351948573731,0.3486842105263164,0.4259259259259258,0.6451612903225807,0.5
0.34999999999999987,0.6666666666666666,0.2291666666666666,0.8101851851851852,0.9642857142857142,0.39490445859872614,0.586864406779661,0.7694656488549683,0.45394736842105265,0.5185185185185184,0.12903225806451624,0.5
0.4249999999999998,0.8641975308641974,0.45833333333333326,0.1388888888888889,0.5535714285714285,0.21656050955414013,0.5233050847457628,0.1999196464443571,0.45394736842105265,0.2222222222222222,0.6451612903225807,0.8333333333333333
0.4249999999999998,0.7901234567901234,0.45833333333333326,0.13425925925925924,0.5535714285714285,0.25477707006369427,0.5402542372881356,0.20120530333467457,0.45394736842105265,0.16666666666666663,0.6451612903225807,0.6666666666666665
0.6499999999999999,0.49382716049382724,0.8541666666666665,0.5324074074074073,0.6071428571428571,0.5859872611464969,0.43432203389830504,0.6550421856167148,0.2697368421052633,0.40740740740740733,0.16129032258064524,0.33333333333333326
0.3749999999999998,0.37037037037037035,0.27083333333333326,0.7800925925925924,0.6964285714285714,0.5095541401273885,0.5572033898305084,0.7341100843712454,0.414473684210527,0.7037037037037034,0.20967741935483875,0.5
0.34999999999999987,0.6419753086419754,0.33333333333333326,0.5324074074074073,0.7857142857142856,0.39490445859872614,0.6419491525423728,0.6801124949779123,0.44078947368421106,0.6296296296296297,0.11290322580645151,0.5
0.44999999999999973,0.8888888888888888,0.47916666666666663,0.11111111111111112,1.0,0.14012738853503187,0.2351694915254237,0.15620731217356365,0.3881578947368429,0.759259259259259,0.774193548387097,0.5
0.2999999999999998,0.12345679012345678,0.5624999999999999,0.046296296296296294,0.6607142857142856,0.267515923566879,0.22245762711864409,0.1690638810767382,0.3881578947368429,0.5185185185185184,0.5645161290322582,0.6666666666666665
0.3749999999999998,0.22222222222222227,0.29166666666666663,0.2361111111111111,0.5892857142857143,0.535031847133758,0.5402542372881356,0.43133788670149187,0.36184210526315885,0.5925925925925924,0.3225806451612905,0.33333333333333326
0.3749999999999998,0.24691358024691357,0.27083333333333326,0.23148148148148145,0.5714285714285714,0.5477707006369427,0.5402542372881356,0.4319807151466506,0.37500000000000044,0.5925925925925924,0.3225806451612905,0.33333333333333326
0.47499999999999987,0.5679012345679012,0.5208333333333333,0.287037037037037,0.7857142857142856,0.624203821656051,0.8283898305084746,0.5316191241462533,0.6907894736842111,0.6296296296296297,0.370967741935484,0.33333333333333326
0.44999999999999973,0.6172839506172839,0.47916666666666663,0.6944444444444444,0.6964285714285714,0.7643312101910829,0.8792372881355932,0.6576134993973497,0.5855263157894739,0.6296296296296297,0.3870967741935485,0.33333333333333326
0.3749999999999998,0.6419753086419754,0.45833333333333326,0.25,0.08928571428571447,0.20382165605095542,0.2055084745762712,0.1735636801928493,0.5460526315789482,0.12962962962962954,0.870967741935484,0.6666666666666665
0.4999999999999998,0.5185185185185185,0.47916666666666663,0.05555555555555555,0.3035714285714286,0.20382165605095542,0.4682203389830508,0.2468461229409442,0.3223684210526314,0.7407407407407406,0.5161290322580645,0.5
0.6499999999999999,0.5679012345679012,0.35416666666666663,0.3703703703703703,0.5892857142857143,0.5732484076433121,0.7902542372881356,0.5971876255524293,0.5986842105263164,0.2592592592592592,0.17741935483870974,0.33333333333333326
0.2250000000000001,0.41975308641975306,0.375,0.5046296296296295,0.4464285714285715,0.28025477707006374,0.4258474576271186,0.44997991161109496,0.6907894736842111,0.16666666666666663,0.4516129032258067,0.5
0.4999999999999998,0.4691358024691358,0.39583333333333326,0.3333333333333333,0.4107142857142857,0.30573248407643316,0.2944915254237288,0.2822016874246742,0.5723684210526323,0.2222222222222222,0.7258064516129035,0.5
0.27500000000000013,0.4444444444444444,0.3124999999999999,0.08333333333333333,0.5535714285714285,0.3184713375796179,0.47669491525423724,0.3361992768180002,0.9999999999999996,0.9444444444444441,0.5322580645161292,0.33333333333333326
0.27500000000000013,1.0,0.29166666666666663,0.20370370370370366,0.3571428571428572,0.22929936305732485,0.4597457627118644,0.19606267577340475,0.861842105263158,0.4814814814814813,0.774193548387097,0.5
0.44999999999999973,0.37037037037037035,0.47916666666666663,0.04166666666666667,0.4642857142857143,0.07643312101910829,0.22245762711864409,0.15299316994777,0.5460526315789482,0.31481481481481477,0.7580645161290325,0.5
0.4999999999999998,0.24691358024691357,0.5416666666666665,0.2222222222222222,0.6964285714285714,0.6496815286624205,0.5233050847457628,0.37026918441141277,0.3881578947368429,0.5925925925925924,0.4838709677419355,0.6666666666666665
0.4999999999999998,0.49382716049382724,0.4166666666666665,0.5231481481481481,0.6607142857142856,0.624203821656051,0.548728813559322,0.5354760948171986,0.28289473684210575,0.6666666666666664,0.3870967741935485,0.5
0.27500000000000013,0.4691358024691358,0.375,0.38888888888888884,0.6428571428571428,0.5222929936305732,0.4936440677966102,0.44933708316593624,0.5855263157894739,0.574074074074074,0.435483870967742,0.5
0.32499999999999973,0.41975308641975306,0.39583333333333326,0.4351851851851851,0.7142857142857142,0.6878980891719746,0.47245762711864403,0.44290879871434896,0.5460526315789482,0.2407407407407406,0.467741935483871,0.5
0.4999999999999998,0.4444444444444444,0.4166666666666665,0.5231481481481481,0.6607142857142856,0.6624203821656052,0.5953389830508474,0.5367617517075232,0.29605263157894735,0.6666666666666664,0.3870967741935485,0.5
0.5749999999999997,0.12345679012345678,0.4166666666666665,0.6898148148148148,0.8749999999999998,0.6878980891719746,0.4067796610169491,0.659541984732833,0.46710526315789513,0.35185185185185175,0.27419354838709675,0.6666666666666665
0.34999999999999987,0.2962962962962963,0.33333333333333326,0.6666666666666666,0.7142857142857142,0.07643312101910829,0.4258474576271186,0.6788268380875948,0.5065789473684217,0.574074074074074,0.25806451612903225,0.5
0.25,0.3950617283950617,0.39583333333333326,0.037037037037037035,0.4107142857142857,0.4840764331210191,0.23940677966101692,0.0,0.3881578947368429,0.12962962962962954,0.9516129032258065,0.6666666666666665
0.6999999999999997,0.9876543209876543,0.45833333333333326,0.4074074074074074,0.5535714285714285,0.05095541401273886,0.739406779661017,0.6447569304941894,0.3486842105263164,0.722222222222222,0.22580645161290325,0.33333333333333326
0.6499999999999999,0.4444444444444444,0.47916666666666663,0.14351851851851855,0.3035714285714286,0.3439490445859873,0.7351694915254238,0.2719164323021346,0.3881578947368429,0.8333333333333331,0.7258064516129035,0.5
0.32499999999999973,0.5432098765432098,0.7916666666666665,0.037037037037037035,0.6071428571428571,0.6114649681528663,0.7097457627118644,0.3593411008437215,0.5065789473684217,0.4259259259259258,0.24193548387096775,0.33333333333333326
0.34999999999999987,0.5925925925925926,0.8541666666666665,0.27314814814814814,0.5892857142857143,0.7515923566878981,0.7055084745762712,0.49433507432704715,0.5065789473684217,0.4259259259259258,0.25806451612903225,0.33333333333333326
0.3749999999999998,0.6419753086419754,0.8958333333333333,0.26388888888888884,0.5714285714285714,0.7770700636942676,0.7055084745762712,0.4949779027721988,0.4934210526315792,0.40740740740740733,0.25806451612903225,0.33333333333333326
0.6499999999999999,0.19753086419753085,0.4374999999999999,0.6064814814814814,0.7321428571428571,0.39490445859872614,0.6292372881355932,0.716110887906801,0.12500000000000044,0.40740740740740733,0.11290322580645151,0.6666666666666665
0.5999999999999999,0.4444444444444444,0.6041666666666665,0.04166666666666667,0.8214285714285714,0.12738853503184716,0.4258474576271186,0.30920048212134077,0.4934210526315792,0.4444444444444443,0.3870967741935485,0.33333333333333326
0.5499999999999998,0.5679012345679012,0.5416666666666665,0.046296296296296294,0.857142857142857,0.14012738853503187,0.4216101694915254,0.30405785456007095,0.5460526315789482,0.5185185185185184,0.435483870967742,0.33333333333333326
0.44999999999999973,0.345679012345679,0.5416666666666665,0.037037037037037035,0.625,0.267515923566879,0.2690677966101695,0.19799116110888093,0.4802631578947376,0.4814814814814813,0.6451612903225807,0.6666666666666665
0.25,0.37037037037037035,0.45833333333333326,0.13425925925925924,0.5178571428571428,0.42038216560509556,0.586864406779661,0.18449176376054766,0.5065789473684217,0.2777777777777777,0.6612903225806452,0.6666666666666665
0.3749999999999998,0.22222222222222227,0.47916666666666663,0.018518518518518517,0.4464285714285715,0.4713375796178344,0.4173728813559322,0.11249497790277019,0.664473684210527,0.33333333333333326,0.8225806451612905,0.8333333333333333
0.2999999999999998,0.2716049382716049,0.35416666666666663,0.037037037037037035,0.4285714285714286,0.356687898089172,0.3580508474576271,0.18449176376054766,0.6776315789473686,0.35185185185185175,0.709677419354839,0.5
0.47499999999999987,0.32098765432098764,0.5208333333333333,0.04166666666666667,0.3571428571428572,0.5477707006369427,0.43855932203389825,0.15299316994777,0.5723684210526323,0.2592592592592592,0.741935483870968,0.6666666666666665
0.44999999999999973,0.345679012345679,0.5833333333333333,0.046296296296296294,0.4464285714285715,0.3694267515923567,0.3453389830508475,0.19156287665729366,0.45394736842105265,0.8148148148148148,0.6451612903225807,0.33333333333333326
0.4999999999999998,0.6419753086419754,0.375,0.21296296296296297,0.8035714285714284,0.15286624203821658,0.6334745762711864,0.3477701888308573,0.6118421052631589,0.6481481481481478,0.5806451612903225,0.5
0.5749999999999997,0.6419753086419754,1.0,0.037037037037037035,1.0,0.43312101910828027,0.336864406779661,0.3709120128565715,0.15131578947368451,0.5185185185185184,0.20967741935483875,0.33333333333333326
0.3749999999999998,0.3950617283950617,0.27083333333333326,0.5231481481481481,0.625,0.802547770700637,0.6758474576271186,0.6094013660104523,0.3355263157894739,0.6666666666666664,0.20967741935483875,0.5
0.5249999999999999,0.6666666666666666,0.6249999999999999,0.08333333333333333,0.5892857142857143,0.29299363057324845,0.5826271186440678,0.27127360385697585,0.5197368421052642,0.5925925925925924,0.5,0.6666666666666665
0.4999999999999998,0.3950617283950617,0.4999999999999999,0.12037037037037036,0.6071428571428571,0.8407643312101911,0.5995762711864406,0.3940538368822857,0.3881578947368429,0.8703703703703701,0.35483870967741926,0.5
0.3999999999999999,0.41975308641975306,0.4999999999999999,0.050925925925925916,0.3928571428571429,0.42038216560509556,0.3961864406779661,0.2912012856568893,0.5592105263157898,0.8148148148148148,0.4193548387096775,0.5
0.25,0.2716049382716049,0.4999999999999999,0.16666666666666669,0.4107142857142857,0.5987261146496816,0.48093220338983056,0.25456006428284894,0.46710526315789513,0.37037037037037024,0.5322580645161292,0.6666666666666665
0.5249999999999999,0.3950617283950617,0.6458333333333333,0.6851851851851851,0.6607142857142856,1.0,0.7563559322033898,0.7386098834873494,0.5197368421052642,0.8703703703703701,0.22580645161290325,0.33333333333333326
0.4249999999999998,0.5679012345679012,1.0,0.5740740740740741,0.6785714285714285,0.3694267515923567,0.43855932203389825,0.6408999598232228,0.37500000000000044,0.5185185185185184,0.20967741935483875,0.5
0.44999999999999973,0.41975308641975306,0.47916666666666663,0.23148148148148145,0.4285714285714286,0.1656050955414013,0.2055084745762712,0.2905584572117377,0.2039473684210531,0.5555555555555555,0.5,0.5
0.6749999999999998,0.7407407407407407,0.9791666666666665,0.4212962962962962,0.7142857142857142,0.1656050955414013,0.6377118644067796,0.574688629971881,0.4276315789473686,0.7962962962962962,0.306451612903226,0.5
0.34999999999999987,0.5432098765432098,0.4374999999999999,0.08796296296296295,0.4642857142857143,0.3439490445859873,0.2648305084745763,0.2275612695861824,0.664473684210527,0.722222222222222,0.6129032258064517,0.6666666666666665
0.3999999999999999,0.6172839506172839,0.39583333333333326,0.15740740740740738,0.4464285714285715,0.28025477707006374,0.260593220338983,0.20506227400562693,0.5986842105263164,0.7777777777777776,0.741935483870968,0.6666666666666665
0.6999999999999997,0.4691358024691358,0.47916666666666663,0.027777777777777776,0.4999999999999999,0.267515923566879,0.22245762711864409,0.3374849337083248,0.3355263157894739,0.8518518518518517,0.403225806451613,0.33333333333333326
0.27500000000000013,0.3950617283950617,0.5208333333333333,0.06481481481481481,0.3928571428571429,0.4840764331210191,0.375,0.1523503415026113,0.5065789473684217,0.5185185185185184,0.6935483870967745,0.5
0.125,0.6172839506172839,0.4374999999999999,0.027777777777777776,0.5892857142857143,0.29299363057324845,0.4216101694915254,0.21470470068300784,0.6776315789473686,0.7407407407407406,0.5322580645161292,0.5
0.3999999999999999,0.32098765432098764,0.24999999999999992,0.20833333333333331,1.0,0.24203821656050956,0.3622881355932203,0.4364805142627617,0.3486842105263164,0.4444444444444443,0.25806451612903225,0.33333333333333326
0.5499999999999998,0.345679012345679,0.4374999999999999,0.037037037037037035,0.4464285714285715,0.15286624203821658,0.1843220338983051,0.1761349939734842,0.5197368421052642,0.20370370370370372,0.6451612903225807,0.5
0.7499999999999998,0.4691358024691358,0.5416666666666665,0.027777777777777776,0.625,0.43312101910828027,0.510593220338983,0.2744877460827695,0.37500000000000044,0.4259259259259258,0.5161290322580645,0.33333333333333326
0.47499999999999987,0.2962962962962963,0.3124999999999999,0.27314814814814814,0.5178571428571428,0.3312101910828026,0.3411016949152542,0.40948171956609514,0.414473684210527,0.20370370370370372,0.35483870967741926,0.5
0.8249999999999997,0.4691358024691358,0.4999999999999999,0.032407407407407406,0.5357142857142857,0.30573248407643316,0.3411016949152542,0.22820409803134112,0.23026315789473717,0.40740740740740733,0.709677419354839,0.5
0.5749999999999997,0.9135802469135803,0.3124999999999999,0.09722222222222222,0.4464285714285715,0.28025477707006374,0.2860169491525424,0.09706709521896784,0.17763157894736858,0.29629629629629617,0.870967741935484,0.8333333333333333
0.25,0.345679012345679,0.4166666666666665,0.032407407407407406,0.375,0.29299363057324845,0.2055084745762712,0.09899558055444402,0.5723684210526323,0.2407407407407406,0.741935483870968,0.5
0.3749999999999998,0.5432098765432098,0.8124999999999998,0.3148148148148148,0.6785714285714285,0.40764331210191085,0.548728813559322,0.48919244676577733,0.4934210526315792,0.574074074074074,0.2903225806451615,0.33333333333333326
0.7749999999999999,0.691358024691358,0.9166666666666665,0.5694444444444444,0.6071428571428571,0.7770700636942676,0.5063559322033898,0.6948975492165559,0.17763157894736858,0.4259259259259258,0.17741935483870974,0.33333333333333326
0.7999999999999998,0.3950617283950617,0.4999999999999999,0.027777777777777776,0.5178571428571428,0.3312101910828026,0.3453389830508475,0.20827641623142057,0.29605263157894735,0.38888888888888873,0.7258064516129035,0.5
0.47499999999999987,0.8148148148148147,0.375,0.09259259259259259,0.3214285714285715,0.29299363057324845,0.2775423728813559,0.24106066693450856,0.3223684210526314,0.2222222222222222,0.596774193548387,0.5
0.47499999999999987,0.3950617283950617,0.45833333333333326,0.07870370370370369,0.5178571428571428,0.445859872611465,0.3961864406779661,0.19413419043792857,0.6381578947368429,0.4444444444444443,0.7903225806451615,0.5
0.34999999999999987,0.5432098765432098,0.47916666666666663,0.032407407407407406,0.6964285714285714,0.3184713375796179,0.6927966101694916,0.3567697870630795,0.6513157894736845,0.38888888888888873,0.33870967741935476,0.33333333333333326
0.5249999999999999,0.4444444444444444,0.6041666666666665,0.4583333333333333,0.5178571428571428,0.39490445859872614,0.5063559322033898,0.518119726797913,0.3355263157894739,0.5185185185185184,0.370967741935484,0.5
0.27500000000000013,0.5925925925925926,0.2291666666666666,0.6388888888888888,0.625,0.3439490445859873,0.527542372881356,0.6139011651265562,0.5723684210526323,0.35185185185185175,0.370967741935484,0.5
0.32499999999999973,0.41975308641975306,0.4374999999999999,0.027777777777777776,0.375,0.5095541401273885,0.3707627118644068,0.25006026516673785,0.7039473684210527,0.6296296296296297,0.4516129032258067,0.6666666666666665
0.19999999999999996,0.37037037037037035,0.4166666666666665,0.11574074074074074,0.14285714285714296,0.21656050955414013,0.2944915254237288,0.22948975492165857,0.5855263157894739,0.5370370370370369,0.5161290322580645,0.5
0.44999999999999973,0.37037037037037035,0.47916666666666663,0.050925925925925916,0.16071428571428586,0.30573248407643316,0.3495762711864407,0.2397750100441982,0.6381578947368429,0.7037037037037034,0.6129032258064517,0.5
0.2999999999999998,0.22222222222222227,0.24999999999999992,0.25,0.625,0.30573248407643316,0.48516949152542377,0.4364805142627617,0.36184210526315885,0.5925925925925924,0.2903225806451615,0.5
0.5749999999999997,0.7407407407407407,0.6874999999999999,0.5185185185185185,0.4642857142857143,0.3821656050955414,0.7351694915254238,0.5869023704299039,0.3092105263157898,0.4999999999999999,0.3225806451612905,0.5
0.44999999999999973,0.5679012345679012,0.5833333333333333,0.25925925925925924,0.6607142857142856,0.14012738853503187,0.6122881355932204,0.5727601446364119,0.5723684210526323,0.31481481481481477,0.12903225806451624,0.16666666666666663
0.4249999999999998,0.7407407407407407,0.9166666666666665,0.037037037037037035,1.0,0.03821656050955414,0.2097457627118644,0.35291281639213423,0.44078947368421106,0.5555555555555555,0.33870967741935476,0.16666666666666663
0.5499999999999998,0.8888888888888888,0.3124999999999999,0.5324074074074073,0.7321428571428571,0.8407643312101911,0.8072033898305084,0.6473282442748101,0.3223684210526314,0.5185185185185184,0.24193548387096775,0.33333333333333326
0.32499999999999973,0.7407407407407407,0.1041666666666666,0.1527777777777778,0.8035714285714284,0.3184713375796179,0.3961864406779661,0.4069104057854602,0.3486842105263164,0.2222222222222222,0.19354838709677402,0.16666666666666663
0.7999999999999998,0.6172839506172839,0.47916666666666663,0.18518518518518517,0.4642857142857143,0.3694267515923567,0.6800847457627118,0.30405785456007095,0.15131578947368451,0.9629629629629627,0.6774193548387097,0.5
0.2999999999999998,0.2716049382716049,0.4166666666666665,0.027777777777777776,0.5535714285714285,0.3439490445859873,0.3072033898305085,0.20699075934110311,0.5460526315789482,0.574074074074074,0.5322580645161292,0.5
0.3749999999999998,0.49382716049382724,0.5208333333333333,0.34722222222222215,0.4107142857142857,0.535031847133758,0.4639830508474576,0.3451988750502295,0.5986842105263164,0.12962962962962954,0.6612903225806452,0.5
0.125,0.8641975308641974,0.0416666666666666,0.023148148148148154,0.2500000000000001,0.05095541401273886,0.13347457627118645,0.2346323824829284,0.9276315789473686,0.4814814814814813,0.5161290322580645,0.16666666666666663
0.15000000000000013,0.345679012345679,0.5416666666666665,0.27314814814814814,0.2500000000000001,0.30573248407643316,0.2860169491525424,0.24491763760546803,0.6381578947368429,0.40740740740740733,0.7258064516129035,0.6666666666666665
0.34999999999999987,0.6543209876543209,0.375,0.43981481481481477,0.7321428571428571,0.4585987261146497,0.7097457627118644,0.4981920449979924,0.664473684210527,0.6296296296296297,0.4193548387096775,0.33333333333333326
0.19999999999999996,0.4320987654320988,0.9999999999999998,0.4675925925925925,0.7321428571428571,0.8152866242038217,0.6419491525423728,0.4840498192045004,0.5855263157894739,0.722222222222222,0.3870967741935485,0.6666666666666665
0.10000000000000009,0.2962962962962963,0.375,0.12037037037037036,0.5714285714285714,0.178343949044586,0.3114406779661017,0.33684210526315894,0.8355263157894739,0.574074074074074,0.33870967741935476,0.6666666666666665
0.34999999999999987,0.5185185185185185,0.29166666666666663,0.5462962962962963,0.5892857142857143,0.39490445859872614,0.7690677966101694,0.5791884290879992,0.4013157894736845,0.6296296296296297,0.306451612903226,0.5
0.3749999999999998,0.4444444444444444,0.33333333333333326,0.21296296296296297,0.5535714285714285,0.11464968152866242,0.48093220338983056,0.31562876657292804,0.21710526315789558,0.8518518518518517,0.4838709677419355,0.5
0.2999999999999998,0.345679012345679,0.29166666666666663,0.20370370370370366,0.5357142857142857,0.10191082802547771,0.43432203389830504,0.35355564483728585,0.17763157894736858,0.759259259259259,0.3225806451612905,0.5
0.6749999999999998,0.6666666666666666,0.5833333333333333,0.08796296296296295,0.9107142857142856,0.3439490445859873,0.2944915254237288,0.16263559662515092,0.44078947368421106,0.37037037037037024,0.7580645161290325,0.5
0.44999999999999973,0.7654320987654321,0.39583333333333326,0.3981481481481481,0.375,0.10191082802547771,0.3072033898305085,0.31820008035356295,0.3486842105263164,0.2407407407407406,0.6612903225806452,0.5
0.3749999999999998,0.37037037037037035,0.4999999999999999,0.29166666666666663,0.6607142857142856,0.267515923566879,0.4173728813559322,0.4300522298111744,0.5592105263157898,0.4444444444444443,0.3870967741935485,0.5
0.3749999999999998,0.345679012345679,0.4374999999999999,0.06481481481481481,0.625,0.267515923566879,0.4258474576271186,0.3169144234632455,0.5723684210526323,0.4629629629629628,0.3870967741935485,0.5
0.3999999999999999,0.5185185185185185,0.18749999999999992,0.6666666666666666,0.4464285714285715,0.24203821656050956,0.4088983050847458,0.6588991562876814,0.44078947368421106,0.5185185185185184,0.19354838709677402,0.33333333333333326
0.6749999999999998,0.37037037037037035,0.4374999999999999,0.027777777777777776,0.2678571428571429,0.3184713375796179,0.2563559322033898,0.30920048212134077,0.3223684210526314,0.8518518518518517,0.403225806451613,0.33333333333333326
0.2250000000000001,0.49382716049382724,0.5624999999999999,0.05555555555555555,0.4642857142857143,0.4585987261146497,0.298728813559322,0.18706307754118257,0.6118421052631589,0.9999999999999999,0.6290322580645162,0.6666666666666665
0.4249999999999998,0.4444444444444444,0.3124999999999999,0.4722222222222222,0.4821428571428572,0.5732484076433121,0.4682203389830508,0.5714744877460944,0.36184210526315885,0.33333333333333326,0.33870967741935476,0.5
0.3999999999999999,0.4691358024691358,0.4166666666666665,0.1527777777777778,0.3392857142857144,0.7643312101910829,0.510593220338983,0.3381277621534764,0.3881578947368429,0.685185185185185,0.5,0.5
0.27500000000000013,0.345679012345679,0.4166666666666665,0.16666666666666669,0.3928571428571429,0.8535031847133758,0.527542372881356,0.32334270791483277,0.4276315789473686,0.9629629629629627,0.4516129032258067,0.6666666666666665
0.4999999999999998,0.4444444444444444,0.35416666666666663,0.06481481481481481,0.07142857142857156,0.27388535031847133,0.22245762711864409,0.21213338690237293,0.46710526315789513,0.4629629629629628,0.6129032258064517,0.5
0.6999999999999997,0.691358024691358,0.8124999999999998,0.5972222222222222,0.4107142857142857,0.535031847133758,0.4088983050847458,0.7128967456810003,0.3092105263157898,0.4814814814814813,0.19354838709677402,0.33333333333333326
0.6999999999999997,0.6666666666666666,0.7916666666666665,0.5879629629629629,0.3928571428571429,0.5095541401273885,0.4088983050847458,0.7141824025713177,0.3092105263157898,0.5185185185185184,0.19354838709677402,0.33333333333333326
0.2250000000000001,0.24691358024691357,0.35416666666666663,0.07407407407407408,0.14285714285714296,0.24203821656050956,0.3199152542372881,0.1407794294897542,0.3486842105263164,0.5925925925925924,0.6935483870967745,0.5
0.44999999999999973,0.691358024691358,0.7916666666666665,0.037037037037037035,1.0,0.30573248407643316,0.44279661016949157,0.3619124146243493,0.37500000000000044,0.6296296296296297,0.33870967741935476,0.5
0.27500000000000013,0.1481481481481482,0.2291666666666666,0.046296296296296294,0.4464285714285715,0.30573248407643316,0.4004237288135593,0.2532744073925315,0.5855263157894739,0.4259259259259258,0.5483870967741937,0.5
0.17500000000000004,0.37037037037037035,0.20833333333333323,0.07407407407407408,0.5178571428571428,0.4713375796178344,0.5995762711864406,0.32012856568903914,0.5065789473684217,0.38888888888888873,0.3870967741935485,0.5
0.47499999999999987,0.07407407407407407,0.35416666666666663,0.6574074074074074,0.6785714285714285,0.535031847133758,0.3199152542372881,0.6203294495781435,0.5197368421052642,0.2407407407407406,0.2903225806451615,0.5
0.5499999999999998,0.3950617283950617,0.3124999999999999,0.05555555555555555,0.5714285714285714,0.3439490445859873,0.3029661016949152,0.3471273603856986,0.6513157894736845,0.38888888888888873,0.306451612903226,0.5
0.125,0.9629629629629628,0.020833333333333287,0.032407407407407406,0.375,0.11464968152866242,0.2309322033898305,0.23848935315388076,0.8881578947368429,0.5925925925925924,0.5161290322580645,0.16666666666666663
0.6749999999999998,0.5185185185185185,0.3124999999999999,0.4305555555555555,0.7678571428571428,0.29299363057324845,0.4046610169491525,0.5502611490558493,0.45394736842105265,0.4444444444444443,0.467741935483871,0.33333333333333326
0.2999999999999998,0.6172839506172839,0.35416666666666663,0.20833333333333331,0.6428571428571428,0.178343949044586,0.4216101694915254,0.4531940538368886,0.45394736842105265,0.35185185185185175,0.19354838709677402,0.33333333333333326
0.25,0.5925925925925926,0.29166666666666663,0.04166666666666667,0.3214285714285715,0.4713375796178344,0.43008474576271183,0.10220972278023766,0.2039473684210531,0.2407407407407406,0.6451612903225807,0.33333333333333326
0.25,0.5432098765432098,0.29166666666666663,0.04166666666666667,0.3392857142857144,0.445859872611465,0.43008474576271183,0.10285255122538928,0.2039473684210531,0.2222222222222222,0.6612903225806452,0.5
0.0,0.5679012345679012,0.0,0.48611111111111105,0.375,0.22929936305732485,0.4004237288135593,0.3451988750502295,0.9999999999999996,0.40740740740740733,0.709677419354839,0.5
0.34999999999999987,0.691358024691358,0.27083333333333326,0.2152777777777778,0.4107142857142857,0.535031847133758,0.5317796610169492,0.30405785456007095,0.5460526315789482,0.33333333333333326,0.5161290322580645,0.5
0.2999999999999998,0.5679012345679012,0.375,0.07870370370370369,0.4821428571428572,0.21656050955414013,0.4258474576271186,0.1549216552832462,0.6776315789473686,0.35185185185185175,0.7580645161290325,0.6666666666666665
0.5249999999999999,1.0,0.9375,0.33796296296296297,0.375,0.267515923566879,0.6334745762711864,0.3574126155082453,0.5986842105263164,0.4629629629629628,0.6774193548387097,0.5
0.5499999999999998,1.0,0.0,0.34259259259259256,0.375,0.21656050955414013,0.6122881355932204,0.3586982723985557,0.5986842105263164,0.4444444444444443,0.6774193548387097,0.5
0.25,0.2962962962962963,0.1458333333333333,0.037037037037037035,0.4821428571428572,0.535031847133758,0.336864406779661,0.1292085174768971,0.5592105263157898,0.2777777777777777,0.6774193548387097,0.5
0.2999999999999998,0.5185185185185185,0.375,0.07870370370370369,0.5178571428571428,0.22929936305732485,0.413135593220339,0.15363599839293585,0.664473684210527,0.35185185185185175,0.7580645161290325,0.6666666666666665
0.2250000000000001,0.345679012345679,0.4166666666666665,0.13425925925925924,0.4464285714285715,0.3184713375796179,0.5360169491525424,0.18513459220570638,0.4802631578947376,0.2592592592592592,0.6612903225806452,0.5
0.5749999999999997,0.9382716049382716,0.29166666666666663,0.6064814814814814,0.5357142857142857,0.535031847133758,0.7309322033898306,0.706468461229413,0.4013157894736845,0.574074074074074,0.22580645161290325,0.33333333333333326
0.44999999999999973,0.32098765432098764,0.4374999999999999,0.4305555555555555,0.4642857142857143,0.7898089171974523,0.6546610169491526,0.5071916432302217,0.3486842105263164,0.5185185185185184,0.33870967741935476,0.5
0.5249999999999999,0.8395061728395061,0.2291666666666666,0.6851851851851851,0.4999999999999999,0.7006369426751593,0.7690677966101694,0.7308959421454446,0.36184210526315885,0.5925925925925924,0.22580645161290325,0.33333333333333326
0.2250000000000001,0.345679012345679,0.2291666666666666,0.7129629629629629,0.5178571428571428,0.4968152866242038,0.3961864406779661,0.7398955403776668,0.5460526315789482,0.4444444444444443,0.14516129032258074,0.5
0.10000000000000009,0.5679012345679012,0.2291666666666666,0.08333333333333333,0.2142857142857144,0.3184713375796179,0.413135593220339,0.11249497790277019,0.9934210526315792,0.4259259259259258,0.806451612903226,0.6666666666666665
0.5999999999999999,0.345679012345679,0.5416666666666665,0.2268518518518518,0.6964285714285714,0.445859872611465,0.6927966101694916,0.4904781036560877,0.36184210526315885,0.5185185185185184,0.370967741935484,0.33333333333333326
0.19999999999999996,0.24691358024691357,0.4166666666666665,0.07870370370370369,0.4464285714285715,0.03821656050955414,0.11652542372881355,0.26677380474086476,0.3486842105263164,0.4259259259259258,0.33870967741935476,0.16666666666666663
0.34999999999999987,0.3950617283950617,0.375,0.75,0.4464285714285715,0.5859872611464969,0.4639830508474576,0.6299718762555315,0.5592105263157898,0.29629629629629617,0.403225806451613,0.5
0.2250000000000001,0.4444444444444444,0.3124999999999999,0.7962962962962963,0.7857142857142856,0.267515923566879,0.44279661016949157,0.6826838087585472,0.6513157894736845,0.5185185185185184,0.33870967741935476,0.33333333333333326
0.2999999999999998,0.2962962962962963,0.35416666666666663,0.287037037037037,0.6071428571428571,0.25477707006369427,0.3114406779661017,0.3657693852953017,0.45394736842105265,0.37037037037037024,0.4838709677419355,0.5
0.6999999999999997,0.49382716049382724,0.1666666666666666,0.046296296296296294,0.5535714285714285,0.3312101910828026,0.413135593220339,0.3709120128565715,0.36184210526315885,0.38888888888888873,0.3225806451612905,0.33333333333333326
0.5499999999999998,0.2962962962962963,0.4999999999999999,0.18981481481481483,0.2678571428571429,0.29299363057324845,0.23940677966101692,0.31562876657292804,0.09868421052631593,0.5925925925925924,0.403225806451613,0.5
0.44999999999999973,0.4444444444444444,0.375,0.5185185185185185,0.5892857142857143,0.3312101910828026,0.3919491525423729,0.5753314584170326,0.08552631578947434,0.4999999999999999,0.27419354838709675,0.5
0.5999999999999999,0.32098765432098764,0.5624999999999999,0.699074074074074,0.5357142857142857,0.8407643312101911,0.6927966101694916,0.7784652470871904,0.5855263157894739,0.9999999999999997,0.22580645161290325,0.33333333333333326
0.5249999999999999,0.345679012345679,0.47916666666666663,0.2407407407407407,0.4642857142857143,0.22929936305732485,0.4216101694915254,0.3760546404178413,0.4802631578947376,0.611111111111111,0.5161290322580645,0.5
0.6499999999999999,0.345679012345679,0.39583333333333326,0.38888888888888884,0.5535714285714285,0.25477707006369427,0.43008474576271183,0.4866211329851424,0.3881578947368429,0.611111111111111,0.4516129032258067,0.33333333333333326
0.5499999999999998,0.2962962962962963,0.5416666666666665,0.37962962962962965,0.3928571428571429,0.3694267515923567,0.3538135593220339,0.43519485737244423,0.4276315789473686,0.4999999999999999,0.4838709677419355,0.5
0.19999999999999996,0.4444444444444444,0.0,0.44444444444444436,0.4107142857142857,0.14012738853503187,0.3877118644067797,0.38826838087585713,0.8355263157894739,0.4444444444444443,0.709677419354839,0.5
0.3749999999999998,0.49382716049382724,0.4374999999999999,0.27777777777777773,1.0,0.7388535031847134,0.5699152542372882,0.4930494174367297,0.3881578947368429,0.33333333333333326,0.22580645161290325,0.5
0.3999999999999999,0.5185185185185185,0.4374999999999999,0.27314814814814814,1.0,0.7643312101910829,0.5783898305084746,0.4930494174367297,0.3881578947368429,0.33333333333333326,0.22580645161290325,0.33333333333333326
0.5999999999999999,0.6419753086419754,0.29166666666666663,0.38425925925925924,1.0,0.25477707006369427,0.5741525423728814,0.6306147047006974,0.2697368421052633,0.6666666666666664,0.24193548387096775,0.33333333333333326
0.5749999999999997,0.7654320987654321,0.6249999999999999,0.48611111111111105,0.3392857142857144,0.29299363057324845,0.7817796610169492,0.5817597428686341,0.3223684210526314,0.5555555555555555,0.3225806451612905,0.5
0.5249999999999999,0.4444444444444444,0.4166666666666665,0.16666666666666669,0.4999999999999999,0.39490445859872614,0.4004237288135593,0.19863398955403966,0.46710526315789513,0.16666666666666663,0.7258064516129035,0.5
0.32499999999999973,0.3950617283950617,0.33333333333333326,0.046296296296296294,0.5178571428571428,0.28025477707006374,0.4046610169491525,0.32077139413419076,0.7697368421052642,0.685185185185185,0.467741935483871,0.5
0.27500000000000013,0.41975308641975306,0.3124999999999999,0.3148148148148148,0.5178571428571428,0.24203821656050956,0.3961864406779661,0.48276416231418295,0.7565789473684217,0.6666666666666664,0.403225806451613,0.5
0.32499999999999973,0.3950617283950617,0.375,0.5046296296296295,0.625,0.624203821656051,0.48093220338983056,0.49176376054640514,0.5460526315789482,0.2777777777777777,0.4516129032258067,0.5
0.4249999999999998,0.345679012345679,0.375,0.046296296296296294,0.4285714285714286,0.43312101910828027,0.4088983050847458,0.3002008838891186,0.7565789473684217,0.6481481481481478,0.4838709677419355,0.6666666666666665
0.34999999999999987,0.4444444444444444,0.4166666666666665,0.06481481481481481,0.375,0.178343949044586,0.2860169491525424,0.23784652470872203,0.6907894736842111,0.722222222222222,0.6129032258064517,0.5
0.44999999999999973,0.6419753086419754,0.33333333333333326,0.19444444444444442,0.4107142857142857,0.178343949044586,0.43008474576271183,0.31305745279228603,0.7302631578947376,0.9074074074074071,0.741935483870968,0.5
0.19999999999999996,0.3580246913580247,0.3124999999999999,0.42592592592592593,0.6964285714285714,0.7261146496815287,0.510593220338983,0.5361189232623573,0.4802631578947376,0.31481481481481477,0.35483870967741926,0.5
0.5749999999999997,0.37037037037037035,0.39583333333333326,0.060185185185185175,0.5535714285714285,0.39490445859872614,0.3538135593220339,0.18384893531538893,0.414473684210527,0.16666666666666663,0.6451612903225807,0.33333333333333326
0.3999999999999999,0.4691358024691358,0.4374999999999999,0.046296296296296294,0.4464285714285715,0.21656050955414013,0.2817796610169491,0.24298915226999185,0.6776315789473686,0.7962962962962962,0.5645161290322582,0.5
0.3749999999999998,0.8148148148148147,0.27083333333333326,0.3101851851851851,0.3571428571428572,0.267515923566879,0.413135593220339,0.2963439132181662,0.5197368421052642,0.31481481481481477,0.635483870967742,0.6666666666666665
0.47499999999999987,0.8148148148148147,0.3124999999999999,0.2222222222222222,0.3571428571428572,0.39490445859872614,0.4046610169491525,0.19220570510245238,0.414473684210527,0.40740740740740733,0.7892473118279519,0.6666666666666665
0.5999999999999999,1.0,0.2291666666666666,0.45370370370370366,1.0,0.1910828025477707,0.3156779661016949,0.6235435918039443,0.4276315789473686,0.33333333333333326,0.22580645161290325,0.33333333333333326
0.47499999999999987,0.6419753086419754,0.35416666666666663,0.060185185185185175,0.4107142857142857,0.713375796178344,0.5021186440677966,0.1407794294897542,0.2565789473684217,0.4629629629629628,0.6774193548387097,0.6666666666666665
0.3999999999999999,0.4444444444444444,0.5416666666666665,0.32870370370370366,0.7321428571428571,0.5477707006369427,0.7266949152542372,0.5245480112495002,0.46710526315789513,0.5185185185185184,0.24193548387096775,0.33333333333333326
0.3749999999999998,0.49382716049382724,0.27083333333333326,0.5046296296296295,0.375,0.3184713375796179,0.5529661016949152,0.4718360787464846,0.2565789473684217,0.20370370370370372,0.4193548387096775,0.5
0.6499999999999999,0.19753086419753085,0.4999999999999999,0.027777777777777776,0.4821428571428572,0.5732484076433121,0.43008474576271183,0.31305745279228603,0.3092105263157898,0.8518518518518517,0.403225806451613,0.6666666666666665
0.8999999999999999,0.4691358024691358,0.4374999999999999,0.07407407407407408,0.3928571428571429,0.43312101910828027,0.4639830508474576,0.24041783848935694,0.11184210526315841,0.14814814814814803,0.5591397849462421,0.5
0.27500000000000013,0.2962962962962963,0.39583333333333326,0.018518518518518517,0.4999999999999999,0.5477707006369427,0.3411016949152542,0.20699075934110311,0.7828947368421058,0.35185185185185175,0.5483870967741937,0.5
0.3999999999999999,0.3950617283950617,0.35416666666666663,0.3518518518518518,0.6964285714285714,0.5732484076433121,0.6885593220338982,0.5316191241462533,0.414473684210527,0.5185185185185184,0.24193548387096775,0.33333333333333326
0.6499999999999999,0.7407407407407407,0.5208333333333333,0.35648148148148145,0.6607142857142856,0.535031847133758,0.6292372881355932,0.588830855765373,0.4013157894736845,0.5555555555555555,0.19354838709677402,0.33333333333333326
0.3999999999999999,0.8395061728395061,0.20833333333333323,0.4027777777777778,0.4999999999999999,0.3312101910828026,0.5317796610169492,0.46412213740458697,0.5592105263157898,0.574074074074074,0.48064516129032264,0.33333333333333326
0.3999999999999999,0.37037037037037035,0.35416666666666663,0.34722222222222215,0.6964285714285714,0.5732484076433121,0.684322033898305,0.5329047810365637,0.414473684210527,0.4999999999999999,0.22580645161290325,0.33333333333333326
0.6249999999999998,0.2716049382716049,0.375,0.6157407407407407,0.75,0.5477707006369427,0.5741525423728814,0.7045399758939439,0.17763157894736858,0.35185185185185175,0.12903225806451624,0.8333333333333333
0.4999999999999998,0.3950617283950617,0.4166666666666665,0.06481481481481481,0.5178571428571428,0.1656050955414013,0.3241525423728814,0.33491361992768276,0.5592105263157898,0.7777777777777776,0.3870967741935485,0.8333333333333333
0.6499999999999999,0.4691358024691358,0.8958333333333333,0.699074074074074,0.6964285714285714,0.43312101910828027,0.5063559322033898,0.692326235435921,0.3092105263157898,0.7407407407407406,0.32795698924730643,0.5
0.2250000000000001,0.49382716049382724,0.5416666666666665,0.027777777777777776,0.6607142857142856,0.4713375796178344,0.5148305084745762,0.25520289272800056,0.8355263157894739,0.8703703703703701,0.5322580645161292,0.5
0.25,0.345679012345679,0.33333333333333326,0.04166666666666667,0.16071428571428586,0.24203821656050956,0.3792372881355932,0.3361992768180002,0.7434210526315792,0.6666666666666664,0.3870967741935485,0.5
0.47499999999999987,0.4691358024691358,1.0,0.027777777777777776,1.0,0.43312101910828027,0.3665254237288136,0.3709120128565715,0.2039473684210531,0.38888888888888873,0.19354838709677402,0.5
0.5749999999999997,0.2962962962962963,0.5416666666666665,0.12037037037037036,0.3392857142857144,0.24203821656050956,0.3707627118644068,0.31112896745680985,0.4013157894736845,0.5925925925925924,0.5,0.5
0.5749999999999997,0.37037037037037035,0.4374999999999999,0.09259259259259259,0.3392857142857144,0.7643312101910829,0.5444915254237288,0.2635596625150711,0.29605263157894735,0.6296296296296297,0.5322580645161292,0.6666666666666665
0.6999999999999997,0.5679012345679012,0.8958333333333333,0.5833333333333333,0.4821428571428572,0.7515923566878981,0.5444915254237288,0.7251104861390232,0.23026315789473717,0.4629629629629628,0.17741935483870974,0.5
0.5999999999999999,0.6419753086419754,0.39583333333333326,0.45370370370370366,1.0,0.5222929936305732,0.7097457627118644,0.6601848131779988,0.2039473684210531,0.6481481481481478,0.22580645161290325,0.33333333333333326
0.5499999999999998,0.691358024691358,0.33333333333333326,0.2361111111111111,1.6653345369377348e-16,0.15286624203821658,0.2266949152542373,0.1619927681799922,0.019736842105263275,0.685185185185185,0.838709677419355,0.5
0.3999999999999999,0.5679012345679012,0.39583333333333326,0.08796296296296295,0.4285714285714286,0.40764331210191085,0.4978813559322034,0.15106468461229383,0.5460526315789482,0.29629629629629617,0.7580645161290325,0.5
0.6249999999999998,0.49382716049382724,0.5416666666666665,0.046296296296296294,0.6964285714285714,0.3694267515923567,0.5444915254237288,0.3002008838891186,0.4934210526315792,0.4629629629629628,0.435483870967742,0.33333333333333326
0.6499999999999999,0.19753086419753085,0.4374999999999999,0.037037037037037035,0.8749999999999998,0.40764331210191085,0.6207627118644068,0.27320208919245204,0.4013157894736845,0.37037037037037024,0.5537634408602097,0.5
0.3999999999999999,0.5679012345679012,0.375,0.3148148148148148,0.6071428571428571,0.5859872611464969,0.6334745762711864,0.39341100843712695,0.6118421052631589,0.4259259259259258,0.5,0.5
0.34999999999999987,0.5185185185185185,0.4166666666666665,0.23148148148148145,0.5535714285714285,0.42038216560509556,0.6716101694915254,0.3869827239855397,0.5855263157894739,0.5370370370370369,0.40860215053762894,0.33333333333333326
0.27500000000000013,0.49382716049382724,0.5208333333333333,0.1388888888888889,0.4464285714285715,0.6114649681528663,0.739406779661017,0.2629168340699053,0.664473684210527,0.5555555555555555,0.5806451612903225,0.5
0.4249999999999998,0.37037037037037035,0.2291666666666666,0.3194444444444444,0.625,0.535031847133758,0.6758474576271186,0.5097629570108566,0.4934210526315792,0.4814814814814813,0.24731182795698858,0.33333333333333326
0.5999999999999999,0.6419753086419754,0.2291666666666666,0.2407407407407407,0.8392857142857142,0.6369426751592357,0.777542372881356,0.48212133386903133,0.4802631578947376,0.40740740740740733,0.2903225806451615,0.5
0.4249999999999998,0.2962962962962963,0.4999999999999999,0.04166666666666667,0.4285714285714286,0.43312101910828027,0.3834745762711864,0.19092004821213493,0.5460526315789482,0.7962962962962962,0.6451612903225807,0.5
0.34999999999999987,0.3950617283950617,0.375,0.10648148148148147,0.4285714285714286,0.356687898089172,0.43855932203389825,0.1594214543993573,0.414473684210527,0.2777777777777777,0.774193548387097,0.5
0.5749999999999997,0.5679012345679012,0.33333333333333326,0.4907407407407407,0.5892857142857143,0.3821656050955414,0.4936440677966102,0.6119726797910872,0.44078947368421106,0.33333333333333326,0.24193548387096775,0.33333333333333326
0.3999999999999999,0.5185185185185185,0.24999999999999992,0.41898148148148145,0.4642857142857143,0.43312101910828027,0.4216101694915254,0.40048212133387295,0.24342105263157965,0.2222222222222222,0.47311827956988717,0.5
0.3749999999999998,0.2716049382716049,0.4999999999999999,0.43981481481481477,0.857142857142857,0.7770700636942676,0.48093220338983056,0.546404178384897,0.07236842105263186,0.35185185185185175,0.17741935483870974,0.33333333333333326
0.27500000000000013,0.5185185185185185,0.39583333333333326,0.12037037037037036,0.3571428571428572,0.178343949044586,0.413135593220339,0.1594214543993573,0.5986842105263164,0.37037037037037024,0.741935483870968,0.5
0.4249999999999998,0.5432098765432098,0.39583333333333326,0.5023148148148148,0.4642857142857143,0.3439490445859873,0.3792372881355932,0.45447971072719895,0.23026315789473717,0.14814814814814803,0.467741935483871,0.5
0.4249999999999998,0.345679012345679,0.20833333333333323,0.18055555555555552,1.0,0.178343949044586,0.4046610169491525,0.42362394535958714,0.28289473684210575,0.40740740740740733,0.25806451612903225,0.33333333333333326
0.5499999999999998,0.37037037037037035,0.39583333333333326,0.09722222222222222,0.6785714285714285,0.178343949044586,0.3072033898305085,0.4249096022499046,0.4934210526315792,0.6296296296296297,0.20967741935483875,0.33333333333333326
0.5749999999999997,0.37037037037037035,0.29166666666666663,0.13425925925925924,0.4107142857142857,0.267515923566879,0.3919491525423729,0.2867014865407782,0.3223684210526314,0.2777777777777777,0.5430107526881773,0.5
0.32499999999999973,0.4444444444444444,0.39583333333333326,0.050925925925925916,0.4999999999999999,0.28025477707006374,0.3326271186440678,0.13306548814784946,0.44078947368421106,0.40740740740740733,0.7258064516129035,0.5
0.3999999999999999,0.6666666666666666,0.24999999999999992,0.06944444444444445,0.6428571428571428,0.5605095541401274,0.6419491525423728,0.39148252310165077,0.46710526315789513,0.5185185185185184,0.24193548387096775,0.33333333333333326
0.2999999999999998,0.5925925925925926,0.47916666666666663,0.19444444444444442,0.4642857142857143,0.4840764331210191,0.7055084745762712,0.33684210526315894,0.5460526315789482,0.5925925925925924,0.4838709677419355,0.5
0.32499999999999973,0.6419753086419754,0.24999999999999992,0.20370370370370366,0.4821428571428572,0.1910828025477707,0.48093220338983056,0.4255524306950633,0.28289473684210575,0.574074074074074,0.22580645161290325,0.33333333333333326
0.4249999999999998,0.12345679012345678,0.375,0.09259259259259259,0.3571428571428572,0.3821656050955414,0.23940677966101692,0.27577340297307984,0.5328947368421058,0.9999999999999997,0.5376344086021452,0.5
0.4249999999999998,0.5802469135802469,0.2291666666666666,0.27777777777777773,0.4642857142857143,0.089171974522293,0.451271186440678,0.5033346725592693,0.17763157894736858,0.5370370370370369,0.12903225806451624,0.33333333333333326
0.2250000000000001,0.5679012345679012,0.4166666666666665,0.3101851851851851,0.625,0.39490445859872614,0.5233050847457628,0.3991964644435555,0.664473684210527,0.5185185185185184,0.49462365591398405,0.5
0.3999999999999999,0.5432098765432098,0.375,0.20370370370370366,0.7678571428571428,0.3184713375796179,0.5572033898305084,0.31305745279228603,0.5460526315789482,0.4999999999999999,0.6774193548387097,0.5
0.5499999999999998,0.3950617283950617,0.35416666666666663,0.050925925925925916,0.4642857142857143,0.3694267515923567,0.3834745762711864,0.2770590598633973,0.5197368421052642,0.574074074074074,0.4838709677419355,0.5
0.3999999999999999,0.4444444444444444,0.24999999999999992,0.3518518518518518,0.625,0.624203821656051,0.6885593220338982,0.5341904379268811,0.5592105263157898,0.4814814814814813,0.24193548387096775,0.33333333333333326
0.2999999999999998,0.4691358024691358,0.45833333333333326,0.20370370370370366,0.4999999999999999,0.6624203821656052,0.6377118644067796,0.3400562474889526,0.6250000000000004,0.5555555555555555,0.4838709677419355,0.5
0.5749999999999997,0.32098765432098764,0.4999999999999999,0.027777777777777776,0.4285714285714286,0.40764331210191085,0.3283898305084746,0.2577742065086426,0.4013157894736845,0.9814814814814813,0.5161290322580645,0.5
0.47499999999999987,0.4444444444444444,0.4166666666666665,0.3009259259259259,0.375,0.3312101910828026,0.3411016949152542,0.5290478103656113,0.36184210526315885,0.2592592592592592,0.20967741935483875,0.5
0.3749999999999998,0.49382716049382724,0.27083333333333326,0.412037037037037,0.4464285714285715,0.356687898089172,0.3877118644067797,0.40305343511450786,0.3223684210526314,0.16666666666666663,0.4516129032258067,0.16666666666666663
0.34999999999999987,0.41975308641975306,0.7291666666666665,0.7037037037037037,0.75,0.4713375796178344,0.625,0.7026114905584606,0.44078947368421106,0.5370370370370369,0.19354838709677402,0.33333333333333326
0.6249999999999998,0.345679012345679,0.5833333333333333,0.6898148148148148,0.5892857142857143,0.8662420382165605,0.777542372881356,0.7636801928485468,0.5855263157894739,0.9999999999999999,0.22580645161290325,0.33333333333333326
0.3999999999999999,0.24691358024691357,0.39583333333333326,0.7615740740740741,0.5714285714285714,0.6496815286624205,0.5063559322033898,0.6511852149457624,0.5855263157894739,0.2407407407407406,0.403225806451613,0.5
0.3749999999999998,0.2962962962962963,0.35416666666666663,0.5601851851851851,0.5535714285714285,0.7388535031847134,0.5233050847457628,0.5239051828043486,0.5986842105263164,0.2407407407407406,0.4516129032258067,0.5
0.44999999999999973,0.3950617283950617,0.27083333333333326,0.5416666666666666,0.6428571428571428,0.42038216560509556,0.5360169491525424,0.6203294495781435,0.3881578947368429,0.8333333333333331,0.22580645161290325,0.33333333333333326
0.6499999999999999,0.4691358024691358,0.35416666666666663,0.5185185185185185,0.6785714285714285,0.6751592356687899,0.6504237288135594,0.6351145038168013,0.4013157894736845,0.7037037037037034,0.2903225806451615,0.33333333333333326
0.5749999999999997,0.7407407407407407,0.4166666666666665,0.6018518518518517,0.4642857142857143,0.356687898089172,0.4978813559322034,0.48212133386903133,0.28289473684210575,0.9999999999999999,0.6612903225806452,0.5
0.4999999999999998,0.8641975308641974,0.35416666666666663,0.21296296296296297,0.4999999999999999,0.4840764331210191,0.663135593220339,0.2603455202892775,0.4802631578947376,0.35185185185185175,0.6935483870967745,0.5
0.10000000000000009,0.345679012345679,0.7708333333333333,0.25925925925925924,0.9107142857142856,0.4968152866242038,0.7097457627118644,0.4184813177983173,0.5065789473684217,0.37037037037037024,0.2795698924731178,0.33333333333333326
0.27500000000000013,0.5185185185185185,0.1458333333333333,0.33796296296296297,0.5178571428571428,0.5859872611464969,0.7521186440677966,0.5149055845721264,0.5328947368421058,0.2592592592592592,0.22580645161290325,0.33333333333333326
0.3749999999999998,0.5185185185185185,0.4166666666666665,0.12499999999999999,0.3928571428571429,0.3821656050955414,0.510593220338983,0.15363599839293585,0.4802631578947376,0.2592592592592592,0.774193548387097,0.6666666666666665
0.3749999999999998,0.2716049382716049,0.47916666666666663,0.10185185185185185,0.5535714285714285,0.20382165605095542,0.2563559322033898,0.2134190437926904,0.15131578947368451,0.4629629629629628,0.49193548387096797,0.5
0.2250000000000001,0.5185185185185185,0.1458333333333333,0.33796296296296297,0.5178571428571428,0.5859872611464969,0.7521186440677966,0.5149055845721264,0.5328947368421058,0.2592592592592592,0.22580645161290325,0.33333333333333326
0.2250000000000001,0.3950617283950617,0.7916666666666665,0.26388888888888884,0.9642857142857142,0.42038216560509556,0.6885593220338982,0.4371233427079204,0.4013157894736845,0.4444444444444443,0.2795698924731178,0.33333333333333326
0.25,0.5432098765432098,0.6041666666666665,0.19907407407407407,0.4285714285714286,0.25477707006369427,0.2817796610169491,0.1619927681799922,0.5592105263157898,0.6666666666666664,0.8225806451612905,0.6666666666666665
0.5749999999999997,0.4691358024691358,0.375,0.45370370370370366,0.4642857142857143,0.30573248407643316,0.4004237288135593,0.4011249497790317,0.3092105263157898,0.5555555555555555,0.5645161290322582,0.6666666666666665
0.3749999999999998,0.5555555555555555,0.27083333333333326,0.7129629629629629,0.8214285714285714,0.30573248407643316,0.5148305084745762,0.7154680594616352,0.36184210526315885,0.5185185185185184,0.17741935483870974,0.33333333333333326
0.2250000000000001,0.3950617283950617,0.7916666666666665,0.26388888888888884,0.9642857142857142,0.42038216560509556,0.6885593220338982,0.4371233427079204,0.4013157894736845,0.4444444444444443,0.282258064516129,0.33333333333333326
0.34999999999999987,0.345679012345679,0.39583333333333326,0.07407407407407408,0.4464285714285715,0.28025477707006374,0.4470338983050848,0.29505825632784877,0.5065789473684217,0.4814814814814813,0.403225806451613,0.5
0.44999999999999973,0.345679012345679,0.29166666666666663,0.7731481481481481,0.5714285714285714,0.445859872611465,0.4173728813559322,0.7681799919646508,0.36184210526315885,0.4444444444444443,0.12903225806451624,0.5
0.32499999999999973,0.345679012345679,0.8541666666666665,0.27777777777777773,0.5357142857142857,0.356687898089172,0.43432203389830504,0.45255122539172987,0.5460526315789482,0.4999999999999999,0.306451612903226,0.5
0.34999999999999987,0.32098765432098764,0.8958333333333333,0.27314814814814814,0.5714285714285714,0.3312101910828026,0.43855932203389825,0.45447971072719895,0.5460526315789482,0.4999999999999999,0.306451612903226,0.5
0.3749999999999998,0.5925925925925926,0.35416666666666663,0.5416666666666666,0.5178571428571428,0.28025477707006374,0.7860169491525424,0.5785456006428333,0.4013157894736845,0.6666666666666664,0.306451612903226,0.33333333333333326
0.5249999999999999,0.8888888888888888,0.375,0.20370370370370366,0.4107142857142857,0.39490445859872614,0.6207627118644068,0.2654881478505473,0.5197368421052642,0.37037037037037024,0.6774193548387097,0.5
0.32499999999999973,0.5679012345679012,0.5208333333333333,0.10185185185185185,0.4821428571428572,0.7324840764331211,0.6038135593220338,0.3008437123342702,0.6118421052631589,0.4629629629629628,0.4516129032258067,0.5
0.8249999999999997,0.691358024691358,1.0,0.6018518518518517,0.6428571428571428,0.7388535031847134,0.48516949152542377,0.7553234230614763,0.2039473684210531,0.31481481481481477,0.11290322580645151,0.33333333333333326
0.44999999999999973,0.7407407407407407,0.39583333333333326,0.10185185185185185,0.4999999999999999,0.1910828025477707,0.20127118644067798,0.13692245881880183,0.5328947368421058,0.4629629629629628,0.838709677419355,0.5
0.47499999999999987,0.3950617283950617,0.35416666666666663,0.2222222222222222,0.2678571428571429,0.1656050955414013,0.3156779661016949,0.21470470068300784,0.45394736842105265,0.29629629629629617,0.7580645161290325,0.5
0.5249999999999999,1.0,0.35416666666666663,0.47685185185185186,0.8035714285714284,0.6751592356687899,0.7351694915254238,0.6293290478103799,0.5328947368421058,0.40740740740740733,0.22580645161290325,0.33333333333333326
0.5999999999999999,0.3950617283950617,0.3124999999999999,0.050925925925925916,0.5357142857142857,0.20382165605095542,0.5995762711864406,0.3117717959019686,0.5855263157894739,0.574074074074074,0.5161290322580645,0.5
0.4249999999999998,0.5185185185185185,0.4374999999999999,0.3958333333333333,0.6428571428571428,0.29299363057324845,0.6207627118644068,0.4036962635596666,0.5723684210526323,0.6296296296296297,0.5376344086021452,0.5
0.47499999999999987,0.49382716049382724,0.39583333333333326,0.18055555555555552,0.6428571428571428,0.15286624203821658,0.3072033898305085,0.32977099236642005,0.7302631578947376,0.6666666666666664,0.6290322580645162,0.5
0.4249999999999998,0.5185185185185185,0.4374999999999999,0.3958333333333333,0.6428571428571428,0.29299363057324845,0.6207627118644068,0.4036962635596666,0.5723684210526323,0.6296296296296297,0.5403225806451613,0.5
0.32499999999999973,0.32098765432098764,0.20833333333333323,0.037037037037037035,0.5535714285714285,0.624203821656051,0.47245762711864403,0.30405785456007095,0.5460526315789482,0.31481481481481477,0.403225806451613,0.33333333333333326
0.5999999999999999,0.9629629629629628,0.1458333333333333,0.24537037037037035,0.5892857142857143,0.15286624203821658,0.4470338983050848,0.46090799517879333,0.37500000000000044,0.4999999999999999,0.2903225806451615,0.33333333333333326
0.47499999999999987,0.6419753086419754,0.45833333333333326,0.7314814814814814,0.6428571428571428,0.22929936305732485,0.5360169491525424,0.7218963439132224,0.3355263157894739,0.5925925925925924,0.17741935483870974,0.33333333333333326
0.44999999999999973,0.4691358024691358,0.33333333333333326,0.027777777777777776,0.3214285714285715,0.43312101910828027,0.3877118644067797,0.13306548814784946,0.46710526315789513,0.2777777777777777,0.709677419354839,0.5
0.050000000000000044,0.6666666666666666,0.33333333333333326,0.3333333333333333,0.2857142857142858,0.28025477707006374,0.4088983050847458,0.3406990759341113,0.7697368421052642,0.33333333333333326,0.5322580645161292,0.5
0.0,0.9382716049382716,0.020833333333333287,0.10185185185185185,0.16071428571428586,0.3694267515923567,0.3877118644067797,0.06749698674166638,0.8881578947368429,0.2222222222222222,0.8225806451612905,0.5
0.44999999999999973,0.7407407407407407,0.4166666666666665,0.10648148148148147,0.3571428571428572,0.1656050955414013,0.3453389830508475,0.13177983125753912,0.3092105263157898,0.2777777777777777,0.7258064516129035,0.5
0.6249999999999998,0.5432098765432098,0.33333333333333326,0.08796296296296295,0.5357142857142857,0.3821656050955414,0.43432203389830504,0.3972679791080793,0.4934210526315792,0.5925925925925924,0.370967741935484,0.33333333333333326
0.3999999999999999,0.49382716049382724,0.27083333333333326,0.5648148148148148,0.4285714285714286,0.624203821656051,0.5529661016949152,0.52969063881077,0.5592105263157898,0.38888888888888873,0.435483870967742,0.5
0.5249999999999999,0.5185185185185185,0.33333333333333326,0.537037037037037,0.4464285714285715,0.3439490445859873,0.4936440677966102,0.5406187223784684,0.3223684210526314,0.7962962962962962,0.3870967741935485,0.5
0.3749999999999998,0.5432098765432098,0.20833333333333323,0.32870370370370366,0.6071428571428571,0.5732484076433121,0.6970338983050848,0.5161912414624439,0.5460526315789482,0.4814814814814813,0.24193548387096775,0.33333333333333326
0.3749999999999998,0.7654320987654321,0.27083333333333326,0.10185185185185185,0.5892857142857143,0.6496815286624205,0.6504237288135594,0.38119726797911113,0.5723684210526323,0.4259259259259258,0.2903225806451615,0.33333333333333326
0.44999999999999973,0.24691358024691357,0.35416666666666663,0.7731481481481481,0.6428571428571428,0.1910828025477707,0.548728813559322,0.7257533145841748,0.2565789473684217,0.38888888888888873,0.22580645161290325,0.5
0.2999999999999998,0.49382716049382724,0.4166666666666665,0.8657407407407407,0.6428571428571428,0.43312101910828027,0.6546610169491526,0.7713941341904516,0.44078947368421106,0.5185185185185184,0.16129032258064524,0.33333333333333326
0.44999999999999973,0.6666666666666666,0.35416666666666663,0.09722222222222222,0.5357142857142857,0.21656050955414013,0.4639830508474576,0.1549216552832462,0.5723684210526323,0.4814814814814813,0.806451612903226,0.6666666666666665
0.27500000000000013,0.345679012345679,0.18749999999999992,0.2685185185185185,0.4642857142857143,0.3312101910828026,0.4258474576271186,0.44483728404982514,0.6118421052631589,0.5185185185185184,0.306451612903226,0.33333333333333326
0.7249999999999999,0.49382716049382724,0.3124999999999999,0.08333333333333333,0.5178571428571428,0.3439490445859873,0.5826271186440678,0.38633989554038095,0.6118421052631589,0.6296296296296297,0.4193548387096775,0.5
0.5749999999999997,0.8395061728395061,0.2291666666666666,0.10185185185185185,0.4107142857142857,0.3312101910828026,0.3792372881355932,0.16520691040578583,0.5592105263157898,0.4629629629629628,0.870967741935484,0.5
0.47499999999999987,0.5925925925925926,0.47916666666666663,0.050925925925925916,0.2857142857142858,0.3694267515923567,0.4004237288135593,0.15106468461229383,0.414473684210527,0.2407407407407406,0.7258064516129035,0.5
0.44999999999999973,0.4444444444444444,0.9791666666666665,0.6851851851851851,0.6785714285714285,0.3821656050955414,0.5148305084745762,0.706468461229413,0.4013157894736845,0.4999999999999999,0.20967741935483875,0.33333333333333326
0.34999999999999987,0.5925925925925926,0.3124999999999999,0.16203703703703703,0.6428571428571428,0.40764331210191085,0.548728813559322,0.3824829248694357,0.7302631578947376,0.5555555555555555,0.4838709677419355,0.33333333333333326
0.3749999999999998,0.41975308641975306,0.375,0.27777777777777773,0.6964285714285714,0.4840764331210191,0.586864406779661,0.42876657292085696,0.5197368421052642,0.4814814814814813,0.370967741935484,0.33333333333333326
0.34999999999999987,0.32098765432098764,0.3124999999999999,0.027777777777777776,0.6428571428571428,0.3694267515923567,0.3199152542372881,0.2089192446765793,0.5723684210526323,0.6481481481481478,0.5322580645161292,0.5
0.3999999999999999,0.37037037037037035,0.375,0.06944444444444445,0.4821428571428572,0.42038216560509556,0.3411016949152542,0.24620329449578549,0.29605263157894735,0.759259259259259,0.467741935483871,0.5
0.0,0.16049382716049382,0.4166666666666665,0.018518518518518517,0.4821428571428572,0.42038216560509556,0.298728813559322,0.2372036962635633,0.9999999999999996,0.4999999999999999,0.5322580645161292,0.5
0.34999999999999987,0.2962962962962963,0.39583333333333326,0.023148148148148154,0.4285714285714286,0.28025477707006374,0.2478813559322034,0.17934913619927784,0.7302631578947376,0.4629629629629628,0.6612903225806452,0.5
0.5499999999999998,0.49382716049382724,0.39583333333333326,0.037037037037037035,0.4285714285714286,0.12738853503184716,0.2690677966101695,0.29698674166332495,0.4934210526315792,0.7962962962962962,0.5,0.33333333333333326
0.5749999999999997,0.691358024691358,0.2291666666666666,0.046296296296296294,1.0,0.28025477707006374,0.510593220338983,0.41462434712736496,0.4013157894736845,0.759259259259259,0.2903225806451615,0.33333333333333326
0.2250000000000001,0.41975308641975306,0.27083333333333326,0.42592592592592593,0.6071428571428571,0.6114649681528663,0.4470338983050848,0.5528324628364842,0.5197368421052642,0.4259259259259258,0.33870967741935476,0.5
0.2250000000000001,0.345679012345679,0.4999999999999999,0.060185185185185175,0.375,0.445859872611465,0.3834745762711864,0.1504218561671422,0.5986842105263164,0.6666666666666664,0.709677419354839,0.5
0.2999999999999998,0.2962962962962963,0.6041666666666665,0.032407407407407406,0.3392857142857144,0.445859872611465,0.3580508474576271,0.09899558055444402,0.4013157894736845,0.5555555555555555,0.7580645161290325,0.5
0.3999999999999999,0.5925925925925926,0.35416666666666663,0.33796296296296297,0.625,0.6496815286624205,0.6800847457627118,0.5161912414624439,0.44078947368421106,0.5185185185185184,0.25806451612903225,0.33333333333333326
0.2999999999999998,1.0,0.35416666666666663,0.18055555555555552,0.6785714285714285,0.1910828025477707,0.451271186440678,0.4621936520691037,0.5723684210526323,0.4444444444444443,0.17741935483870974,0.33333333333333326
0.27500000000000013,0.345679012345679,0.7499999999999999,1.0000000000000002,1.0,0.6751592356687899,0.43432203389830504,0.5946163117718086,0.3881578947368429,0.2407407407407406,0.774193548387097,0.33333333333333326
0.34999999999999987,0.5432098765432098,0.4999999999999999,0.13425925925925924,0.3928571428571429,0.445859872611465,0.5741525423728814,0.17742065086380165,0.4934210526315792,0.2777777777777777,0.709677419354839,0.5
0.25,0.49382716049382724,0.18749999999999992,0.027777777777777776,0.7678571428571428,0.06369426751592358,0.375,0.3709120128565715,0.5592105263157898,0.6666666666666664,0.2500000000000002,0.16666666666666663
0.25,1.0,0.35416666666666663,0.18055555555555552,0.6785714285714285,0.1910828025477707,0.451271186440678,0.4621936520691037,0.5723684210526323,0.4444444444444443,0.17741935483870974,0.33333333333333326
0.47499999999999987,0.5679012345679012,0.4999999999999999,0.06481481481481481,0.3214285714285715,0.12738853503184716,0.2309322033898305,0.22691844114102366,0.6381578947368429,0.7962962962962962,0.7258064516129035,0.5
0.3999999999999999,0.1728395061728395,0.33333333333333326,0.3333333333333333,0.625,0.14012738853503187,0.2055084745762712,0.4390518280433966,0.46710526315789513,0.33333333333333326,0.306451612903226,0.5
0.3999999999999999,0.12345679012345678,0.39583333333333326,0.013888888888888888,0.5357142857142857,0.3821656050955414,0.2860169491525424,0.2982723985536424,0.8750000000000004,0.5555555555555555,0.5161290322580645,0.5
0.47499999999999987,0.9876543209876543,0.8333333333333333,0.10648148148148147,0.2678571428571429,0.3312101910828026,0.43432203389830504,0.1382081157091264,0.4276315789473686,0.33333333333333326,0.806451612903226,0.5
0.25,0.5432098765432098,0.4999999999999999,0.13425925925925924,0.3214285714285715,0.29299363057324845,0.4088983050847458,0.22241864202490547,0.5197368421052642,0.40740740740740733,0.596774193548387,0.5
0.32499999999999973,0.49382716049382724,0.29166666666666663,0.16666666666666669,0.4107142857142857,0.14012738853503187,0.3199152542372881,0.12020891924467492,0.21710526315789558,0.8888888888888885,0.8225806451612905,0.5
0.2999999999999998,0.2716049382716049,0.5833333333333333,0.4212962962962962,0.3035714285714286,0.1910828025477707,0.1292372881355932,0.39148252310165077,0.36184210526315885,0.8148148148148148,0.6451612903225807,0.5
0.4999999999999998,0.5679012345679012,0.33333333333333326,0.4583333333333333,0.4999999999999999,0.356687898089172,0.6165254237288136,0.6486139011651275,0.7302631578947376,0.611111111111111,0.41129032258064524,0.5
0.6749999999999998,0.3950617283950617,0.4166666666666665,0.023148148148148154,0.5535714285714285,0.40764331210191085,0.2733050847457627,0.19863398955403966,0.3092105263157898,0.31481481481481477,0.5564516129032258,0.5
0.4999999999999998,0.37037037037037035,0.6249999999999999,0.7175925925925926,0.6785714285714285,0.8789808917197452,0.739406779661017,0.7514664523905239,0.4934210526315792,0.7777777777777776,0.35483870967741926,0.5
0.3749999999999998,0.5185185185185185,0.4374999999999999,0.34722222222222215,1.0,0.7388535031847134,0.5529661016949152,0.5586179188429199,0.3881578947368429,0.33333333333333326,0.20967741935483875,0.33333333333333326
0.4999999999999998,0.2962962962962963,0.33333333333333326,0.25925925925925924,0.6607142857142856,0.25477707006369427,0.3665254237288136,0.4107673764564126,0.37500000000000044,0.5925925925925924,0.4516129032258067,0.33333333333333326
0.10000000000000009,0.7407407407407407,0.35416666666666663,0.32870370370370366,0.6785714285714285,0.22929936305732485,0.3538135593220339,0.34648453194054696,0.6118421052631589,0.4259259259259258,0.6774193548387097,0.5
0.7499999999999998,0.4691358024691358,0.4999999999999999,0.08333333333333333,0.6785714285714285,0.43312101910828027,0.6588983050847458,0.3143431096826035,0.5197368421052642,0.611111111111111,0.4838709677419355,0.5
0.44999999999999973,1.0,0.24999999999999992,0.7268518518518519,0.7142857142857142,0.4968152866242038,0.6885593220338982,0.7386098834873494,0.7171052631578951,0.5925925925925924,0.3870967741935485,0.5
0.5749999999999997,0.41975308641975306,0.45833333333333326,0.07870370370370369,0.625,0.3821656050955414,0.5783898305084746,0.27577340297307984,0.44078947368421106,0.5370370370370369,0.5483870967741937,0.5
0.25,1.0,0.0,0.3611111111111111,0.4642857142857143,0.3694267515923567,0.3580508474576271,0.24363198071515058,0.5986842105263164,0.9259259259259257,0.9758064516129035,0.6666666666666665
0.4249999999999998,0.5925925925925926,0.29166666666666663,0.3657407407407407,0.6428571428571428,0.22929936305732485,0.5021186440677966,0.4621936520691037,0.29605263157894735,0.37037037037037024,0.435483870967742,0.33333333333333326
0.3999999999999999,0.49382716049382724,0.29166666666666663,0.25,0.6428571428571428,0.6114649681528663,0.6038135593220338,0.44290879871434896,0.45394736842105265,0.5555555555555555,0.35483870967741926,0.33333333333333326
0.44999999999999973,0.2716049382716049,0.39583333333333326,0.023148148148148154,0.5178571428571428,0.4585987261146497,0.3411016949152542,0.2114905584572071,0.5460526315789482,0.8703703703703701,0.5161290322580645,0.5
0.07499999999999996,0.5555555555555555,0.08333333333333329,0.05324074074074074,0.375,0.1910828025477707,0.2266949152542373,0.1857774206508651,0.7828947368421058,0.5370370370370369,0.6989247311827904,0.33333333333333326
0.25,0.4444444444444444,0.4374999999999999,0.09259259259259259,0.3392857142857144,0.9299363057324841,0.4639830508474576,0.19863398955403966,0.5197368421052642,0.29629629629629617,0.5645161290322582,0.16666666666666663
0.47499999999999987,0.37037037037037035,0.1666666666666666,0.032407407407407406,0.8214285714285714,0.15286624203821658,0.3411016949152542,0.34648453194054696,0.3486842105263164,0.611111111111111,0.24193548387096775,0.33333333333333326
0.4999999999999998,0.6172839506172839,0.4374999999999999,0.06944444444444445,0.5714285714285714,0.42038216560509556,0.5402542372881356,0.09578143832865038,0.5723684210526323,0.6296296296296297,0.870967741935484,0.5
0.32499999999999973,0.4691358024691358,0.47916666666666663,0.023148148148148154,0.3392857142857144,0.28025477707006374,0.3834745762711864,0.17292085174769056,0.7302631578947376,0.33333333333333326,0.7258064516129035,0.5
0.4999999999999998,0.7901234567901234,0.4166666666666665,0.10185185185185185,0.5178571428571428,0.3184713375796179,0.3283898305084746,0.2114905584572071,0.414473684210527,0.37037037037037024,0.5161290322580645,0.5
0.32499999999999973,0.7901234567901234,0.18749999999999992,0.38888888888888884,0.6428571428571428,0.33757961783439494,0.9999999999999999,0.5971876255524293,0.5065789473684217,0.5185185185185184,0.12903225806451624,0.33333333333333326
0.5749999999999997,0.49382716049382724,0.35416666666666663,0.10185185185185185,0.4285714285714286,0.6114649681528663,0.4173728813559322,0.2372036962635633,0.3355263157894739,0.685185185185185,0.5161290322580645,0.5
0.34999999999999987,0.5925925925925926,0.47916666666666663,0.07407407407407408,0.375,0.1656050955414013,0.2139830508474576,0.17934913619927784,0.46710526315789513,0.4814814814814813,0.7580645161290325,0.5
0.4999999999999998,0.22222222222222227,0.1666666666666666,0.20833333333333331,0.6071428571428571,0.30573248407643316,0.2648305084745763,0.3786259541984762,0.2565789473684217,0.29629629629629617,0.2903225806451615,0.5
1.0,0.2962962962962963,0.4999999999999999,0.13425925925925924,0.6071428571428571,0.10191082802547771,0.08686440677966101,0.46862193652069095,0.44078947368421106,0.2592592592592592,0.2903225806451615,0.5
0.25,0.12345679012345678,0.27083333333333326,0.5601851851851851,0.7678571428571428,0.28025477707006374,0.6927966101694916,0.5457613499397453,0.6776315789473686,0.37037037037037024,0.596774193548387,0.5
0.25,0.5679012345679012,0.45833333333333326,0.3194444444444444,0.6607142857142856,0.6751592356687899,0.8919491525423728,0.5007633587786344,0.5065789473684217,0.4444444444444443,0.2903225806451615,0.33333333333333326
0.3749999999999998,0.691358024691358,0.2291666666666666,0.06481481481481481,0.5892857142857143,0.5859872611464969,0.7266949152542372,0.37219766974688895,0.4802631578947376,0.5370370370370369,0.25806451612903225,0.33333333333333326
0.47499999999999987,0.24691358024691357,0.33333333333333326,0.6342592592592592,0.5892857142857143,0.9808917197452229,0.548728813559322,0.6678987545199035,0.414473684210527,0.2777777777777777,0.27419354838709675,0.33333333333333326
0.44999999999999973,0.19753086419753085,0.33333333333333326,0.42592592592592593,0.6071428571428571,0.7324840764331211,0.4978813559322034,0.5071916432302217,0.46710526315789513,0.29629629629629617,0.3225806451612905,0.5
0.25,0.4691358024691358,0.27083333333333326,0.5601851851851851,0.7678571428571428,0.5095541401273885,0.7902542372881356,0.4814785054238726,0.6776315789473686,0.29629629629629617,0.6935483870967745,0.5
0.3999999999999999,0.7160493827160493,0.20833333333333323,0.13425925925925924,0.9464285714285714,0.20382165605095542,0.3453389830508475,0.4043390920048253,0.29605263157894735,0.29629629629629617,0.16129032258064524,0.5
0.6249999999999998,0.4444444444444444,0.9166666666666665,0.5601851851851851,0.5714285714285714,0.7452229299363058,0.614406779661017,0.7257533145841748,0.3355263157894739,0.4259259259259258,0.17741935483870974,0.5
0.6249999999999998,0.49382716049382724,0.9375,0.5694444444444444,0.6071428571428571,0.7643312101910829,0.6059322033898306,0.7257533145841748,0.3355263157894739,0.4259259259259258,0.17741935483870974,0.5
0.25,0.09876543209876543,0.24999999999999992,0.032407407407407406,0.7321428571428571,0.42038216560509556,0.43008474576271183,0.2372036962635633,0.6776315789473686,0.20370370370370372,0.5483870967741937,0.5
0.32499999999999973,0.41975308641975306,0.18749999999999992,0.4583333333333333,0.6071428571428571,0.4968152866242038,0.44279661016949157,0.590759341100842,0.44078947368421106,0.2407407407407406,0.403225806451613,0.33333333333333326
0.3999999999999999,0.3950617283950617,0.375,0.04166666666666667,0.4464285714285715,0.42038216560509556,0.3622881355932203,0.13049417436722166,0.4276315789473686,0.14814814814814803,0.709677419354839,0.5
0.6249999999999998,0.4444444444444444,0.9166666666666665,0.5601851851851851,0.5714285714285714,0.7452229299363058,0.5783898305084746,0.7257533145841748,0.3355263157894739,0.4259259259259258,0.17741935483870974,0.5
0.6249999999999998,0.49382716049382724,0.9375,0.5694444444444444,0.6071428571428571,0.7643312101910829,0.5614406779661016,0.7257533145841748,0.3355263157894739,0.4259259259259258,0.17741935483870974,0.5
0.875,0.24691358024691357,0.5833333333333333,0.027777777777777776,0.6071428571428571,0.05095541401273886,0.3156779661016949,0.42362394535958714,0.4934210526315792,0.5555555555555555,0.33870967741935476,0.33333333333333326
0.5749999999999997,0.024691358024691357,0.4374999999999999,0.25925925925925924,0.3035714285714286,0.28025477707006374,0.48516949152542377,0.3786259541984762,0.24342105263157965,0.31481481481481477,0.467741935483871,0.5
0.875,0.1481481481481482,0.5624999999999999,0.37962962962962965,0.1964285714285715,0.14012738853503187,0.1716101694915254,0.5457613499397453,0.4276315789473686,0.2407407407407406,0.49193548387096797,0.33333333333333326
0.25,0.49382716049382724,0.4374999999999999,0.1527777777777778,0.1964285714285715,0.43312101910828027,0.3622881355932203,0.1619927681799922,0.5986842105263164,0.6666666666666664,0.7661290322580645,0.5
0.2999999999999998,0.37037037037037035,0.5208333333333333,0.032407407407407406,0.17857142857142871,0.267515923566879,0.3877118644067797,0.16070711128967474,0.7302631578947376,0.2777777777777777,0.7580645161290325,0.5
0.5249999999999999,0.49382716049382724,0.5833333333333333,0.3935185185185185,0.3928571428571429,0.178343949044586,0.23940677966101692,0.49433507432704715,0.3223684210526314,0.5925925925925924,0.5,0.33333333333333326
0.3749999999999998,0.41975308641975306,0.9166666666666665,0.05555555555555555,0.10714285714285732,0.4968152866242038,0.3453389830508475,0.14174367215749584,0.5065789473684217,0.16666666666666663,0.806451612903226,0.5
0.4249999999999998,0.2962962962962963,0.45833333333333326,0.06944444444444445,0.3214285714285715,0.3821656050955414,0.3199152542372881,0.14945761349939346,0.2039473684210531,0.722222222222222,0.6451612903225807,0.5
0.27500000000000013,0.5185185185185185,0.47916666666666663,0.037037037037037035,0.1250000000000001,0.1910828025477707,0.11652542372881355,0.17934913619927784,0.7171052631578951,0.2407407407407406,0.5645161290322582,0.5
0.3999999999999999,0.9382716049382716,0.27083333333333326,0.6527777777777777,0.5714285714285714,0.624203821656051,0.6927966101694916,0.7177179590197014,0.7697368421052642,0.7037037037037034,0.403225806451613,0.33333333333333326
0.4999999999999998,0.37037037037037035,0.4999999999999999,0.060185185185185175,0.5714285714285714,0.22929936305732485,0.3453389830508475,0.27577340297307984,0.3881578947368429,0.4444444444444443,0.5,0.5
0.5499999999999998,0.37037037037037035,0.47916666666666663,0.05555555555555555,0.5892857142857143,0.29299363057324845,0.3961864406779661,0.2822016874246742,0.4013157894736845,0.4629629629629628,0.5,0.5
0.3999999999999999,1.0,0.35416666666666663,0.41666666666666663,0.2142857142857144,0.22929936305732485,0.3580508474576271,0.3400562474889526,0.5460526315789482,0.9444444444444441,0.8225806451612905,0.5
0.2250000000000001,0.49382716049382724,0.4374999999999999,0.1527777777777778,0.1964285714285715,0.43312101910828027,0.3622881355932203,0.1619927681799922,0.5986842105263164,0.6666666666666664,0.7661290322580645,0.5
0.4999999999999998,0.9135802469135803,0.4374999999999999,0.5185185185185185,1.0,0.267515923566879,0.3283898305084746,0.635757332261953,0.37500000000000044,0.40740740740740733,0.25806451612903225,0.33333333333333326
0.32499999999999973,0.2962962962962963,0.6458333333333333,0.060185185185185175,0.23214285714285726,0.3821656050955414,0.5021186440677966,0.27577340297307984,0.5986842105263164,0.9259259259259257,0.596774193548387,0.33333333333333326
0.32499999999999973,0.7160493827160493,0.7708333333333333,0.5277777777777778,0.4821428571428572,0.7515923566878981,0.8072033898305084,0.635757332261953,0.4802631578947376,0.685185185185185,0.27419354838709675,0.5
0.27500000000000013,0.32098765432098764,0.29166666666666663,0.33796296296296297,0.3214285714285715,0.25477707006369427,0.4682203389830508,0.46862193652069095,0.7565789473684217,0.685185185185185,0.467741935483871,0.5
0.5249999999999999,0.345679012345679,0.47916666666666663,0.4027777777777778,0.4464285714285715,0.25477707006369427,0.3834745762711864,0.5586179188429199,0.7039473684210527,0.5925925925925924,0.435483870967742,0.6666666666666665
0.15000000000000013,0.4691358024691358,0.27083333333333326,0.18518518518518517,0.1250000000000001,0.3439490445859873,0.3707627118644068,0.11442346323825348,0.6907894736842111,0.5925925925925924,0.935483870967742,0.5
0.2999999999999998,0.4444444444444444,0.35416666666666663,0.07407407407407408,0.3571428571428572,0.10191082802547771,0.22245762711864409,0.15138609883487675,0.4013157894736845,0.4814814814814813,0.6693548387096775,0.5
0.19999999999999996,0.24691358024691357,0.4374999999999999,0.44444444444444436,0.23214285714285726,0.3312101910828026,0.47245762711864403,0.5329047810365637,0.9013157894736854,0.37037037037037024,0.4516129032258067,0.6666666666666665
0.19999999999999996,0.4444444444444444,0.375,0.4629629629629629,0.2678571428571429,0.3184713375796179,0.4216101694915254,0.4879067898754599,0.7828947368421058,0.2222222222222222,0.435483870967742,0.6666666666666665
0.5499999999999998,0.37037037037037035,0.5416666666666665,0.037037037037037035,0.375,0.3694267515923567,0.3961864406779661,0.2629168340699053,0.46710526315789513,0.4814814814814813,0.4516129032258067,0.6666666666666665
0.25,0.49382716049382724,1.0,0.3935185185185185,0.4285714285714286,0.30573248407643316,0.5911016949152542,0.6036159100040308,0.9999999999999996,0.611111111111111,0.4516129032258067,0.33333333333333326
0.9499999999999997,0.691358024691358,0.35416666666666663,0.48611111111111105,0.2678571428571429,0.5286624203821656,0.6419491525423728,0.49433507432704715,0.29605263157894735,0.4999999999999999,0.6451612903225807,0.33333333333333326
0.3999999999999999,0.5432098765432098,0.375,0.17592592592592593,0.7142857142857142,0.1910828025477707,0.489406779661017,0.34648453194054696,0.5592105263157898,0.40740740740740733,0.6774193548387097,0.5
0.34999999999999987,0.2962962962962963,0.47916666666666663,0.10185185185185185,0.625,0.1910828025477707,0.451271186440678,0.41719566090799987,0.4934210526315792,0.611111111111111,0.22580645161290325,0.5
0.25,0.5185185185185185,0.12499999999999992,0.023148148148148154,0.2500000000000001,0.12738853503184716,0.2690677966101695,0.17292085174769056,0.6513157894736845,0.33333333333333326,0.5483870967741937,0.5
0.2250000000000001,0.345679012345679,0.39583333333333326,0.032407407407407406,0.2142857142857144,0.30573248407643316,0.3453389830508475,0.1523503415026113,0.7171052631578951,0.29629629629629617,0.7258064516129035,0.6666666666666665
0.19999999999999996,0.345679012345679,0.47916666666666663,0.027777777777777776,0.16071428571428586,0.3439490445859873,0.3283898305084746,0.07199678585777747,0.5197368421052642,0.4444444444444443,0.8145161290322585,0.6666666666666665
0.4999999999999998,0.5925925925925926,0.29166666666666663,0.12499999999999999,0.1964285714285715,0.3694267515923567,0.336864406779661,0.16006428284452312,0.3881578947368429,0.33333333333333326,0.709677419354839,0.5
0.34999999999999987,0.2962962962962963,0.35416666666666663,0.4212962962962962,0.2678571428571429,0.4713375796178344,0.3495762711864407,0.2372036962635633,0.36184210526315885,0.6296296296296297,0.7903225806451615,0.6666666666666665
0.32499999999999973,0.6666666666666666,0.3124999999999999,0.07870370370370369,0.3392857142857144,0.29299363057324845,0.48093220338983056,0.22434712736038875,0.7039473684210527,0.685185185185185,0.6451612903225807,0.6666666666666665
0.27500000000000013,0.5432098765432098,0.4166666666666665,0.023148148148148154,0.375,0.267515923566879,0.15466101694915255,0.2114905584572071,0.5065789473684217,0.29629629629629617,0.5322580645161292,0.33333333333333326
0.3749999999999998,0.1728395061728395,0.5208333333333333,0.5,0.625,0.29299363057324845,0.3241525423728814,0.6704700683005242,0.5328947368421058,0.4999999999999999,0.3225806451612905,0.5
0.0,0.12345679012345678,0.47916666666666663,0.027777777777777776,0.4821428571428572,0.4840764331210191,0.3326271186440678,0.17292085174769056,0.8092105263157898,0.7777777777777776,0.6129032258064517,0.6666666666666665
0.2999999999999998,0.2962962962962963,0.35416666666666663,0.6527777777777777,0.5357142857142857,0.6496815286624205,0.4470338983050848,0.7235034150261228,0.24342105263157965,0.8703703703703701,0.22580645161290325,0.5
0.2250000000000001,0.2962962962962963,0.3124999999999999,0.611111111111111,0.5714285714285714,0.535031847133758,0.3919491525423729,0.7238248292487057,0.21710526315789558,0.8148148148148148,0.12903225806451624,0.5
0.2999999999999998,0.4691358024691358,0.35416666666666663,0.032407407407407406,0.4107142857142857,0.3821656050955414,0.5021186440677966,0.26613097629569893,0.861842105263158,0.38888888888888873,0.5,0.5
0.3749999999999998,0.7160493827160493,0.8749999999999998,0.26388888888888884,0.5892857142857143,0.42038216560509556,0.5360169491525424,0.4621936520691037,0.3881578947368429,0.9999999999999999,0.403225806451613,0.5
0.3999999999999999,0.37037037037037035,0.5833333333333333,0.33796296296296297,0.625,0.7388535031847134,0.5529661016949152,0.49947770188830987,0.07236842105263186,0.4999999999999999,0.20967741935483875,0.5
0.27500000000000013,0.6419753086419754,0.33333333333333326,0.06481481481481481,0.4821428571428572,0.12738853503184716,0.3834745762711864,0.20763358778626184,0.28289473684210575,0.5925925925925924,0.5483870967741937,0.5
0.050000000000000044,0.6172839506172839,0.29166666666666663,0.5185185185185185,0.2678571428571429,0.267515923566879,0.586864406779661,0.3927681799919682,0.7960526315789482,0.7777777777777776,0.6129032258064517,0.5
0.15000000000000013,0.5185185185185185,0.6041666666666665,0.027777777777777776,0.2500000000000001,0.3694267515923567,0.47669491525423724,0.11828043390919873,0.6250000000000004,0.2592592592592592,0.709677419354839,0.5
0.7999999999999998,0.6172839506172839,0.5416666666666665,0.4351851851851851,0.3571428571428572,0.25477707006369427,0.375,0.4795500200883893,0.414473684210527,0.2592592592592592,0.5806451612903225,0.5
0.3999999999999999,0.5432098765432098,0.4999999999999999,0.21296296296296297,0.625,0.356687898089172,0.4978813559322034,0.38119726797911113,0.5986842105263164,0.6666666666666664,0.5,0.33333333333333326
0.3999999999999999,0.6172839506172839,0.4374999999999999,0.3055555555555555,0.4642857142857143,0.5095541401273885,0.6292372881355932,0.39855363599839677,0.5460526315789482,0.4999999999999999,0.5,0.5
0.5499999999999998,0.6172839506172839,1.0,0.4305555555555555,0.4821428571428572,0.24203821656050956,0.9809322033898306,0.4654077942948973,0.2697368421052633,0.611111111111111,0.4838709677419355,0.5
0.47499999999999987,0.9135802469135803,0.4374999999999999,0.21759259259259256,0.375,0.3184713375796179,0.6165254237288136,0.26420249096022985,0.414473684210527,0.4444444444444443,0.6774193548387097,0.5
0.4249999999999998,0.691358024691358,0.45833333333333326,0.599537037037037,0.6785714285714285,0.22929936305732485,0.3961864406779661,0.5354760948171986,0.5197368421052642,0.6296296296296297,0.4838709677419355,0.5
0.25,0.8395061728395061,0.4374999999999999,0.07407407407407408,0.3571428571428572,0.30573248407643316,0.4639830508474576,0.12149457613499237,0.6776315789473686,0.4629629629629628,0.7903225806451615,0.5
0.5749999999999997,0.7654320987654321,0.4374999999999999,0.4305555555555555,0.3928571428571429,0.3439490445859873,0.44279661016949157,0.45190839694657114,0.3486842105263164,0.37037037037037024,0.467741935483871,0.5
0.47499999999999987,1.0,0.4166666666666665,0.17129629629629628,0.9642857142857142,0.22929936305732485,0.4004237288135593,0.1947770188830873,0.5460526315789482,0.685185185185185,0.870967741935484,0.5
0.47499999999999987,1.0,0.0,0.5740740740740741,0.3214285714285715,0.3821656050955414,0.2351694915254237,0.5399758939333097,0.45394736842105265,0.5185185185185184,0.435483870967742,0.5
0.4249999999999998,0.19753086419753085,0.4999999999999999,0.018518518518518517,0.2142857142857144,0.267515923566879,0.2351694915254237,0.2372036962635633,0.6513157894736845,0.31481481481481477,0.5483870967741937,0.6666666666666665
0.875,0.345679012345679,0.5208333333333333,0.023148148148148154,0.4999999999999999,0.22929936305732485,0.4088983050847458,0.3593411008437215,0.2565789473684217,0.4629629629629628,0.35483870967741926,0.5
0.5249999999999999,0.37037037037037035,0.5416666666666665,0.29166666666666663,0.2678571428571429,0.5477707006369427,0.4088983050847458,0.3426275612695875,0.0,0.5925925925925924,0.4838709677419355,0.5
0.3999999999999999,0.22222222222222227,0.5208333333333333,0.5925925925925926,0.5178571428571428,0.5477707006369427,0.5063559322033898,0.6691844114102068,0.3355263157894739,0.38888888888888873,0.17741935483870974,0.5
0.050000000000000044,0.6172839506172839,0.18749999999999992,0.18518518518518517,0.3035714285714286,0.4840764331210191,0.44279661016949157,0.25905986339896003,0.4934210526315792,0.33333333333333326,0.4838709677419355,0.5
0.4999999999999998,0.7407407407407407,0.4166666666666665,0.4305555555555555,0.3928571428571429,0.4840764331210191,0.5360169491525424,0.39533949377260313,0.4013157894736845,0.2777777777777777,0.5645161290322582,0.5
0.4249999999999998,0.5185185185185185,0.47916666666666663,0.11111111111111112,0.375,0.4585987261146497,0.3114406779661017,0.22434712736038875,0.46710526315789513,0.685185185185185,0.6451612903225807,0.5
0.5249999999999999,0.5185185185185185,0.47916666666666663,0.2407407407407407,0.4464285714285715,0.178343949044586,0.3919491525423729,0.3786259541984762,0.3092105263157898,0.6666666666666664,0.5161290322580645,0.33333333333333326
0.44999999999999973,0.49382716049382724,0.4374999999999999,0.5694444444444444,0.3214285714285715,0.3694267515923567,0.6673728813559322,0.4936922458818813,0.414473684210527,0.31481481481481477,0.5161290322580645,0.5
0.34999999999999987,0.691358024691358,0.375,0.12037037037037036,0.3035714285714286,0.14012738853503187,0.2266949152542373,0.14849337083165892,0.12500000000000044,0.8703703703703701,0.741935483870968,0.6666666666666665
0.2999999999999998,1.0,0.0,0.009259259259259259,0.3035714285714286,0.07643312101910829,0.1292372881355932,0.2089192446765793,0.44078947368421106,0.33333333333333326,0.4838709677419355,0.16666666666666663
0.27500000000000013,0.8888888888888888,0.5624999999999999,0.08796296296296295,0.2678571428571429,0.12738853503184716,0.2266949152542373,0.3149859381277622,0.5460526315789482,0.4814814814814813,0.4516129032258067,0.5
0.27500000000000013,0.8395061728395061,0.5624999999999999,0.08333333333333333,0.3392857142857144,0.21656050955414013,0.2436440677966102,0.30405785456007095,0.5855263157894739,0.4814814814814813,0.467741935483871,0.33333333333333326
0.25,0.6419753086419754,0.24999999999999992,0.3055555555555555,0.4642857142857143,0.5859872611464969,0.5360169491525424,0.4692647649658568,0.46710526315789513,0.4999999999999999,0.2903225806451615,0.33333333333333326
0.25,0.4691358024691358,0.2291666666666666,0.3101851851851851,0.4464285714285715,0.5095541401273885,0.5317796610169492,0.4699075934110084,0.45394736842105265,0.4814814814814813,0.2903225806451615,0.33333333333333326
0.5749999999999997,0.6172839506172839,0.18749999999999992,0.26388888888888884,1.0,0.3184713375796179,0.6207627118644068,0.4904781036560877,0.12500000000000044,0.4999999999999999,0.24193548387096775,0.33333333333333326
0.32499999999999973,0.8888888888888888,0.39583333333333326,0.16898148148148145,0.3035714285714286,0.5222929936305732,0.47669491525423724,0.2886299718762615,0.5986842105263164,0.4629629629629628,0.5268817204301128,0.6666666666666665
0.6249999999999998,0.49382716049382724,0.5833333333333333,0.027777777777777776,0.4285714285714286,0.30573248407643316,0.336864406779661,0.31305745279228603,0.2697368421052633,0.7407407407407406,0.4516129032258067,0.33333333333333326
0.10000000000000009,1.0,0.18749999999999992,0.06481481481481481,0.375,0.267515923566879,0.4639830508474576,0.15299316994777,0.7302631578947376,0.9999999999999999,0.870967741935484,0.6666666666666665
0.32499999999999973,0.8888888888888888,0.39583333333333326,0.16898148148148145,0.3035714285714286,0.5222929936305732,0.47669491525423724,0.2886299718762615,0.5986842105263164,0.4629629629629628,0.5322580645161292,0.6666666666666665
0.3999999999999999,1.0,0.06249999999999992,0.18981481481481483,0.8035714285714284,0.39490445859872614,0.7478813559322034,0.5431900361591033,0.5460526315789482,0.4814814814814813,0.14516129032258074,0.33333333333333326
0.3999999999999999,0.7407407407407407,0.20833333333333323,0.18055555555555552,0.4107142857142857,0.43312101910828027,0.4216101694915254,0.28284451586983295,0.3486842105263164,0.37037037037037024,0.5161290322580645,0.5
0.6749999999999998,0.5555555555555555,0.6041666666666665,0.037037037037037035,0.5714285714285714,0.356687898089172,0.3199152542372881,0.28734431498594404,0.5460526315789482,0.5555555555555555,0.5645161290322582,0.6666666666666665
0.4249999999999998,1.0,0.27083333333333326,0.16203703703703703,0.375,0.42038216560509556,0.47245762711864403,0.19863398955403966,0.5986842105263164,0.611111111111111,0.806451612903226,0.6666666666666665
0.44999999999999973,0.7901234567901234,0.4374999999999999,0.21759259259259256,0.4107142857142857,0.22929936305732485,0.4470338983050848,0.3169144234632455,0.7302631578947376,0.9444444444444441,0.741935483870968,0.5
0.3999999999999999,0.7901234567901234,0.33333333333333326,0.16666666666666669,0.3035714285714286,0.1656050955414013,0.3029661016949152,0.17806347930896038,0.5986842105263164,0.5555555555555555,0.8225806451612905,0.5
0.875,1.0,0.29166666666666663,0.28009259259259256,0.3392857142857144,0.05095541401273886,0.586864406779661,0.4069104057854602,0.3223684210526314,0.4814814814814813,0.5161290322580645,0.33333333333333326
0.3749999999999998,0.5432098765432098,1.0,0.3518518518518518,0.3392857142857144,0.6114649681528663,0.760593220338983,0.4390518280433966,0.7697368421052642,0.4999999999999999,0.596774193548387,0.5
0.32499999999999973,0.2716049382716049,0.5833333333333333,0.09259259259259259,0.4642857142857143,0.28025477707006374,0.336864406779661,0.2841301727601504,0.4934210526315792,0.5185185185185184,0.467741935483871,0.5
0.19999999999999996,0.3950617283950617,0.5208333333333333,0.06481481481481481,0.4642857142857143,0.15286624203821658,0.2266949152542373,0.1735636801928493,0.3092105263157898,0.4259259259259258,0.5806451612903225,0.6666666666666665
0.2250000000000001,0.41975308641975306,0.47916666666666663,0.537037037037037,0.4642857142857143,0.5222929936305732,0.4555084745762712,0.5226195259140312,0.5592105263157898,0.574074074074074,0.3870967741935485,0.6666666666666665
0.44999999999999973,0.32098765432098764,0.6249999999999999,0.07870370370370369,0.4642857142857143,0.3694267515923567,0.3495762711864407,0.32784250703094386,0.5460526315789482,0.6666666666666664,0.467741935483871,0.6666666666666665
0.34999999999999987,0.49382716049382724,0.6666666666666665,0.20370370370370366,0.4999999999999999,0.6114649681528663,0.7139830508474576,0.3901968662113333,0.5592105263157898,0.7777777777777776,0.4516129032258067,0.5
0.25,0.5185185185185185,0.6041666666666665,0.4675925925925925,0.4107142857142857,0.5987261146496816,0.4936440677966102,0.42105263157895223,0.4013157894736845,0.685185185185185,0.5161290322580645,0.5
0.25,0.6543209876543209,0.12499999999999992,0.4722222222222222,0.3214285714285715,0.30573248407643316,0.4258474576271186,0.5033346725592693,0.5855263157894739,0.4999999999999999,0.3225806451612905,0.5
0.4249999999999998,1.0,0.33333333333333326,0.050925925925925916,0.5892857142857143,0.4713375796178344,0.6673728813559322,0.3220570510245082,0.6250000000000004,0.6481481481481478,0.4139784946236613,0.33333333333333326
0.2999999999999998,0.3950617283950617,0.6666666666666665,0.032407407407407406,0.375,0.5095541401273885,0.4173728813559322,0.1973483326637222,0.3092105263157898,0.7777777777777776,0.6021505376344034,0.5
0.4249999999999998,1.0,0.33333333333333326,0.050925925925925916,0.5892857142857143,0.4713375796178344,0.6673728813559322,0.3220570510245082,0.6250000000000004,0.6481481481481478,0.4193548387096775,0.33333333333333326
0.5249999999999999,1.0,0.35416666666666663,0.5601851851851851,0.6071428571428571,0.7261146496815287,0.7436440677966102,0.5689031739654453,0.5986842105263164,0.5925925925925924,0.403225806451613,0.5
0.2999999999999998,0.3950617283950617,0.6666666666666665,0.032407407407407406,0.375,0.5095541401273885,0.4173728813559322,0.1973483326637222,0.3092105263157898,0.7777777777777776,0.6048387096774195,0.5
0.44999999999999973,0.4444444444444444,0.5624999999999999,0.027777777777777776,0.3571428571428572,0.5222929936305732,0.451271186440678,0.24620329449578549,0.2697368421052633,0.759259259259259,0.5483870967741937,0.5
0.2250000000000001,0.3950617283950617,0.4374999999999999,0.032407407407407406,0.2678571428571429,0.29299363057324845,0.3326271186440678,0.16520691040578583,0.7434210526315792,0.38888888888888873,0.709677419354839,0.6666666666666665
0.4249999999999998,0.32098765432098764,0.5416666666666665,0.2361111111111111,0.4999999999999999,0.5732484076433121,0.7521186440677966,0.43776617115307914,0.5723684210526323,0.5185185185185184,0.33870967741935476,0.5
0.4999999999999998,0.5185185185185185,0.27083333333333326,0.1296296296296296,0.3571428571428572,0.4840764331210191,0.43432203389830504,0.20120530333467457,0.37500000000000044,0.4629629629629628,0.6935483870967745,0.5
0.050000000000000044,0.3950617283950617,0.5208333333333333,0.023148148148148154,0.3392857142857144,0.5987261146496816,0.586864406779661,0.04049819204499272,0.6776315789473686,0.18518518518518512,0.8225806451612905,0.6666666666666665
0.27500000000000013,0.24691358024691357,0.39583333333333326,0.018518518518518517,0.3928571428571429,0.28025477707006374,0.2902542372881356,0.24620329449578549,0.6381578947368429,0.611111111111111,0.42741935483870974,0.6666666666666665
0.25,0.4444444444444444,0.4166666666666665,0.018518518518518517,0.4821428571428572,0.42038216560509556,0.3453389830508475,0.21406187223784912,0.7302631578947376,0.4814814814814813,0.5483870967741937,0.6666666666666665
0.47499999999999987,1.0,0.24999999999999992,0.048611111111111105,1.0,0.4840764331210191,0.934322033898305,0.4300522298111744,0.4013157894736845,0.6481481481481478,0.20967741935483875,0.33333333333333326
0.2250000000000001,1.0,0.0,0.287037037037037,0.4821428571428572,0.089171974522293,0.2733050847457627,0.46347930895942824,0.8355263157894739,0.40740740740740733,0.35483870967741926,0.33333333333333326
0.19999999999999996,1.0,0.0,0.287037037037037,0.4821428571428572,0.089171974522293,0.2733050847457627,0.46347930895942824,0.8355263157894739,0.40740740740740733,0.35483870967741926,0.33333333333333326
0.2250000000000001,0.7654320987654321,0.33333333333333326,0.19907407407407407,0.3214285714285715,0.5987261146496816,0.3961864406779661,0.16392125351546838,0.5986842105263164,0.6666666666666664,0.8225806451612905,0.6666666666666665
0.32499999999999973,0.7407407407407407,0.7916666666666665,0.037037037037037035,0.6428571428571428,0.7261146496815287,0.8072033898305084,0.38441141020490477,0.5723684210526323,0.5185185185185184,0.25806451612903225,0.33333333333333326
0.3749999999999998,0.691358024691358,0.39583333333333326,0.08796296296296295,0.3571428571428572,0.20382165605095542,0.2266949152542373,0.1009240658899202,0.3881578947368429,0.4629629629629628,0.774193548387097,0.6666666666666665
0.2999999999999998,0.5185185185185185,0.6666666666666665,0.4722222222222222,0.5892857142857143,0.6751592356687899,0.548728813559322,0.42362394535958714,0.37500000000000044,0.685185185185185,0.47849462365591955,0.6666666666666665
0.2999999999999998,0.5185185185185185,0.6666666666666665,0.4722222222222222,0.5892857142857143,0.6751592356687899,0.548728813559322,0.42362394535958714,0.37500000000000044,0.685185185185185,0.4838709677419355,0.6666666666666665
0.5749999999999997,0.8641975308641974,0.33333333333333326,0.10185185185185185,0.375,0.5222929936305732,0.47669491525423724,0.16970670952189693,0.5328947368421058,0.4629629629629628,0.870967741935484,0.5
0.44999999999999973,0.41975308641975306,0.33333333333333326,0.032407407407407406,0.4464285714285715,0.3312101910828026,0.2775423728813559,0.17549216552833258,0.08552631578947434,0.4814814814814813,0.5161290322580645,0.5
0.44999999999999973,0.6172839506172839,0.6666666666666665,0.06481481481481481,0.2142857142857144,0.15286624203821658,0.2521186440677966,0.22627561269586494,0.6118421052631589,0.759259259259259,0.709677419354839,0.5
0.7999999999999998,0.37037037037037035,0.6666666666666665,0.023148148148148154,0.5892857142857143,0.42038216560509556,0.5529661016949152,0.2937725994375313,0.37500000000000044,0.4629629629629628,0.5161290322580645,0.33333333333333326
0.6249999999999998,0.22222222222222227,0.5624999999999999,0.3518518518518518,0.23214285714285726,0.535031847133758,0.3877118644067797,0.36062675773403896,0.44078947368421106,0.35185185185185175,0.709677419354839,0.5
0.2999999999999998,0.22222222222222227,0.4999999999999999,0.25,0.375,0.356687898089172,0.3877118644067797,0.4184813177983173,0.6776315789473686,0.6666666666666664,0.34408602150537115,0.6666666666666665
0.32499999999999973,0.19753086419753085,0.5208333333333333,0.2546296296296296,0.3392857142857144,0.3694267515923567,0.4004237288135593,0.4204098031337935,0.6776315789473686,0.6666666666666664,0.34408602150537115,0.6666666666666665
0.3999999999999999,0.5679012345679012,0.9166666666666665,0.37962962962962965,0.75,0.43312101910828027,0.8538135593220338,0.5984732824427468,0.4802631578947376,0.40740740740740733,0.17741935483870974,0.33333333333333326
0.32499999999999973,0.19753086419753085,0.5208333333333333,0.2546296296296296,0.3392857142857144,0.3694267515923567,0.4004237288135593,0.4204098031337935,0.6776315789473686,0.6666666666666664,0.34677419354838723,0.6666666666666665
0.2999999999999998,0.22222222222222227,0.4999999999999999,0.25,0.375,0.356687898089172,0.3877118644067797,0.4184813177983173,0.6776315789473686,0.6666666666666664,0.34677419354838723,0.6666666666666665
0.27500000000000013,0.8888888888888888,0.4999999999999999,0.027777777777777776,0.6071428571428571,0.12738853503184716,0.413135593220339,0.2719164323021346,0.861842105263158,0.40740740740740733,0.5645161290322582,0.33333333333333326
0.44999999999999973,0.5061728395061728,0.8333333333333333,0.5,0.3571428571428572,0.7006369426751593,0.4978813559322034,0.6563278425070322,0.36184210526315885,0.5925925925925924,0.14516129032258074,0.5
0.025000000000000133,0.6296296296296297,0.1041666666666666,0.032407407407407406,0.375,0.8535031847133758,0.6292372881355932,0.3220570510245082,0.8750000000000004,0.4444444444444443,0.3978494623655968,0.33333333333333326
0.2999999999999998,0.49382716049382724,0.8958333333333333,0.25925925925925924,0.23214285714285726,0.445859872611465,0.3580508474576271,0.2892728003214202,0.6250000000000004,0.5370370370370369,0.6129032258064517,0.6666666666666665
0.25,0.6666666666666666,0.4166666666666665,0.12037037037037036,0.3392857142857144,0.4968152866242038,0.5572033898305084,0.2629168340699053,0.7171052631578951,0.6666666666666664,0.5860215053763389,0.6666666666666665
0.2250000000000001,0.32098765432098764,0.5833333333333333,0.18055555555555552,0.4464285714285715,0.713375796178344,0.510593220338983,0.3991964644435555,0.6381578947368429,0.7407407407407406,0.4193548387096775,0.5
0.4249999999999998,0.41975308641975306,0.47916666666666663,0.4305555555555555,0.5357142857142857,0.4968152866242038,0.4597457627118644,0.5946163117718086,0.4934210526315792,0.5555555555555555,0.25806451612903225,0.5
0.0,0.6296296296296297,0.1041666666666666,0.032407407407407406,0.375,0.8535031847133758,0.6292372881355932,0.3220570510245082,0.8750000000000004,0.4444444444444443,0.403225806451613,0.33333333333333326
0.4999999999999998,1.0,0.0,0.032407407407407406,0.7678571428571428,0.29299363057324845,0.48093220338983056,0.35998392928887313,0.4802631578947376,0.31481481481481477,0.35483870967741926,0.16666666666666663
0.19999999999999996,0.4691358024691358,0.5833333333333333,0.013888888888888888,0.17857142857142871,0.11464968152866242,0.125,0.08613901165126947,0.6381578947368429,0.20370370370370372,0.8225806451612905,0.5
0.4999999999999998,0.5925925925925926,0.4999999999999999,0.004629629629629629,0.2142857142857144,0.1656050955414013,0.19703389830508472,0.17934913619927784,0.4013157894736845,0.16666666666666663,0.6129032258064517,0.5
0.4249999999999998,0.6172839506172839,0.47916666666666663,0.018518518518518517,0.4642857142857143,0.4713375796178344,0.4258474576271186,0.18834873443150002,0.3355263157894739,0.2777777777777777,0.6774193548387097,0.5
0.2999999999999998,0.3950617283950617,0.5208333333333333,0.018518518518518517,0.375,0.6369426751592357,0.6970338983050848,0.24813177983126167,0.8355263157894739,0.40740740740740733,0.5564516129032258,0.5
0.5999999999999999,0.4444444444444444,0.47916666666666663,0.45370370370370366,0.8392857142857142,0.267515923566879,0.4004237288135593,0.6100441944556181,0.5592105263157898,0.4999999999999999,0.403225806451613,0.33333333333333326
0.47499999999999987,0.19753086419753085,0.47916666666666663,0.5509259259259259,0.3571428571428572,0.20382165605095542,0.5783898305084746,0.6139011651265562,0.09868421052631593,0.2592592592592592,0.16129032258064524,0.5
0.5249999999999999,0.2716049382716049,0.45833333333333326,0.8634259259259258,0.4999999999999999,0.4585987261146497,0.625,0.7990357573322697,0.164473684210527,0.5555555555555555,0.17741935483870974,0.6666666666666665
0.2999999999999998,0.691358024691358,0.47916666666666663,0.023148148148148154,0.6785714285714285,0.30573248407643316,0.6504237288135594,0.45190839694657114,0.7565789473684217,0.5925925925925924,0.12903225806451624,0.33333333333333326
0.47499999999999987,0.6666666666666666,0.47916666666666663,0.38888888888888884,0.3035714285714286,0.3439490445859873,0.3961864406779661,0.30662916834069875,0.4276315789473686,0.7962962962962962,0.7903225806451615,0.6666666666666665
0.32499999999999973,0.1728395061728395,0.6458333333333333,0.027777777777777776,0.2678571428571429,0.21656050955414013,0.2733050847457627,0.1382081157091264,0.5065789473684217,0.9999999999999999,0.806451612903226,0.5
0.5499999999999998,0.4691358024691358,1.0,0.032407407407407406,1.0,0.40764331210191085,0.43008474576271183,0.40048212133387295,0.3092105263157898,0.4444444444444443,0.19354838709677402,0.5
0.4999999999999998,0.5432098765432098,0.4999999999999999,0.5648148148148148,0.4642857142857143,0.7388535031847134,0.6292372881355932,0.6094013660104523,0.3881578947368429,0.6296296296296297,0.2903225806451615,0.33333333333333326
0.3999999999999999,1.0,0.0,0.324074074074074,0.5178571428571428,0.40764331210191085,0.527542372881356,0.49433507432704715,0.5986842105263164,0.29629629629629617,0.33870967741935476,0.5
0.27500000000000013,0.09876543209876543,0.39583333333333326,0.037037037037037035,0.3928571428571429,0.43312101910828027,0.2690677966101695,0.23334672559260383,0.6907894736842111,0.37037037037037024,0.467741935483871,0.6666666666666665
0.3749999999999998,0.691358024691358,0.8541666666666665,0.35648148148148145,0.6785714285714285,0.624203821656051,0.7733050847457628,0.5393330654881581,0.5197368421052642,0.5370370370370369,0.25806451612903225,0.5
0.2250000000000001,0.4691358024691358,0.1458333333333333,0.38888888888888884,0.6785714285714285,0.3821656050955414,0.3877118644067797,0.4904781036560877,0.7302631578947376,0.2777777777777777,0.3870967741935485,0.5
0.32499999999999973,0.345679012345679,0.6458333333333333,0.05787037037037038,0.2857142857142858,0.29299363057324845,0.3877118644067797,0.16392125351546838,0.29605263157894735,0.14814814814814803,0.6129032258064517,0.6666666666666665
0.19999999999999996,0.3086419753086419,0.1458333333333333,0.5532407407407407,0.6428571428571428,0.3694267515923567,0.4046610169491525,0.5483326637203803,0.7828947368421058,0.29629629629629617,0.4516129032258067,0.5
0.5999999999999999,0.6172839506172839,0.39583333333333326,0.037037037037037035,0.3392857142857144,0.30573248407643316,0.3792372881355932,0.34391321815990494,0.6250000000000004,0.6481481481481478,0.4193548387096775,0.5
0.27500000000000013,0.32098765432098764,0.45833333333333326,0.05555555555555555,0.3214285714285715,0.5477707006369427,0.5190677966101694,0.17549216552833258,0.7171052631578951,0.5185185185185184,0.7580645161290325,0.5
0.15000000000000013,0.6172839506172839,0.45833333333333326,0.15740740740740738,0.2678571428571429,0.3184713375796179,0.375,0.20570510245078566,0.6513157894736845,0.38888888888888873,0.6774193548387097,0.6666666666666665
0.15000000000000013,0.3086419753086419,0.1458333333333333,0.5532407407407407,0.6428571428571428,0.3694267515923567,0.4046610169491525,0.5483326637203803,0.7828947368421058,0.29629629629629617,0.4516129032258067,0.5
0.3999999999999999,0.49382716049382724,0.39583333333333326,0.11111111111111112,0.4464285714285715,0.21656050955414013,0.3326271186440678,0.3246283648051502,0.5855263157894739,0.4629629629629628,0.5,0.5
0.47499999999999987,0.1728395061728395,0.47916666666666663,0.33796296296296297,0.3392857142857144,0.1910828025477707,0.260593220338983,0.5149055845721264,0.6381578947368429,0.16666666666666663,0.3225806451612905,0.5
0.17500000000000004,0.5802469135802469,0.6041666666666665,0.09259259259259259,0.3214285714285715,0.10191082802547771,0.2097457627118644,0.24363198071515058,0.414473684210527,0.685185185185185,0.4516129032258067,0.5
0.0,0.3580246913580247,0.6041666666666665,0.027777777777777776,1.0,0.5732484076433121,0.4682203389830508,0.2706307754118171,0.664473684210527,0.33333333333333326,0.370967741935484,0.5
0.10000000000000009,0.3950617283950617,0.12499999999999992,0.3009259259259259,0.4999999999999999,0.3821656050955414,0.48516949152542377,0.42876657292085696,0.5723684210526323,0.4814814814814813,0.306451612903226,0.5
0.44999999999999973,0.4691358024691358,0.47916666666666663,0.032407407407407406,0.5178571428571428,0.20382165605095542,0.3114406779661017,0.21406187223784912,0.4013157894736845,0.6296296296296297,0.685483870967742,0.33333333333333326
0.32499999999999973,0.5925925925925926,0.4999999999999999,0.4675925925925925,0.375,0.3184713375796179,0.3326271186440678,0.520691040578555,0.7039473684210527,0.5555555555555555,0.35483870967741926,0.5
0.2999999999999998,0.41975308641975306,0.39583333333333326,0.32870370370370366,0.6785714285714285,0.445859872611465,0.47669491525423724,0.5001205303334757,0.3355263157894739,0.5185185185185184,0.22580645161290325,0.5
0.3999999999999999,0.8395061728395061,0.7708333333333333,0.3611111111111111,0.625,0.713375796178344,0.6800847457627118,0.5039775010044281,0.4934210526315792,0.4444444444444443,0.27419354838709675,0.5
0.5249999999999999,0.5679012345679012,0.4999999999999999,0.5601851851851851,0.4107142857142857,0.39490445859872614,0.4088983050847458,0.5329047810365637,0.3092105263157898,0.7962962962962962,0.3870967741935485,0.5
0.3749999999999998,0.9876543209876543,0.8124999999999998,0.05555555555555555,0.3571428571428572,0.42038216560509556,0.3241525423728814,0.2635596625150711,0.9013157894736854,0.9629629629629627,0.6774193548387097,0.5
0.5999999999999999,0.32098765432098764,0.45833333333333326,0.4583333333333333,0.3571428571428572,0.43312101910828027,0.43432203389830504,0.4930494174367297,0.414473684210527,0.33333333333333326,0.4193548387096775,0.5
0.4999999999999998,0.5925925925925926,0.7083333333333331,0.046296296296296294,0.625,0.025477707006369428,0.1927966101694915,0.4081960626757777,0.6118421052631589,0.4629629629629628,0.435483870967742,0.33333333333333326
0.7749999999999999,0.5432098765432098,1.0,0.05787037037037038,0.5892857142857143,0.14012738853503187,0.3665254237288136,0.39855363599839677,0.5723684210526323,0.4999999999999999,0.620967741935484,0.33333333333333326
0.125,0.5679012345679012,0.6041666666666665,0.4583333333333333,0.2857142857142858,0.6496815286624205,0.510593220338983,0.3921253515468095,0.7039473684210527,0.4444444444444443,0.596774193548387,0.5
0.10000000000000009,0.25925925925925924,0.27083333333333326,0.018518518518518517,0.2678571428571429,0.5732484076433121,0.43855932203389825,0.3259140216954606,0.9802631578947376,0.40740740740740733,0.34677419354838723,0.5
0.17500000000000004,0.19753086419753085,0.45833333333333326,0.027777777777777776,0.1964285714285715,0.3694267515923567,0.2055084745762712,0.17292085174769056,0.6907894736842111,0.40740740740740733,0.5860215053763389,0.5
0.2999999999999998,0.22222222222222227,0.5624999999999999,0.050925925925925916,0.4821428571428572,0.15286624203821658,0.17584745762711862,0.27834471675372185,0.5460526315789482,0.5925925925925924,0.4516129032258067,0.5
0.2999999999999998,0.19753086419753085,0.5624999999999999,0.046296296296296294,0.4821428571428572,0.14012738853503187,0.17584745762711862,0.2777018883085631,0.5460526315789482,0.5925925925925924,0.4516129032258067,0.5
0.32499999999999973,0.3950617283950617,0.47916666666666663,0.38888888888888884,0.2857142857142858,0.4968152866242038,0.48516949152542377,0.3361992768180002,0.5855263157894739,0.07407407407407407,0.6935483870967745,0.6666666666666665
0.17500000000000004,0.5432098765432098,0.33333333333333326,0.060185185185185175,0.2500000000000001,0.39490445859872614,0.4173728813559322,0.16777822418642785,0.7302631578947376,0.8148148148148148,0.7258064516129035,0.5
0.17500000000000004,0.19753086419753085,0.45833333333333326,0.027777777777777776,0.1964285714285715,0.3694267515923567,0.2055084745762712,0.17292085174769056,0.6907894736842111,0.40740740740740733,0.588709677419355,0.5
0.2999999999999998,0.5925925925925926,0.7708333333333333,0.04166666666666667,0.625,0.6878980891719746,0.7182203389830508,0.38376858175974604,0.5723684210526323,0.4999999999999999,0.25806451612903225,0.33333333333333326
0.32499999999999973,0.4691358024691358,0.45833333333333326,0.1527777777777778,0.3392857142857144,0.5095541401273885,0.4978813559322034,0.3259140216954606,0.5723684210526323,0.4444444444444443,0.467741935483871,0.5
0.2999999999999998,0.4691358024691358,0.47916666666666663,0.1388888888888889,0.3571428571428572,0.43312101910828027,0.48093220338983056,0.3239855363599844,0.5592105263157898,0.4444444444444443,0.4516129032258067,0.5
0.2999999999999998,0.1481481481481482,0.5833333333333333,0.027777777777777776,0.3035714285714286,0.7770700636942676,0.5444915254237288,0.3047006830052297,0.6776315789473686,0.40740740740740733,0.5161290322580645,0.33333333333333326
0.050000000000000044,0.3950617283950617,0.20833333333333323,0.20370370370370366,0.4999999999999999,0.1910828025477707,0.3453389830508475,0.4673362796303806,0.9999999999999996,0.6481481481481478,0.3225806451612905,0.33333333333333326
0.32499999999999973,0.4444444444444444,0.33333333333333326,0.10648148148148147,0.5714285714285714,1.0,0.9999999999999999,0.3876255524306984,0.8355263157894739,0.7777777777777776,0.403225806451613,0.0
0.3749999999999998,0.37037037037037035,0.8541666666666665,0.45370370370370366,0.4999999999999999,0.7515923566878981,0.47669491525423724,0.5341904379268811,0.07236842105263186,0.4444444444444443,0.17741935483870974,0.5
0.19999999999999996,0.4444444444444444,0.8541666666666665,0.5,0.2500000000000001,0.29299363057324845,0.3114406779661017,0.46090799517879333,0.5592105263157898,0.4999999999999999,0.403225806451613,0.5
0.32499999999999973,0.6419753086419754,0.3124999999999999,0.8217592592592593,0.625,0.39490445859872614,0.6970338983050848,0.7919646444355308,0.414473684210527,0.722222222222222,0.20967741935483875,0.33333333333333326
0.34999999999999987,0.6666666666666666,0.33333333333333326,0.824074074074074,0.6428571428571428,0.3312101910828026,0.6885593220338982,0.7938931297709999,0.4276315789473686,0.7407407407407406,0.20967741935483875,0.5
0.6249999999999998,0.691358024691358,1.0,0.3009259259259259,0.3214285714285715,0.5859872611464969,0.701271186440678,0.48919244676577733,0.44078947368421106,0.7407407407407406,0.4193548387096775,0.5
0.07499999999999996,0.41975308641975306,0.5624999999999999,0.032407407407407406,0.3571428571428572,0.4840764331210191,0.2478813559322034,0.12792286058657965,0.5592105263157898,0.7777777777777776,0.6612903225806452,0.6666666666666665
0.17500000000000004,0.19753086419753085,0.35416666666666663,0.04166666666666667,0.3035714285714286,0.42038216560509556,0.3411016949152542,0.2346323824829284,0.8223684210526323,0.9999999999999999,0.6451612903225807,0.5
0.3999999999999999,0.2716049382716049,0.5416666666666665,0.44444444444444436,0.4999999999999999,0.4840764331210191,0.3665254237288136,0.5920449979911595,0.46710526315789513,0.5185185185185184,0.27419354838709675,0.5
0.44999999999999973,0.5185185185185185,1.0,0.07407407407407408,0.2142857142857144,0.24203821656050956,0.3072033898305085,0.1857774206508651,0.414473684210527,0.4814814814814813,0.709677419354839,0.5
0.2999999999999998,0.7407407407407407,0.35416666666666663,0.13425925925925924,0.3571428571428572,0.4585987261146497,0.3877118644067797,0.10349537967055511,0.4934210526315792,0.4629629629629628,0.903225806451613,0.6666666666666665
0.4249999999999998,0.2962962962962963,0.5416666666666665,0.1527777777777778,0.4464285714285715,0.3184713375796179,0.510593220338983,0.2513459220570553,0.23026315789473717,0.574074074074074,0.6129032258064517,0.5
0.44999999999999973,0.22222222222222227,0.35416666666666663,0.3148148148148148,0.6607142857142856,0.5477707006369427,0.4597457627118644,0.43519485737244423,0.46710526315789513,0.2777777777777777,0.3225806451612905,0.5
0.34999999999999987,0.1728395061728395,0.375,0.4814814814814814,0.3571428571428572,0.5605095541401274,0.4088983050847458,0.5727601446364119,0.414473684210527,0.29629629629629617,0.17741935483870974,0.5
0.27500000000000013,0.9876543209876543,0.4374999999999999,0.04166666666666667,0.3928571428571429,0.21656050955414013,0.2478813559322034,0.22241864202490547,0.8750000000000004,0.37037037037037024,0.6290322580645162,0.6666666666666665
0.125,0.7901234567901234,0.33333333333333326,0.1527777777777778,0.2857142857142858,0.5477707006369427,0.4682203389830508,0.23206106870229348,0.664473684210527,0.6666666666666664,0.6048387096774195,0.6666666666666665
0.27500000000000013,0.4444444444444444,0.4166666666666665,0.2222222222222222,0.5535714285714285,0.40764331210191085,0.4088983050847458,0.32977099236642005,0.5723684210526323,0.35185185185185175,0.5483870967741937,0.5
0.10000000000000009,0.5432098765432098,0.5208333333333333,0.04166666666666667,0.4107142857142857,0.20382165605095542,0.3241525423728814,0.14849337083165892,0.9934210526315792,0.4814814814814813,0.806451612903226,0.8333333333333333
0.3999999999999999,0.5925925925925926,0.33333333333333326,0.20370370370370366,0.7142857142857142,0.3312101910828026,0.5021186440677966,0.2957010847730004,0.6118421052631589,0.5185185185185184,0.709677419354839,0.8333333333333333
0.44999999999999973,0.2716049382716049,0.33333333333333326,0.027777777777777776,0.6607142857142856,0.40764331210191085,0.684322033898305,0.41205303334673005,0.6513157894736845,0.37037037037037024,0.22580645161290325,0.6666666666666665
0.4999999999999998,0.4691358024691358,0.4374999999999999,0.5740740740740741,0.5714285714285714,0.8535031847133758,0.5953389830508474,0.6389714744877537,0.46710526315789513,0.5185185185185184,0.25806451612903225,0.5
0.3999999999999999,0.49382716049382724,0.7499999999999999,0.3703703703703703,0.75,0.5732484076433121,0.8622881355932204,0.6061872237846515,0.46710526315789513,0.5370370370370369,0.17741935483870974,0.33333333333333326
0.10000000000000009,0.32098765432098764,0.45833333333333326,0.050925925925925916,0.5892857142857143,0.1910828025477707,0.17584745762711862,0.15556448372840492,0.5723684210526323,0.2777777777777777,0.6451612903225807,0.6666666666666665
0.5749999999999997,0.3950617283950617,0.5208333333333333,0.027777777777777776,0.5357142857142857,0.05095541401273886,0.47669491525423724,0.2706307754118171,0.46710526315789513,0.4444444444444443,0.5161290322580645,0.16666666666666663
0.050000000000000044,0.4691358024691358,0.6458333333333333,0.027777777777777776,1.0,0.5095541401273885,0.44279661016949157,0.3169144234632455,0.6776315789473686,0.4629629629629628,0.33870967741935476,0.5
0.25,0.4691358024691358,0.6458333333333333,0.027777777777777776,1.0,0.5732484076433121,0.4682203389830508,0.3047006830052297,0.4276315789473686,0.4259259259259258,0.370967741935484,0.5
0.27500000000000013,0.4691358024691358,0.47916666666666663,0.06481481481481481,0.3392857142857144,0.3694267515923567,0.3495762711864407,0.1549216552832462,0.46710526315789513,0.6296296296296297,0.6935483870967745,0.5
0.25,0.5802469135802469,0.20833333333333323,0.8703703703703702,0.2857142857142858,0.3312101910828026,0.3665254237288136,0.6383286460426021,0.21710526315789558,0.33333333333333326,0.41129032258064524,0.5
0.2999999999999998,1.0,0.0,0.009259259259259259,0.3928571428571429,0.356687898089172,0.3199152542372881,0.2063479308959444,0.3881578947368429,0.33333333333333326,0.467741935483871,0.16666666666666663
0.25,0.5432098765432098,0.0,0.26388888888888884,0.4821428571428572,0.43312101910828027,0.5021186440677966,0.43133788670149187,0.45394736842105265,0.4814814814814813,0.27419354838709675,0.33333333333333326
0.19999999999999996,0.5432098765432098,0.020833333333333287,0.2685185185185185,0.4999999999999999,0.40764331210191085,0.5190677966101694,0.43133788670149187,0.44078947368421106,0.4814814814814813,0.2903225806451615,0.33333333333333326
0.47499999999999987,0.5432098765432098,0.8541666666666665,0.5324074074074073,0.5357142857142857,0.4585987261146497,0.4555084745762712,0.6614704700683021,0.3092105263157898,0.574074074074074,0.14516129032258074,0.5
0.3999999999999999,0.5679012345679012,0.45833333333333326,0.5694444444444444,0.5357142857142857,0.6751592356687899,0.5995762711864406,0.5367617517075232,0.28289473684210575,0.685185185185185,0.35483870967741926,0.33333333333333326
0.5249999999999999,0.41975308641975306,0.4166666666666665,0.08333333333333333,0.4107142857142857,0.3312101910828026,0.23940677966101692,0.24234632382483312,0.2697368421052633,0.2592592592592592,0.596774193548387,0.6666666666666665
0.0,0.5925925925925926,0.6249999999999999,0.17129629629629628,0.2678571428571429,0.3694267515923567,0.4555084745762712,0.12406588991563439,0.861842105263158,0.2592592592592592,0.774193548387097,0.8333333333333333
0.0,0.3580246913580247,0.6458333333333333,0.16666666666666669,0.2678571428571429,0.3439490445859873,0.4173728813559322,0.12149457613499237,0.9999999999999996,0.2592592592592592,0.774193548387097,0.8333333333333333
0.17500000000000004,1.0,0.4999999999999999,0.050925925925925916,0.3928571428571429,0.28025477707006374,0.4173728813559322,0.030212936922460187,0.45394736842105265,0.31481481481481477,0.895161290322581,0.5
0.34999999999999987,0.5432098765432098,0.6874999999999999,0.07407407407407408,0.375,0.3312101910828026,0.4597457627118644,0.19220570510245238,0.4276315789473686,0.29629629629629617,0.5806451612903225,0.5
0.0,1.0,0.0,0.1296296296296296,0.375,0.267515923566879,0.48516949152542377,0.1735636801928493,0.9539473684210527,0.9999999999999999,0.935483870967742,0.5
0.2999999999999998,0.5679012345679012,0.47916666666666663,0.3148148148148148,1.0,0.5732484076433121,0.5911016949152542,0.5200482121333891,0.5065789473684217,0.5185185185185184,0.22580645161290325,0.5
0.2999999999999998,0.5925925925925926,0.4374999999999999,0.3101851851851851,1.0,0.5605095541401274,0.5911016949152542,0.5194053836882375,0.4934210526315792,0.4999999999999999,0.22580645161290325,0.33333333333333326
0.3999999999999999,0.06172839506172839,0.4166666666666665,0.023148148148148154,0.3571428571428572,0.535031847133758,0.510593220338983,0.2770590598633973,0.4802631578947376,0.611111111111111,0.435483870967742,0.6666666666666665
0.2250000000000001,0.6172839506172839,0.47916666666666663,0.037037037037037035,0.4999999999999999,0.3312101910828026,0.3114406779661017,0.1664925672961033,0.664473684210527,0.5185185185185184,0.6935483870967745,0.5
0.27500000000000013,0.5925925925925926,0.20833333333333323,0.6435185185185185,0.4821428571428572,0.445859872611465,0.4046610169491525,0.6254720771394133,0.46710526315789513,0.38888888888888873,0.370967741935484,0.33333333333333326
0.34999999999999987,0.4444444444444444,0.2291666666666666,0.34259259259259256,0.5714285714285714,0.42038216560509556,0.3877118644067797,0.4718360787464846,0.4013157894736845,0.37037037037037024,0.3870967741935485,0.5
0.2999999999999998,0.2962962962962963,0.4999999999999999,0.023148148148148154,0.4285714285714286,0.5477707006369427,0.451271186440678,0.2185616713539602,0.664473684210527,0.4259259259259258,0.5806451612903225,0.6666666666666665
0.25,0.49382716049382724,0.5208333333333333,0.07407407407407408,0.3928571428571429,0.28025477707006374,0.4470338983050848,0.17677782241864293,0.7302631578947376,0.20370370370370372,0.774193548387097,0.8333333333333333
0.3999999999999999,0.5679012345679012,0.8541666666666665,0.2407407407407407,0.4107142857142857,0.5095541401273885,0.3877118644067797,0.3072719967858646,0.4934210526315792,0.574074074074074,0.6290322580645162,0.6666666666666665
0.2999999999999998,0.6666666666666666,0.7708333333333333,0.013888888888888888,0.3214285714285715,0.089171974522293,0.1927966101694915,0.1433507432703891,0.5723684210526323,0.2407407407407406,0.6612903225806452,0.16666666666666663
0.07499999999999996,0.4444444444444444,0.5208333333333333,0.2685185185185185,0.3392857142857144,0.30573248407643316,0.336864406779661,0.4744073925271266,0.5592105263157898,0.35185185185185175,0.19354838709677402,0.5
0.44999999999999973,0.49382716049382724,0.0,0.47685185185185186,0.6428571428571428,0.445859872611465,0.47245762711864403,0.5496183206106977,0.164473684210527,0.7407407407407406,0.24193548387096775,0.5
0.2999999999999998,0.22222222222222227,0.4374999999999999,0.3101851851851851,0.4285714285714286,0.4713375796178344,0.3580508474576271,0.3477701888308573,0.13815789473684248,0.6481481481481478,0.4838709677419355,0.5
0.6249999999999998,0.6666666666666666,1.0,0.35648148148148145,0.6785714285714285,0.10191082802547771,0.3411016949152542,0.5650462032945072,0.5065789473684217,0.5185185185185184,0.467741935483871,0.33333333333333326
0.2999999999999998,0.4444444444444444,0.3124999999999999,0.032407407407407406,0.6785714285714285,0.8152866242038217,0.5529661016949152,0.3400562474889526,0.5328947368421058,0.7407407407407406,0.3870967741935485,0.5
0.15000000000000013,0.728395061728395,0.6458333333333333,0.12499999999999999,0.6964285714285714,0.3439490445859873,0.5402542372881356,0.4956207312173646,0.8092105263157898,0.5555555555555555,0.17741935483870974,0.33333333333333326
0.5499999999999998,0.22222222222222227,0.6874999999999999,0.018518518518518517,1.0,0.21656050955414013,0.21822033898305082,0.2519887505022069,0.6776315789473686,0.7407407407407406,0.5483870967741937,0.5
0.07499999999999996,0.4444444444444444,0.4999999999999999,0.023148148148148154,0.2142857142857144,0.5605095541401274,0.3961864406779661,0.15106468461229383,0.7171052631578951,0.38888888888888873,0.5483870967741937,0.6666666666666665
0.25,0.691358024691358,0.8541666666666665,0.018518518518518517,1.0,0.7770700636942676,0.6716101694915254,0.3220570510245082,0.3881578947368429,0.4259259259259258,0.27419354838709675,0.33333333333333326
0.2250000000000001,0.7901234567901234,0.5416666666666665,0.20833333333333331,0.1964285714285715,0.1910828025477707,0.3961864406779661,0.21920449979911893,0.4934210526315792,0.8333333333333331,0.709677419354839,0.5
0.34999999999999987,1.0,0.0,0.12037037037037036,0.4642857142857143,0.20382165605095542,0.4258474576271186,0.20249096022499202,0.5197368421052642,0.9999999999999999,0.9193548387096775,0.6666666666666665
0.32499999999999973,0.8148148148148147,0.2291666666666666,0.5555555555555555,0.3035714285714286,0.6624203821656052,0.4936440677966102,0.5174768983527613,0.13815789473684248,0.38888888888888873,0.4193548387096775,0.5
0.25,0.7530864197530864,0.33333333333333326,0.14351851851851855,0.2857142857142858,0.4585987261146497,0.43432203389830504,0.2680594616311822,0.5197368421052642,0.759259259259259,0.5161290322580645,0.5
0.2999999999999998,0.4691358024691358,0.6458333333333333,0.050925925925925916,0.10714285714285732,0.20382165605095542,0.2648305084745763,0.12792286058657965,0.5723684210526323,0.9999999999999999,0.8279569892473067,0.5
0.5499999999999998,0.3950617283950617,0.7916666666666665,0.032407407407407406,0.4999999999999999,0.20382165605095542,0.47245762711864403,0.298915226998794,0.5065789473684217,0.4259259259259258,0.4838709677419355,0.5
0.4999999999999998,0.37037037037037035,0.8124999999999998,0.04166666666666667,0.375,0.42038216560509556,0.6165254237288136,0.28991562876657184,0.4934210526315792,0.4259259259259258,0.5322580645161292,0.5
0.4249999999999998,0.49382716049382724,0.5208333333333333,0.18518518518518517,0.6964285714285714,0.25477707006369427,0.4682203389830508,0.3098433105664924,0.5197368421052642,0.4444444444444443,0.6451612903225807,0.6666666666666665
0.3999999999999999,0.37037037037037035,0.5416666666666665,0.44907407407407407,0.4821428571428572,0.6624203821656052,0.510593220338983,0.6164724789072054,0.5592105263157898,0.4629629629629628,0.19354838709677402,0.33333333333333326
0.2999999999999998,0.6419753086419754,0.4166666666666665,0.2546296296296296,0.5535714285714285,0.3439490445859873,0.48516949152542377,0.48276416231418295,0.8881578947368429,0.6481481481481478,0.435483870967742,0.5
0.47499999999999987,0.345679012345679,0.4999999999999999,0.027777777777777776,0.375,0.43312101910828027,0.2817796610169491,0.2230614704700713,0.3881578947368429,0.9999999999999997,0.5483870967741937,0.5
0.2999999999999998,0.5925925925925926,0.4999999999999999,0.4305555555555555,0.3035714285714286,0.25477707006369427,0.298728813559322,0.35162715950180967,0.3881578947368429,0.38888888888888873,0.6612903225806452,0.6666666666666665
0.25,0.5185185185185185,0.375,0.046296296296296294,0.8392857142857142,0.1910828025477707,0.510593220338983,0.2744877460827695,0.5592105263157898,0.2407407407407406,0.5,0.5
0.25,0.7407407407407407,0.35416666666666663,0.023148148148148154,0.7678571428571428,0.22929936305732485,0.510593220338983,0.35998392928887313,0.6118421052631589,0.38888888888888873,0.27419354838709675,0.5
0.27500000000000013,0.5925925925925926,0.35416666666666663,0.04166666666666667,0.75,0.1910828025477707,0.5148305084745762,0.29505825632784877,0.5723684210526323,0.2592592592592592,0.435483870967742,0.33333333333333326
0.19999999999999996,0.6172839506172839,0.39583333333333326,0.027777777777777776,0.2857142857142858,0.39490445859872614,0.3283898305084746,0.26677380474086476,0.9013157894736854,0.6666666666666664,0.467741935483871,0.5
0.27500000000000013,0.7160493827160493,0.4374999999999999,0.04166666666666667,0.3214285714285715,0.42038216560509556,0.3199152542372881,0.17677782241864293,0.7302631578947376,0.6296296296296297,0.6451612903225807,0.6666666666666665
0.19999999999999996,0.5308641975308641,0.35416666666666663,0.023148148148148154,0.3571428571428572,0.4840764331210191,0.3495762711864407,0.284773001205302,0.8750000000000004,0.6296296296296297,0.4193548387096775,0.5
0.47499999999999987,1.0,0.5624999999999999,0.5046296296296295,1.0,0.20382165605095542,0.3072033898305085,0.5984732824427468,0.4013157894736845,0.4999999999999999,0.25806451612903225,0.33333333333333326
0.4249999999999998,0.49382716049382724,0.6041666666666665,0.3333333333333333,0.2857142857142858,0.6624203821656052,0.8326271186440678,0.284773001205302,0.29605263157894735,0.37037037037037024,0.8225806451612905,0.5
0.125,0.4814814814814815,0.3124999999999999,0.3148148148148148,0.4107142857142857,0.3312101910828026,0.4004237288135593,0.3869827239855397,0.7565789473684217,0.5370370370370369,0.4838709677419355,0.5
0.10000000000000009,0.8024691358024691,0.12499999999999992,0.039351851851851846,0.4107142857142857,0.10191082802547771,0.1038135593220339,0.26613097629569893,0.9407894736842111,0.33333333333333326,0.5806451612903225,0.16666666666666663
0.4999999999999998,0.6419753086419754,0.5624999999999999,0.38425925925925924,0.2500000000000001,0.535031847133758,0.4597457627118644,0.3901968662113333,0.6250000000000004,0.2407407407407406,0.6370967741935483,0.6666666666666665
0.2250000000000001,0.345679012345679,0.33333333333333326,0.023148148148148154,0.625,1.0,0.6588983050847458,0.24941743672157912,0.8355263157894739,0.7407407407407406,0.5,0.5
0.34999999999999987,0.49382716049382724,0.9999999999999998,0.018518518518518517,0.4999999999999999,0.6114649681528663,0.3072033898305085,0.18834873443150002,0.4802631578947376,0.2592592592592592,0.5645161290322582,0.5
0.19999999999999996,0.6419753086419754,0.33333333333333326,0.08796296296296295,0.5535714285714285,0.5732484076433121,0.6885593220338982,0.24556046605062676,0.5328947368421058,0.33333333333333326,0.5322580645161292,0.33333333333333326
0.0,0.5185185185185185,0.29166666666666663,0.023148148148148154,0.5178571428571428,0.4585987261146497,0.6800847457627118,0.13692245881880183,0.6250000000000004,0.2222222222222222,0.6290322580645162,0.5
0.44999999999999973,0.7407407407407407,0.4166666666666665,0.08333333333333333,1.0,0.1656050955414013,0.3114406779661017,0.4017677782241904,0.4934210526315792,0.7037037037037034,0.24193548387096775,0.33333333333333326
0.07499999999999996,0.5432098765432098,0.4374999999999999,0.07870370370370369,0.5892857142857143,0.4840764331210191,0.5529661016949152,0.14977902772197638,0.6381578947368429,0.4444444444444443,0.6774193548387097,0.5
0.0,1.0,0.0,0.20833333333333331,0.4107142857142857,0.6369426751592357,0.3283898305084746,0.1999196464443571,0.7960526315789482,0.33333333333333326,0.6774193548387097,0.6666666666666665
0.5499999999999998,0.691358024691358,0.5416666666666665,0.08796296296296295,0.5892857142857143,0.8280254777070064,0.5995762711864406,0.2796303736440393,0.3223684210526314,0.6296296296296297,0.5,0.5
0.3999999999999999,0.6172839506172839,0.7291666666666665,0.38425925925925924,0.7142857142857142,0.6369426751592357,0.6122881355932204,0.49947770188830987,0.3881578947368429,0.4814814814814813,0.25806451612903225,0.33333333333333326
0.34999999999999987,0.37037037037037035,0.6041666666666665,0.046296296296296294,0.5178571428571428,0.12738853503184716,0.3961864406779661,0.298915226998794,0.6513157894736845,0.9444444444444441,0.5483870967741937,0.33333333333333326
0.10000000000000009,0.41975308641975306,0.29166666666666663,0.037037037037037035,0.5714285714285714,0.22929936305732485,0.2436440677966102,0.18642024909602384,0.6776315789473686,0.7407407407407406,0.5483870967741937,0.33333333333333326
0.34999999999999987,0.6666666666666666,0.4166666666666665,0.1527777777777778,0.4642857142857143,0.25477707006369427,0.2521186440677966,0.18899156287665875,0.3881578947368429,0.685185185185185,0.6559139784946291,0.5
0.5749999999999997,0.37037037037037035,0.6249999999999999,0.6064814814814814,0.7678571428571428,0.30573248407643316,0.646186440677966,0.6711128967456901,0.12500000000000044,0.4444444444444443,0.16129032258064524,0.5
0.6749999999999998,0.7407407407407407,0.4999999999999999,0.3981481481481481,0.4999999999999999,0.21656050955414013,0.4088983050847458,0.47119325030133297,0.36184210526315885,0.37037037037037024,0.5483870967741937,0.5
0.3999999999999999,0.6666666666666666,0.8749999999999998,0.3333333333333333,0.7142857142857142,0.6496815286624205,0.6673728813559322,0.5084773001205392,0.414473684210527,0.4259259259259258,0.25806451612903225,0.33333333333333326
0.2999999999999998,0.8641975308641974,0.5208333333333333,0.324074074074074,0.5357142857142857,0.29299363057324845,0.4173728813559322,0.3284853354760955,0.29605263157894735,0.2777777777777777,0.4838709677419355,0.5
0.2999999999999998,1.0,0.4999999999999999,0.32870370370370366,0.5535714285714285,0.28025477707006374,0.4216101694915254,0.32977099236642005,0.3092105263157898,0.29629629629629617,0.4838709677419355,0.5
0.17500000000000004,0.5679012345679012,0.4166666666666665,0.11111111111111112,0.2142857142857144,0.178343949044586,0.3495762711864407,0.22884692647649985,0.5592105263157898,0.6296296296296297,0.5161290322580645,0.5
0.27500000000000013,0.345679012345679,0.4374999999999999,0.032407407407407406,0.6607142857142856,0.5095541401273885,0.2817796610169491,0.2301325833668173,0.664473684210527,0.4629629629629628,0.5725806451612905,0.5
0.34999999999999987,0.691358024691358,0.47916666666666663,0.15740740740740738,0.375,0.535031847133758,0.3072033898305085,0.14463640016070656,0.5197368421052642,0.5185185185185184,0.8548387096774195,0.6666666666666665
0.2999999999999998,0.8148148148148147,0.29166666666666663,0.023148148148148154,0.9107142857142856,0.25477707006369427,0.5444915254237288,0.3567697870630795,0.6513157894736845,0.4629629629629628,0.2634408602150531,0.33333333333333326
0.34999999999999987,0.6790123456790123,0.5416666666666665,0.06481481481481481,0.5535714285714285,0.3694267515923567,0.3199152542372881,0.07135395741261874,0.3355263157894739,0.4444444444444443,0.903225806451613,0.5
0.2250000000000001,0.8148148148148147,0.24999999999999992,0.060185185185185175,0.5892857142857143,0.356687898089172,0.3919491525423729,0.2744877460827695,0.6381578947368429,0.611111111111111,0.5161290322580645,0.5
0.125,1.0,0.5208333333333333,0.037037037037037035,0.2857142857142858,0.012738853503184717,0.1716101694915254,0.09192446765769091,0.6118421052631589,0.29629629629629617,0.806451612903226,0.5
0.25,0.37037037037037035,0.45833333333333326,0.18055555555555552,0.5535714285714285,0.5095541401273885,0.44279661016949157,0.3940538368822857,0.664473684210527,0.7777777777777776,0.4516129032258067,0.5
0.44999999999999973,0.3950617283950617,0.4999999999999999,0.43981481481481477,0.3035714285714286,0.07643312101910829,0.260593220338983,0.5881880273202214,0.5065789473684217,0.5370370370370369,0.2903225806451615,0.5
0.32499999999999973,0.5925925925925926,0.39583333333333326,0.27777777777777773,0.10714285714285732,0.3439490445859873,0.47669491525423724,0.30662916834069875,0.45394736842105265,0.2592592592592592,0.5564516129032258,0.6666666666666665
0.050000000000000044,0.2962962962962963,0.6458333333333333,0.060185185185185175,1.6653345369377348e-16,0.22929936305732485,0.3326271186440678,0.1664925672961033,0.7434210526315792,0.611111111111111,0.6532258064516132,0.5
0.2999999999999998,0.8395061728395061,0.6666666666666665,0.5462962962962963,0.3035714285714286,0.6114649681528663,0.6758474576271186,0.5856167135395864,0.44078947368421106,0.7037037037037034,0.27419354838709675,0.33333333333333326
0.2250000000000001,0.32098765432098764,0.47916666666666663,0.046296296296296294,0.2678571428571429,0.39490445859872614,0.43432203389830504,0.21406187223784912,0.6907894736842111,0.5555555555555555,0.6290322580645162,0.5
0.19999999999999996,0.2962962962962963,0.5624999999999999,0.08796296296296295,0.5892857142857143,0.178343949044586,0.4470338983050848,0.36705504218562623,0.9013157894736854,0.4999999999999999,0.3225806451612905,0.5
0.6499999999999999,0.345679012345679,0.35416666666666663,0.027777777777777776,0.3571428571428572,0.20382165605095542,0.3283898305084746,0.3432703897147533,0.414473684210527,0.35185185185185175,0.27419354838709675,0.5
0.34999999999999987,0.7407407407407407,0.6874999999999999,0.08796296296296295,0.4107142857142857,0.40764331210191085,0.413135593220339,0.2706307754118171,0.7302631578947376,0.685185185185185,0.5806451612903225,0.6666666666666665
0.27500000000000013,1.0,0.0,0.009259259259259259,0.3035714285714286,0.12738853503184716,0.2648305084745763,0.36962635596625404,0.5855263157894739,0.2592592592592592,0.12903225806451624,0.33333333333333326
0.34999999999999987,1.0,0.0,0.013888888888888888,0.3571428571428572,0.05095541401273886,0.260593220338983,0.3361992768180002,0.5723684210526323,0.2407407407407406,0.24193548387096775,0.16666666666666663
0.44999999999999973,0.6419753086419754,0.6458333333333333,0.34722222222222215,0.5535714285714285,0.8407643312101911,0.6377118644067796,0.5033346725592693,0.45394736842105265,0.5185185185185184,0.24731182795698858,0.5
0.050000000000000044,0.382716049382716,0.375,0.5162037037037036,0.2678571428571429,0.40764331210191085,0.4173728813559322,0.5329047810365637,0.3486842105263164,0.5185185185185184,0.22580645161290325,0.5
0.17500000000000004,0.5925925925925926,0.08333333333333329,0.032407407407407406,0.3928571428571429,0.5477707006369427,0.5783898305084746,0.30405785456007095,0.5986842105263164,0.29629629629629617,0.435483870967742,0.33333333333333326
0.025000000000000133,0.9629629629629628,0.1666666666666666,0.060185185185185175,0.3571428571428572,0.7388535031847134,0.5444915254237288,0.16263559662515092,0.6118421052631589,0.2407407407407406,0.5645161290322582,0.5
0.4249999999999998,0.6172839506172839,0.6041666666666665,0.35648148148148145,0.5892857142857143,0.8407643312101911,0.6546610169491526,0.5020490156689519,0.44078947368421106,0.5185185185185184,0.25806451612903225,0.33333333333333326
0.44999999999999973,0.6419753086419754,0.6458333333333333,0.34722222222222215,0.5535714285714285,0.8407643312101911,0.6377118644067796,0.5033346725592693,0.45394736842105265,0.5185185185185184,0.2500000000000002,0.5
0.34999999999999987,0.32098765432098764,0.39583333333333326,0.2361111111111111,0.23214285714285726,0.5477707006369427,0.43008474576271183,0.2937725994375313,0.5328947368421058,0.9999999999999999,0.6693548387096775,0.6666666666666665
0.34999999999999987,0.8148148148148147,0.27083333333333326,0.060185185185185175,0.14285714285714296,0.03821656050955414,0.15466101694915255,0.13949377259944384,0.3092105263157898,0.9999999999999999,0.806451612903226,0.6666666666666665
0.4999999999999998,0.345679012345679,0.5624999999999999,0.027777777777777776,0.6607142857142856,0.4585987261146497,0.4555084745762712,0.39791080755323804,0.3092105263157898,0.5925925925925924,0.19354838709677402,0.33333333333333326
0.025000000000000133,0.382716049382716,0.375,0.5162037037037036,0.2678571428571429,0.40764331210191085,0.4173728813559322,0.5329047810365637,0.3486842105263164,0.5185185185185184,0.22580645161290325,0.5
0.32499999999999973,0.6419753086419754,0.4166666666666665,0.07407407407407408,0.375,0.29299363057324845,0.3411016949152542,0.14592205705103112,0.3355263157894739,0.40740740740740733,0.6129032258064517,0.5
0.2250000000000001,0.32098765432098764,0.47916666666666663,0.013888888888888888,0.4107142857142857,0.4585987261146497,0.43008474576271183,0.23334672559260383,0.5723684210526323,0.4444444444444443,0.4193548387096775,0.5
0.4249999999999998,0.37037037037037035,0.6041666666666665,0.032407407407407406,0.3035714285714286,0.3439490445859873,0.3919491525423729,0.37734029730815877,0.6381578947368429,0.5925925925925924,0.27419354838709675,0.33333333333333326
0.34999999999999987,0.32098765432098764,0.4166666666666665,0.046296296296296294,0.4285714285714286,0.28025477707006374,0.3072033898305085,0.25905986339896003,0.6118421052631589,0.5185185185185184,0.5161290322580645,0.5
0.44999999999999973,0.5925925925925926,0.5624999999999999,0.34259259259259256,0.5714285714285714,0.7006369426751593,0.6292372881355932,0.5007633587786344,0.45394736842105265,0.4444444444444443,0.25806451612903225,0.33333333333333326
0.4249999999999998,0.3950617283950617,0.20833333333333323,0.027777777777777776,0.4642857142857143,0.356687898089172,0.3877118644067797,0.34905584572117476,0.24342105263157965,0.4444444444444443,0.22580645161290325,0.5
0.17500000000000004,0.5185185185185185,0.4374999999999999,0.023148148148148154,0.1250000000000001,0.22929936305732485,0.3834745762711864,0.10156689433507182,0.7039473684210527,0.29629629629629617,0.774193548387097,0.6666666666666665
0.2999999999999998,0.32098765432098764,0.6041666666666665,0.009259259259259259,0.08928571428571447,0.25477707006369427,0.3326271186440678,0.1478505423865002,0.5986842105263164,0.18518518518518512,0.6129032258064517,0.5
